CREATE DATABASE  IF NOT EXISTS `spotify` /*!40100 DEFAULT CHARACTER SET utf8 */;
USE `spotify`;
-- MySQL dump 10.13  Distrib 8.0.31, for macos12 (x86_64)
--
-- Host: 127.0.0.1    Database: spotify
-- ------------------------------------------------------
-- Server version	5.7.41

/*!40101 SET @OLD_CHARACTER_SET_CLIENT=@@CHARACTER_SET_CLIENT */;
/*!40101 SET @OLD_CHARACTER_SET_RESULTS=@@CHARACTER_SET_RESULTS */;
/*!40101 SET @OLD_COLLATION_CONNECTION=@@COLLATION_CONNECTION */;
/*!50503 SET NAMES utf8 */;
/*!40103 SET @OLD_TIME_ZONE=@@TIME_ZONE */;
/*!40103 SET TIME_ZONE='+00:00' */;
/*!40014 SET @OLD_UNIQUE_CHECKS=@@UNIQUE_CHECKS, UNIQUE_CHECKS=0 */;
/*!40014 SET @OLD_FOREIGN_KEY_CHECKS=@@FOREIGN_KEY_CHECKS, FOREIGN_KEY_CHECKS=0 */;
/*!40101 SET @OLD_SQL_MODE=@@SQL_MODE, SQL_MODE='NO_AUTO_VALUE_ON_ZERO' */;
/*!40111 SET @OLD_SQL_NOTES=@@SQL_NOTES, SQL_NOTES=0 */;

--
-- Table structure for table `activa`
--

DROP TABLE IF EXISTS `activa`;
/*!40101 SET @saved_cs_client     = @@character_set_client */;
/*!50503 SET character_set_client = utf8mb4 */;
CREATE TABLE `activa` (
  `es_compartida` tinyint(1) NOT NULL,
  `playlist_id` int(10) unsigned NOT NULL,
  PRIMARY KEY (`playlist_id`),
  KEY `fk_activa_playlist1_idx` (`playlist_id`),
  CONSTRAINT `fk_activa_playlist1` FOREIGN KEY (`playlist_id`) REFERENCES `playlist` (`id`) ON DELETE NO ACTION ON UPDATE NO ACTION
) ENGINE=InnoDB DEFAULT CHARSET=utf8;
/*!40101 SET character_set_client = @saved_cs_client */;

--
-- Dumping data for table `activa`
--

LOCK TABLES `activa` WRITE;
/*!40000 ALTER TABLE `activa` DISABLE KEYS */;
INSERT INTO `activa` VALUES (0,101),(0,102),(0,103),(0,104),(0,105),(0,106),(0,107),(0,108),(0,109),(0,110),(0,111),(0,112),(0,113),(0,114),(0,115),(0,116),(0,117),(0,118),(0,119),(0,120),(0,121),(0,122),(0,123),(0,124),(0,125),(0,126),(0,127),(0,128),(0,129),(0,130),(0,131),(0,132),(0,133),(0,134),(0,135),(0,136),(0,137),(0,138),(0,139),(0,140),(0,141),(0,142),(0,143),(0,144),(0,145),(0,146),(0,147),(0,148),(0,149),(0,150),(0,151),(0,152),(0,153),(0,154),(0,155),(0,156),(0,157),(0,158),(0,159),(0,160),(0,161),(0,162),(0,163),(0,164),(0,165),(0,166),(0,167),(0,168),(0,169),(0,170),(0,171),(0,172),(0,173),(0,174),(0,175),(0,176),(0,177),(0,178),(0,179),(0,180),(0,181),(0,182),(0,183),(0,184),(0,185),(0,186),(0,187),(0,188),(0,189),(0,190),(0,191),(0,192),(0,193),(0,194),(0,195),(0,196),(0,197),(0,198),(0,199),(0,200),(0,201),(0,202),(0,203),(0,204),(0,205),(0,206),(0,207),(0,208),(0,209),(0,210),(0,211),(0,212),(0,213),(0,214),(0,215),(0,216),(0,217),(0,218),(0,219),(0,220),(0,221),(0,222),(0,223),(0,224),(0,225),(0,226),(0,227),(0,228),(0,229),(0,230),(0,231),(0,232),(0,233),(0,234),(0,235),(0,236),(0,237),(0,238),(0,239),(0,240),(0,241),(0,242),(0,243),(0,244),(0,245),(0,246),(0,247),(0,248),(0,249),(0,250),(0,251),(0,252),(0,253),(0,254),(0,255),(0,256),(0,257),(0,258),(0,259),(0,260),(0,261),(0,262),(0,263),(0,264),(0,265),(0,266),(0,267),(0,268),(0,269),(0,270),(0,271),(0,272),(0,273),(0,274),(0,275),(0,276),(0,277),(0,278),(0,279),(0,280),(0,281),(0,282),(0,283),(0,284),(0,285),(0,286),(0,287),(0,288),(0,289),(0,290),(0,291),(0,292),(0,293),(0,294),(0,295),(0,296),(0,297),(0,298),(0,299),(0,300),(0,301),(0,302),(0,303),(0,304),(0,305),(0,306),(0,307),(0,308),(0,309),(0,310),(0,311),(0,312),(0,313),(0,314),(0,315),(0,316),(0,317),(0,318),(0,319),(0,320),(0,321),(0,322),(0,323),(0,324),(0,325),(0,326),(0,327),(0,328),(0,329),(0,330),(0,331),(0,332),(0,333),(0,334),(0,335),(0,336),(0,337),(0,338),(0,339),(0,340),(0,341),(0,342),(0,343),(0,344),(0,345),(0,346),(0,347),(0,348),(0,349),(0,350),(0,351),(0,352),(0,353),(0,354),(0,355),(0,356),(0,357),(0,358),(0,359),(0,360),(0,361),(0,362),(0,363),(0,364),(0,365),(0,366),(0,367),(0,368),(0,369),(0,370),(0,371),(0,372),(0,373),(0,374),(0,375),(0,376),(0,377),(0,378),(0,379),(0,380),(0,381),(0,382),(0,383),(0,384),(0,385),(0,386),(0,387),(0,388),(0,389),(0,390),(0,391),(0,392),(0,393),(0,394),(0,395),(0,396),(0,397),(0,398),(0,399),(0,400),(0,401),(0,402),(0,403),(0,404),(0,405),(0,406),(0,407),(0,408),(0,409),(0,410),(0,411),(0,412),(0,413),(0,414),(0,415),(0,416),(0,417),(0,418),(0,419),(0,420),(0,421),(0,422),(0,423),(0,424),(0,425),(0,426),(0,427),(0,428),(0,429),(0,430),(0,431),(0,432),(0,433),(0,434),(0,435),(0,436),(0,437),(0,438),(0,439),(0,440),(0,441),(0,442),(0,443),(0,444),(0,445),(0,446),(0,447),(0,448),(0,449),(0,450),(0,451),(0,452),(0,453),(0,454),(0,455),(0,456),(0,457),(0,458),(0,459),(0,460),(0,461),(0,462),(0,463),(0,464),(0,465),(0,466),(0,467),(0,468),(0,469),(0,470),(0,471),(0,472),(0,473),(0,474),(0,475),(0,476),(0,477),(0,478),(0,479),(0,480),(0,481),(0,482),(0,483),(0,484),(0,485),(0,486),(0,487),(0,488),(0,489),(0,490),(0,491),(0,492),(0,493),(0,494),(0,495),(0,496),(0,497),(0,498),(0,499),(0,500),(0,501),(0,502),(0,503),(0,504),(0,505),(0,506),(0,507),(0,508),(0,509),(0,510),(0,511),(0,512),(0,513),(0,514),(0,515),(0,516),(0,517),(0,518),(0,519),(0,520),(0,521),(0,522),(0,523),(0,524),(0,525),(0,526),(0,527),(0,528),(0,529),(0,530),(0,531),(0,532),(0,533),(0,534),(0,535),(0,536),(0,537),(0,538),(0,539),(0,540),(0,541),(0,542),(0,543),(0,544),(0,545),(0,546),(0,547),(0,548),(0,549),(0,550),(0,551),(0,552),(0,553),(0,554),(0,555),(0,556),(0,557),(0,558),(0,559),(0,560),(0,561),(0,562),(0,563),(0,564),(0,565),(0,566),(0,567),(0,568),(0,569),(0,570),(0,571),(0,572),(0,573),(0,574),(0,575),(0,576),(0,577),(0,578),(0,579),(0,580),(0,581),(0,582),(0,583),(0,584),(0,585),(0,586),(0,587),(0,588),(0,589),(0,590),(0,591),(0,592),(0,593),(0,594),(0,595),(0,596),(0,597),(0,598),(0,599),(0,600);
/*!40000 ALTER TABLE `activa` ENABLE KEYS */;
UNLOCK TABLES;

--
-- Table structure for table `album`
--

DROP TABLE IF EXISTS `album`;
/*!40101 SET @saved_cs_client     = @@character_set_client */;
/*!50503 SET character_set_client = utf8mb4 */;
CREATE TABLE `album` (
  `id` int(10) unsigned NOT NULL AUTO_INCREMENT,
  `titulo` varchar(100) NOT NULL,
  `imagen` varchar(255) NOT NULL,
  `patrocinado` tinyint(1) NOT NULL,
  `fecha_inicio_patrocinio` date DEFAULT NULL,
  `fecha_fin_patrocinio` date DEFAULT NULL,
  `artista_id` int(10) unsigned DEFAULT NULL,
  `anyo` datetime DEFAULT NULL,
  PRIMARY KEY (`id`),
  KEY `fk_album_artista1_idx` (`artista_id`),
  KEY `titulo_idx` (`titulo`),
  KEY `patrocinado_idx` (`patrocinado`),
  KEY `anyo_idx` (`anyo`),
  CONSTRAINT `FK_39986E43AEB0CF13` FOREIGN KEY (`artista_id`) REFERENCES `artista` (`id`)
) ENGINE=InnoDB AUTO_INCREMENT=27 DEFAULT CHARSET=utf8;
/*!40101 SET character_set_client = @saved_cs_client */;

--
-- Dumping data for table `album`
--

LOCK TABLES `album` WRITE;
/*!40000 ALTER TABLE `album` DISABLE KEYS */;
INSERT INTO `album` VALUES (1,'MOTOMAMI','/img/albums/motomami.png',0,'2022-03-15','2022-12-31',1,'2022-01-01 00:00:00'),(2,'El Mal Querer','/img/albums/el-mal-querer.png',0,NULL,NULL,1,'2018-01-01 00:00:00'),(3,'El Madrileño','/img/albums/el-madrilenyo.png',0,NULL,NULL,2,'2021-01-01 00:00:00'),(4,'Avida Dollars','/img/albums/avida-dollars.png',0,NULL,NULL,2,'2018-01-01 00:00:00'),(5,'Sanz','/img/albums/sanz.png',0,NULL,NULL,30,'2021-01-01 00:00:00'),(6,'#LAGIRA de #ELDISCO','/img/albums/la-gira-el-disco.png',0,NULL,NULL,30,'2019-01-01 00:00:00'),(7,'JOSE','/img/albums/jose.png',0,NULL,NULL,38,'2021-01-01 00:00:00'),(8,'Colores','/img/albums/colores.png',0,NULL,NULL,38,'2020-01-01 00:00:00'),(9,'Dharma','/img/albums/dharma.png',0,'2022-03-15','2022-12-31',60,'2022-01-01 00:00:00'),(10,'MANTRA','/img/albums/mantra.png',0,NULL,NULL,60,'2018-01-01 00:00:00'),(11,'PAPI JUANCHO','/img/albums/papi-juancho.png',0,NULL,NULL,86,'2020-01-01 00:00:00'),(12,'11:11','/img/albums/11-11.png',0,NULL,NULL,86,'2020-01-01 00:00:00'),(13,'YHLQMDLG','/img/albums/yhlqmdlg.png',0,NULL,NULL,57,'2020-01-01 00:00:00'),(14,'EL ÚLTIMO TOUR DEL MUNDO','/img/albums/el-ultimo-tour-del-mundo.png',0,NULL,NULL,57,'2020-01-01 00:00:00'),(15,'Nevermind','/img/albums/nevermind.png',0,NULL,NULL,108,'1991-01-01 00:00:00'),(16,'X Anniversarivm','/img/albums/x-anniversarivm.png',0,NULL,NULL,109,'2009-01-01 00:00:00'),(17,'Estopa','/img/albums/estopa.png',0,NULL,NULL,109,'1999-01-01 00:00:00'),(18,'Furor','/img/albums/furor.png',0,NULL,NULL,133,'2018-01-01 00:00:00'),(19,'TIM','/img/albums/tim.png',0,NULL,NULL,134,'2019-01-01 00:00:00'),(20,'Stories','/img/albums/stories.png',0,NULL,NULL,134,'2015-01-01 00:00:00'),(21,'The Motto','/img/albums/the-motto.png',0,NULL,NULL,143,'2021-01-01 00:00:00'),(22,'Don\'t Be Shy','/img/albums/dont-be-shy.png',0,NULL,NULL,143,'2021-01-01 00:00:00'),(23,'The Bussiness','/img/albums/the-bussiness.png',0,NULL,NULL,143,'2020-01-01 00:00:00'),(24,'Impronta','/img/albums/impronta.png',0,NULL,NULL,145,'2013-01-01 00:00:00'),(25,'V.E.H.N. (Viaje épico hacia la nada)','/img/albums/vehn.png',0,NULL,NULL,146,'2021-01-01 00:00:00'),(26,'El gran truco final','/img/albums/el-gran-truco-final.png',0,NULL,NULL,146,'2018-01-01 00:00:00');
/*!40000 ALTER TABLE `album` ENABLE KEYS */;
UNLOCK TABLES;

--
-- Table structure for table `anyade_cancion_playlist`
--

DROP TABLE IF EXISTS `anyade_cancion_playlist`;
/*!40101 SET @saved_cs_client     = @@character_set_client */;
/*!50503 SET character_set_client = utf8mb4 */;
CREATE TABLE `anyade_cancion_playlist` (
  `playlist_id` int(10) unsigned NOT NULL,
  `cancion_id` int(10) unsigned NOT NULL,
  `usuario_id` int(10) unsigned NOT NULL,
  `fecha_anyadida` datetime NOT NULL,
  PRIMARY KEY (`playlist_id`,`usuario_id`,`cancion_id`),
  KEY `fk_anyade_cancion_playlist_cancion1_idx` (`cancion_id`),
  KEY `fk_anyade_cancion_playlist_playlist1_idx` (`playlist_id`),
  KEY `fk_anyade_cancion_playlist_usuario1_idx` (`usuario_id`),
  KEY `fecha_anyadida` (`fecha_anyadida`),
  CONSTRAINT `FK_BD857FF9B1D840F` FOREIGN KEY (`cancion_id`) REFERENCES `cancion` (`id`),
  CONSTRAINT `FK_BD857FFDB38439E` FOREIGN KEY (`usuario_id`) REFERENCES `usuario` (`id`),
  CONSTRAINT `fk_anyade_cancion_playlist_playlist1` FOREIGN KEY (`playlist_id`) REFERENCES `playlist` (`id`) ON DELETE NO ACTION ON UPDATE NO ACTION
) ENGINE=InnoDB DEFAULT CHARSET=utf8;
/*!40101 SET character_set_client = @saved_cs_client */;

--
-- Dumping data for table `anyade_cancion_playlist`
--

LOCK TABLES `anyade_cancion_playlist` WRITE;
/*!40000 ALTER TABLE `anyade_cancion_playlist` DISABLE KEYS */;
INSERT INTO `anyade_cancion_playlist` VALUES (112,277,11,'2021-02-01 00:00:00'),(193,309,11,'2021-02-01 00:00:00'),(206,97,46,'2021-02-01 00:00:00'),(212,330,17,'2021-02-01 00:00:00'),(253,90,33,'2021-02-01 00:00:00'),(261,337,20,'2021-02-01 00:00:00'),(262,118,90,'2021-02-01 00:00:00'),(282,232,8,'2021-02-01 00:00:00'),(319,332,76,'2021-02-01 00:00:00'),(403,222,97,'2021-02-01 00:00:00'),(436,178,91,'2021-02-01 00:00:00'),(456,272,2,'2021-02-01 00:00:00'),(467,358,21,'2021-02-01 00:00:00'),(475,160,90,'2021-02-01 00:00:00'),(490,15,93,'2021-02-01 00:00:00'),(514,94,75,'2021-02-01 00:00:00'),(516,174,44,'2021-02-01 00:00:00'),(522,257,91,'2021-02-01 00:00:00'),(542,193,74,'2021-02-01 00:00:00'),(544,246,100,'2021-02-01 00:00:00'),(554,168,54,'2021-02-01 00:00:00'),(565,337,94,'2021-02-01 00:00:00'),(593,68,57,'2021-02-01 00:00:00'),(116,259,95,'2021-02-02 00:00:00'),(126,294,68,'2021-02-02 00:00:00'),(136,133,8,'2021-02-02 00:00:00'),(157,286,39,'2021-02-02 00:00:00'),(158,210,97,'2021-02-02 00:00:00'),(168,60,32,'2021-02-02 00:00:00'),(263,8,20,'2021-02-02 00:00:00'),(310,279,10,'2021-02-02 00:00:00'),(356,202,34,'2021-02-02 00:00:00'),(366,90,92,'2021-02-02 00:00:00'),(381,286,92,'2021-02-02 00:00:00'),(387,103,95,'2021-02-02 00:00:00'),(450,41,2,'2021-02-02 00:00:00'),(462,136,93,'2021-02-02 00:00:00'),(477,14,15,'2021-02-02 00:00:00'),(477,152,40,'2021-02-02 00:00:00'),(492,220,55,'2021-02-02 00:00:00'),(505,33,40,'2021-02-02 00:00:00'),(518,153,13,'2021-02-02 00:00:00'),(569,36,47,'2021-02-02 00:00:00'),(580,198,4,'2021-02-02 00:00:00'),(593,161,65,'2021-02-02 00:00:00'),(111,172,74,'2021-02-03 00:00:00'),(168,77,45,'2021-02-03 00:00:00'),(173,14,40,'2021-02-03 00:00:00'),(183,172,22,'2021-02-03 00:00:00'),(202,109,98,'2021-02-03 00:00:00'),(217,221,35,'2021-02-03 00:00:00'),(220,293,39,'2021-02-03 00:00:00'),(235,215,22,'2021-02-03 00:00:00'),(243,160,95,'2021-02-03 00:00:00'),(317,232,21,'2021-02-03 00:00:00'),(335,274,52,'2021-02-03 00:00:00'),(379,113,32,'2021-02-03 00:00:00'),(388,260,77,'2021-02-03 00:00:00'),(429,169,80,'2021-02-03 00:00:00'),(509,301,4,'2021-02-03 00:00:00'),(520,243,96,'2021-02-03 00:00:00'),(558,330,14,'2021-02-03 00:00:00'),(598,118,99,'2021-02-03 00:00:00'),(115,247,20,'2021-02-04 00:00:00'),(136,25,10,'2021-02-04 00:00:00'),(158,157,50,'2021-02-04 00:00:00'),(160,252,98,'2021-02-04 00:00:00'),(161,133,10,'2021-02-04 00:00:00'),(189,359,68,'2021-02-04 00:00:00'),(191,7,20,'2021-02-04 00:00:00'),(248,189,43,'2021-02-04 00:00:00'),(256,238,19,'2021-02-04 00:00:00'),(288,199,77,'2021-02-04 00:00:00'),(290,45,21,'2021-02-04 00:00:00'),(323,30,58,'2021-02-04 00:00:00'),(327,167,88,'2021-02-04 00:00:00'),(340,19,4,'2021-02-04 00:00:00'),(346,203,84,'2021-02-04 00:00:00'),(356,197,28,'2021-02-04 00:00:00'),(360,141,90,'2021-02-04 00:00:00'),(371,283,83,'2021-02-04 00:00:00'),(402,115,70,'2021-02-04 00:00:00'),(460,99,61,'2021-02-04 00:00:00'),(462,311,53,'2021-02-04 00:00:00'),(471,292,6,'2021-02-04 00:00:00'),(501,27,57,'2021-02-04 00:00:00'),(514,330,72,'2021-02-04 00:00:00'),(115,266,48,'2021-02-05 00:00:00'),(130,164,84,'2021-02-05 00:00:00'),(130,106,94,'2021-02-05 00:00:00'),(161,79,54,'2021-02-05 00:00:00'),(188,208,96,'2021-02-05 00:00:00'),(202,45,42,'2021-02-05 00:00:00'),(247,250,41,'2021-02-05 00:00:00'),(252,69,95,'2021-02-05 00:00:00'),(285,347,68,'2021-02-05 00:00:00'),(300,83,3,'2021-02-05 00:00:00'),(343,341,41,'2021-02-05 00:00:00'),(363,111,44,'2021-02-05 00:00:00'),(371,296,13,'2021-02-05 00:00:00'),(377,194,22,'2021-02-05 00:00:00'),(387,358,85,'2021-02-05 00:00:00'),(403,117,21,'2021-02-05 00:00:00'),(415,70,21,'2021-02-05 00:00:00'),(419,358,11,'2021-02-05 00:00:00'),(434,46,64,'2021-02-05 00:00:00'),(473,285,72,'2021-02-05 00:00:00'),(490,303,32,'2021-02-05 00:00:00'),(503,260,51,'2021-02-05 00:00:00'),(540,204,46,'2021-02-05 00:00:00'),(580,342,85,'2021-02-05 00:00:00'),(169,78,32,'2021-02-06 00:00:00'),(188,20,62,'2021-02-06 00:00:00'),(208,335,70,'2021-02-06 00:00:00'),(214,162,80,'2021-02-06 00:00:00'),(284,147,17,'2021-02-06 00:00:00'),(303,285,65,'2021-02-06 00:00:00'),(307,25,46,'2021-02-06 00:00:00'),(310,167,1,'2021-02-06 00:00:00'),(312,191,51,'2021-02-06 00:00:00'),(336,265,98,'2021-02-06 00:00:00'),(344,258,72,'2021-02-06 00:00:00'),(350,348,53,'2021-02-06 00:00:00'),(374,239,33,'2021-02-06 00:00:00'),(375,160,92,'2021-02-06 00:00:00'),(406,357,91,'2021-02-06 00:00:00'),(435,348,70,'2021-02-06 00:00:00'),(437,89,80,'2021-02-06 00:00:00'),(460,179,31,'2021-02-06 00:00:00'),(491,217,38,'2021-02-06 00:00:00'),(577,18,46,'2021-02-06 00:00:00'),(105,354,97,'2021-02-07 00:00:00'),(106,44,25,'2021-02-07 00:00:00'),(160,115,38,'2021-02-07 00:00:00'),(189,215,18,'2021-02-07 00:00:00'),(247,214,34,'2021-02-07 00:00:00'),(265,304,73,'2021-02-07 00:00:00'),(265,236,81,'2021-02-07 00:00:00'),(270,45,97,'2021-02-07 00:00:00'),(303,92,18,'2021-02-07 00:00:00'),(303,241,27,'2021-02-07 00:00:00'),(333,287,61,'2021-02-07 00:00:00'),(373,203,29,'2021-02-07 00:00:00'),(385,40,16,'2021-02-07 00:00:00'),(385,27,17,'2021-02-07 00:00:00'),(395,13,20,'2021-02-07 00:00:00'),(398,80,72,'2021-02-07 00:00:00'),(443,263,57,'2021-02-07 00:00:00'),(451,9,36,'2021-02-07 00:00:00'),(465,96,55,'2021-02-07 00:00:00'),(478,210,25,'2021-02-07 00:00:00'),(502,204,91,'2021-02-07 00:00:00'),(527,205,44,'2021-02-07 00:00:00'),(541,15,88,'2021-02-07 00:00:00'),(552,103,33,'2021-02-07 00:00:00'),(556,184,9,'2021-02-07 00:00:00'),(597,331,6,'2021-02-07 00:00:00'),(155,352,40,'2021-02-08 00:00:00'),(165,103,47,'2021-02-08 00:00:00'),(172,322,12,'2021-02-08 00:00:00'),(179,280,54,'2021-02-08 00:00:00'),(191,348,9,'2021-02-08 00:00:00'),(228,328,22,'2021-02-08 00:00:00'),(249,104,89,'2021-02-08 00:00:00'),(258,283,3,'2021-02-08 00:00:00'),(283,21,54,'2021-02-08 00:00:00'),(299,277,84,'2021-02-08 00:00:00'),(364,132,99,'2021-02-08 00:00:00'),(378,274,5,'2021-02-08 00:00:00'),(390,148,22,'2021-02-08 00:00:00'),(402,48,34,'2021-02-08 00:00:00'),(407,158,100,'2021-02-08 00:00:00'),(418,199,82,'2021-02-08 00:00:00'),(439,358,47,'2021-02-08 00:00:00'),(446,17,99,'2021-02-08 00:00:00'),(452,331,55,'2021-02-08 00:00:00'),(457,138,41,'2021-02-08 00:00:00'),(496,214,1,'2021-02-08 00:00:00'),(501,288,88,'2021-02-08 00:00:00'),(509,50,50,'2021-02-08 00:00:00'),(516,288,6,'2021-02-08 00:00:00'),(523,173,38,'2021-02-08 00:00:00'),(533,167,38,'2021-02-08 00:00:00'),(549,339,76,'2021-02-08 00:00:00'),(572,115,41,'2021-02-08 00:00:00'),(589,15,83,'2021-02-08 00:00:00'),(110,88,52,'2021-02-09 00:00:00'),(119,139,36,'2021-02-09 00:00:00'),(131,96,56,'2021-02-09 00:00:00'),(157,121,75,'2021-02-09 00:00:00'),(174,299,16,'2021-02-09 00:00:00'),(187,242,65,'2021-02-09 00:00:00'),(208,268,90,'2021-02-09 00:00:00'),(274,163,87,'2021-02-09 00:00:00'),(361,35,59,'2021-02-09 00:00:00'),(374,126,12,'2021-02-09 00:00:00'),(402,54,30,'2021-02-09 00:00:00'),(440,187,79,'2021-02-09 00:00:00'),(461,92,92,'2021-02-09 00:00:00'),(463,301,75,'2021-02-09 00:00:00'),(504,19,33,'2021-02-09 00:00:00'),(538,99,15,'2021-02-09 00:00:00'),(557,335,57,'2021-02-09 00:00:00'),(568,340,89,'2021-02-09 00:00:00'),(115,287,77,'2021-02-10 00:00:00'),(169,331,39,'2021-02-10 00:00:00'),(207,165,65,'2021-02-10 00:00:00'),(214,94,1,'2021-02-10 00:00:00'),(218,60,90,'2021-02-10 00:00:00'),(225,342,7,'2021-02-10 00:00:00'),(243,144,58,'2021-02-10 00:00:00'),(252,264,2,'2021-02-10 00:00:00'),(259,64,84,'2021-02-10 00:00:00'),(261,204,87,'2021-02-10 00:00:00'),(314,13,13,'2021-02-10 00:00:00'),(330,291,99,'2021-02-10 00:00:00'),(342,198,73,'2021-02-10 00:00:00'),(343,138,27,'2021-02-10 00:00:00'),(394,91,61,'2021-02-10 00:00:00'),(417,186,26,'2021-02-10 00:00:00'),(419,308,91,'2021-02-10 00:00:00'),(454,308,75,'2021-02-10 00:00:00'),(519,138,42,'2021-02-10 00:00:00'),(525,39,97,'2021-02-10 00:00:00'),(566,283,97,'2021-02-10 00:00:00'),(118,281,38,'2021-02-11 00:00:00'),(119,41,31,'2021-02-11 00:00:00'),(129,282,32,'2021-02-11 00:00:00'),(133,251,79,'2021-02-11 00:00:00'),(176,26,10,'2021-02-11 00:00:00'),(231,160,56,'2021-02-11 00:00:00'),(236,203,26,'2021-02-11 00:00:00'),(243,356,96,'2021-02-11 00:00:00'),(264,20,83,'2021-02-11 00:00:00'),(278,329,88,'2021-02-11 00:00:00'),(316,206,1,'2021-02-11 00:00:00'),(328,187,40,'2021-02-11 00:00:00'),(329,307,91,'2021-02-11 00:00:00'),(365,147,65,'2021-02-11 00:00:00'),(383,39,55,'2021-02-11 00:00:00'),(394,73,64,'2021-02-11 00:00:00'),(400,19,33,'2021-02-11 00:00:00'),(424,71,69,'2021-02-11 00:00:00'),(485,258,48,'2021-02-11 00:00:00'),(492,193,24,'2021-02-11 00:00:00'),(527,352,96,'2021-02-11 00:00:00'),(532,2,21,'2021-02-11 00:00:00'),(536,290,9,'2021-02-11 00:00:00'),(541,136,14,'2021-02-11 00:00:00'),(561,303,18,'2021-02-11 00:00:00'),(108,275,45,'2021-02-12 00:00:00'),(109,247,41,'2021-02-12 00:00:00'),(140,255,67,'2021-02-12 00:00:00'),(142,167,82,'2021-02-12 00:00:00'),(157,41,67,'2021-02-12 00:00:00'),(228,218,73,'2021-02-12 00:00:00'),(243,44,43,'2021-02-12 00:00:00'),(254,299,35,'2021-02-12 00:00:00'),(282,78,32,'2021-02-12 00:00:00'),(288,284,50,'2021-02-12 00:00:00'),(375,60,53,'2021-02-12 00:00:00'),(376,334,85,'2021-02-12 00:00:00'),(397,182,69,'2021-02-12 00:00:00'),(401,60,29,'2021-02-12 00:00:00'),(425,198,54,'2021-02-12 00:00:00'),(439,136,51,'2021-02-12 00:00:00'),(493,292,21,'2021-02-12 00:00:00'),(137,57,3,'2021-02-13 00:00:00'),(161,107,90,'2021-02-13 00:00:00'),(167,182,33,'2021-02-13 00:00:00'),(192,240,17,'2021-02-13 00:00:00'),(217,16,1,'2021-02-13 00:00:00'),(225,35,37,'2021-02-13 00:00:00'),(228,174,35,'2021-02-13 00:00:00'),(238,148,7,'2021-02-13 00:00:00'),(287,208,32,'2021-02-13 00:00:00'),(326,61,56,'2021-02-13 00:00:00'),(330,322,15,'2021-02-13 00:00:00'),(369,126,78,'2021-02-13 00:00:00'),(398,36,46,'2021-02-13 00:00:00'),(414,83,67,'2021-02-13 00:00:00'),(416,8,10,'2021-02-13 00:00:00'),(424,323,59,'2021-02-13 00:00:00'),(428,308,10,'2021-02-13 00:00:00'),(433,61,36,'2021-02-13 00:00:00'),(517,263,67,'2021-02-13 00:00:00'),(544,111,7,'2021-02-13 00:00:00'),(545,241,46,'2021-02-13 00:00:00'),(550,131,60,'2021-02-13 00:00:00'),(576,287,22,'2021-02-13 00:00:00'),(578,357,54,'2021-02-13 00:00:00'),(116,158,86,'2021-02-14 00:00:00'),(117,95,29,'2021-02-14 00:00:00'),(124,252,60,'2021-02-14 00:00:00'),(149,163,62,'2021-02-14 00:00:00'),(188,158,46,'2021-02-14 00:00:00'),(229,27,82,'2021-02-14 00:00:00'),(233,159,21,'2021-02-14 00:00:00'),(239,17,83,'2021-02-14 00:00:00'),(277,270,93,'2021-02-14 00:00:00'),(295,85,40,'2021-02-14 00:00:00'),(320,33,1,'2021-02-14 00:00:00'),(346,358,29,'2021-02-14 00:00:00'),(350,113,7,'2021-02-14 00:00:00'),(372,237,38,'2021-02-14 00:00:00'),(437,33,53,'2021-02-14 00:00:00'),(450,153,26,'2021-02-14 00:00:00'),(458,255,30,'2021-02-14 00:00:00'),(482,274,69,'2021-02-14 00:00:00'),(564,24,8,'2021-02-14 00:00:00'),(588,293,27,'2021-02-14 00:00:00'),(590,223,16,'2021-02-14 00:00:00'),(140,341,2,'2021-02-15 00:00:00'),(179,24,58,'2021-02-15 00:00:00'),(209,258,63,'2021-02-15 00:00:00'),(251,106,74,'2021-02-15 00:00:00'),(304,31,76,'2021-02-15 00:00:00'),(308,34,71,'2021-02-15 00:00:00'),(340,265,45,'2021-02-15 00:00:00'),(394,328,34,'2021-02-15 00:00:00'),(485,326,82,'2021-02-15 00:00:00'),(515,152,10,'2021-02-15 00:00:00'),(515,347,61,'2021-02-15 00:00:00'),(537,191,40,'2021-02-15 00:00:00'),(549,110,6,'2021-02-15 00:00:00'),(582,29,29,'2021-02-15 00:00:00'),(584,341,76,'2021-02-15 00:00:00'),(586,157,48,'2021-02-15 00:00:00'),(116,346,49,'2021-02-16 00:00:00'),(120,109,72,'2021-02-16 00:00:00'),(125,228,23,'2021-02-16 00:00:00'),(134,248,17,'2021-02-16 00:00:00'),(139,169,2,'2021-02-16 00:00:00'),(174,95,49,'2021-02-16 00:00:00'),(208,184,20,'2021-02-16 00:00:00'),(220,81,26,'2021-02-16 00:00:00'),(220,331,77,'2021-02-16 00:00:00'),(224,139,90,'2021-02-16 00:00:00'),(229,11,22,'2021-02-16 00:00:00'),(254,266,2,'2021-02-16 00:00:00'),(275,130,46,'2021-02-16 00:00:00'),(316,198,34,'2021-02-16 00:00:00'),(327,347,47,'2021-02-16 00:00:00'),(328,49,69,'2021-02-16 00:00:00'),(329,228,61,'2021-02-16 00:00:00'),(415,212,21,'2021-02-16 00:00:00'),(458,123,30,'2021-02-16 00:00:00'),(512,129,41,'2021-02-16 00:00:00'),(533,152,37,'2021-02-16 00:00:00'),(561,258,25,'2021-02-16 00:00:00'),(575,19,49,'2021-02-16 00:00:00'),(118,131,99,'2021-02-17 00:00:00'),(138,28,50,'2021-02-17 00:00:00'),(174,119,73,'2021-02-17 00:00:00'),(197,71,60,'2021-02-17 00:00:00'),(199,55,11,'2021-02-17 00:00:00'),(221,336,63,'2021-02-17 00:00:00'),(231,350,59,'2021-02-17 00:00:00'),(282,270,74,'2021-02-17 00:00:00'),(286,291,8,'2021-02-17 00:00:00'),(297,224,32,'2021-02-17 00:00:00'),(326,189,71,'2021-02-17 00:00:00'),(355,20,75,'2021-02-17 00:00:00'),(419,245,57,'2021-02-17 00:00:00'),(422,4,61,'2021-02-17 00:00:00'),(522,337,9,'2021-02-17 00:00:00'),(540,298,10,'2021-02-17 00:00:00'),(558,215,30,'2021-02-17 00:00:00'),(558,257,56,'2021-02-17 00:00:00'),(581,117,28,'2021-02-17 00:00:00'),(585,3,12,'2021-02-17 00:00:00'),(597,161,70,'2021-02-17 00:00:00'),(597,63,85,'2021-02-17 00:00:00'),(110,337,62,'2021-02-18 00:00:00'),(190,162,68,'2021-02-18 00:00:00'),(220,308,41,'2021-02-18 00:00:00'),(235,224,78,'2021-02-18 00:00:00'),(258,263,68,'2021-02-18 00:00:00'),(273,276,52,'2021-02-18 00:00:00'),(317,163,14,'2021-02-18 00:00:00'),(332,20,67,'2021-02-18 00:00:00'),(340,170,31,'2021-02-18 00:00:00'),(346,247,78,'2021-02-18 00:00:00'),(353,285,93,'2021-02-18 00:00:00'),(364,50,94,'2021-02-18 00:00:00'),(368,11,8,'2021-02-18 00:00:00'),(461,205,30,'2021-02-18 00:00:00'),(465,272,9,'2021-02-18 00:00:00'),(495,103,75,'2021-02-18 00:00:00'),(500,317,35,'2021-02-18 00:00:00'),(505,27,86,'2021-02-18 00:00:00'),(551,112,50,'2021-02-18 00:00:00'),(553,30,89,'2021-02-18 00:00:00'),(573,242,86,'2021-02-18 00:00:00'),(101,286,1,'2021-02-19 00:00:00'),(109,160,35,'2021-02-19 00:00:00'),(131,252,29,'2021-02-19 00:00:00'),(150,318,78,'2021-02-19 00:00:00'),(187,1,5,'2021-02-19 00:00:00'),(197,118,40,'2021-02-19 00:00:00'),(284,2,75,'2021-02-19 00:00:00'),(289,100,70,'2021-02-19 00:00:00'),(380,37,4,'2021-02-19 00:00:00'),(387,36,68,'2021-02-19 00:00:00'),(405,293,93,'2021-02-19 00:00:00'),(442,268,49,'2021-02-19 00:00:00'),(461,25,78,'2021-02-19 00:00:00'),(469,202,38,'2021-02-19 00:00:00'),(470,28,98,'2021-02-19 00:00:00'),(477,166,47,'2021-02-19 00:00:00'),(489,27,1,'2021-02-19 00:00:00'),(495,35,82,'2021-02-19 00:00:00'),(499,121,11,'2021-02-19 00:00:00'),(515,73,11,'2021-02-19 00:00:00'),(521,319,81,'2021-02-19 00:00:00'),(538,75,36,'2021-02-19 00:00:00'),(559,209,70,'2021-02-19 00:00:00'),(568,115,41,'2021-02-19 00:00:00'),(582,347,25,'2021-02-19 00:00:00'),(113,226,23,'2021-02-20 00:00:00'),(115,145,89,'2021-02-20 00:00:00'),(147,242,56,'2021-02-20 00:00:00'),(152,260,7,'2021-02-20 00:00:00'),(176,150,98,'2021-02-20 00:00:00'),(184,45,94,'2021-02-20 00:00:00'),(189,180,94,'2021-02-20 00:00:00'),(215,193,83,'2021-02-20 00:00:00'),(225,11,77,'2021-02-20 00:00:00'),(234,267,8,'2021-02-20 00:00:00'),(269,156,42,'2021-02-20 00:00:00'),(271,148,86,'2021-02-20 00:00:00'),(311,353,14,'2021-02-20 00:00:00'),(321,52,62,'2021-02-20 00:00:00'),(332,44,72,'2021-02-20 00:00:00'),(351,40,85,'2021-02-20 00:00:00'),(356,147,92,'2021-02-20 00:00:00'),(360,171,36,'2021-02-20 00:00:00'),(368,20,68,'2021-02-20 00:00:00'),(443,31,47,'2021-02-20 00:00:00'),(453,351,96,'2021-02-20 00:00:00'),(473,165,32,'2021-02-20 00:00:00'),(485,211,73,'2021-02-20 00:00:00'),(522,47,39,'2021-02-20 00:00:00'),(569,322,30,'2021-02-20 00:00:00'),(107,46,85,'2021-02-21 00:00:00'),(195,271,69,'2021-02-21 00:00:00'),(208,49,3,'2021-02-21 00:00:00'),(212,153,26,'2021-02-21 00:00:00'),(213,55,98,'2021-02-21 00:00:00'),(225,65,15,'2021-02-21 00:00:00'),(233,209,50,'2021-02-21 00:00:00'),(261,7,91,'2021-02-21 00:00:00'),(290,96,15,'2021-02-21 00:00:00'),(290,95,60,'2021-02-21 00:00:00'),(297,47,16,'2021-02-21 00:00:00'),(301,258,22,'2021-02-21 00:00:00'),(309,173,35,'2021-02-21 00:00:00'),(382,196,88,'2021-02-21 00:00:00'),(409,49,72,'2021-02-21 00:00:00'),(413,95,1,'2021-02-21 00:00:00'),(427,8,30,'2021-02-21 00:00:00'),(430,332,2,'2021-02-21 00:00:00'),(470,133,45,'2021-02-21 00:00:00'),(489,72,21,'2021-02-21 00:00:00'),(516,37,43,'2021-02-21 00:00:00'),(529,44,61,'2021-02-21 00:00:00'),(532,95,43,'2021-02-21 00:00:00'),(562,322,34,'2021-02-21 00:00:00'),(569,184,78,'2021-02-21 00:00:00'),(573,126,30,'2021-02-21 00:00:00'),(150,231,80,'2021-02-22 00:00:00'),(161,304,44,'2021-02-22 00:00:00'),(178,97,2,'2021-02-22 00:00:00'),(182,271,96,'2021-02-22 00:00:00'),(233,222,95,'2021-02-22 00:00:00'),(250,53,42,'2021-02-22 00:00:00'),(255,301,33,'2021-02-22 00:00:00'),(257,272,67,'2021-02-22 00:00:00'),(328,131,21,'2021-02-22 00:00:00'),(330,263,29,'2021-02-22 00:00:00'),(353,54,44,'2021-02-22 00:00:00'),(365,195,32,'2021-02-22 00:00:00'),(368,320,82,'2021-02-22 00:00:00'),(396,240,10,'2021-02-22 00:00:00'),(416,279,19,'2021-02-22 00:00:00'),(467,139,24,'2021-02-22 00:00:00'),(479,285,18,'2021-02-22 00:00:00'),(482,256,74,'2021-02-22 00:00:00'),(530,132,31,'2021-02-22 00:00:00'),(580,228,17,'2021-02-22 00:00:00'),(119,32,100,'2021-02-23 00:00:00'),(133,20,37,'2021-02-23 00:00:00'),(215,89,94,'2021-02-23 00:00:00'),(225,58,64,'2021-02-23 00:00:00'),(282,215,21,'2021-02-23 00:00:00'),(333,41,97,'2021-02-23 00:00:00'),(374,269,59,'2021-02-23 00:00:00'),(393,185,70,'2021-02-23 00:00:00'),(423,127,96,'2021-02-23 00:00:00'),(459,174,67,'2021-02-23 00:00:00'),(479,340,58,'2021-02-23 00:00:00'),(492,44,82,'2021-02-23 00:00:00'),(501,300,87,'2021-02-23 00:00:00'),(522,217,45,'2021-02-23 00:00:00'),(105,101,11,'2021-02-24 00:00:00'),(105,351,65,'2021-02-24 00:00:00'),(136,293,44,'2021-02-24 00:00:00'),(149,38,49,'2021-02-24 00:00:00'),(173,134,72,'2021-02-24 00:00:00'),(201,92,14,'2021-02-24 00:00:00'),(213,216,92,'2021-02-24 00:00:00'),(233,177,15,'2021-02-24 00:00:00'),(240,216,7,'2021-02-24 00:00:00'),(245,233,63,'2021-02-24 00:00:00'),(290,25,29,'2021-02-24 00:00:00'),(301,358,100,'2021-02-24 00:00:00'),(328,295,68,'2021-02-24 00:00:00'),(330,113,91,'2021-02-24 00:00:00'),(390,359,15,'2021-02-24 00:00:00'),(440,143,58,'2021-02-24 00:00:00'),(466,3,49,'2021-02-24 00:00:00'),(478,281,2,'2021-02-24 00:00:00'),(527,167,19,'2021-02-24 00:00:00'),(528,20,50,'2021-02-24 00:00:00'),(549,223,5,'2021-02-24 00:00:00'),(576,118,72,'2021-02-24 00:00:00'),(583,345,55,'2021-02-24 00:00:00'),(138,273,80,'2021-02-25 00:00:00'),(155,298,93,'2021-02-25 00:00:00'),(163,132,45,'2021-02-25 00:00:00'),(169,32,11,'2021-02-25 00:00:00'),(172,347,71,'2021-02-25 00:00:00'),(176,129,81,'2021-02-25 00:00:00'),(200,126,77,'2021-02-25 00:00:00'),(217,332,96,'2021-02-25 00:00:00'),(237,192,87,'2021-02-25 00:00:00'),(292,17,5,'2021-02-25 00:00:00'),(317,283,81,'2021-02-25 00:00:00'),(328,262,93,'2021-02-25 00:00:00'),(426,210,95,'2021-02-25 00:00:00'),(440,256,3,'2021-02-25 00:00:00'),(476,200,92,'2021-02-25 00:00:00'),(488,33,59,'2021-02-25 00:00:00'),(492,3,26,'2021-02-25 00:00:00'),(536,52,61,'2021-02-25 00:00:00'),(570,209,18,'2021-02-25 00:00:00'),(101,47,46,'2021-02-26 00:00:00'),(115,290,34,'2021-02-26 00:00:00'),(167,11,43,'2021-02-26 00:00:00'),(193,38,90,'2021-02-26 00:00:00'),(221,4,62,'2021-02-26 00:00:00'),(228,139,86,'2021-02-26 00:00:00'),(246,100,45,'2021-02-26 00:00:00'),(249,254,31,'2021-02-26 00:00:00'),(256,197,91,'2021-02-26 00:00:00'),(266,158,45,'2021-02-26 00:00:00'),(280,104,27,'2021-02-26 00:00:00'),(281,260,29,'2021-02-26 00:00:00'),(305,65,60,'2021-02-26 00:00:00'),(309,10,11,'2021-02-26 00:00:00'),(336,119,55,'2021-02-26 00:00:00'),(372,5,21,'2021-02-26 00:00:00'),(378,146,11,'2021-02-26 00:00:00'),(378,355,32,'2021-02-26 00:00:00'),(418,265,91,'2021-02-26 00:00:00'),(451,28,55,'2021-02-26 00:00:00'),(453,183,25,'2021-02-26 00:00:00'),(483,75,57,'2021-02-26 00:00:00'),(518,117,38,'2021-02-26 00:00:00'),(534,253,88,'2021-02-26 00:00:00'),(538,317,85,'2021-02-26 00:00:00'),(110,121,15,'2021-02-27 00:00:00'),(125,10,74,'2021-02-27 00:00:00'),(181,165,24,'2021-02-27 00:00:00'),(182,165,15,'2021-02-27 00:00:00'),(199,82,81,'2021-02-27 00:00:00'),(210,209,59,'2021-02-27 00:00:00'),(222,217,48,'2021-02-27 00:00:00'),(252,261,77,'2021-02-27 00:00:00'),(259,101,41,'2021-02-27 00:00:00'),(302,225,41,'2021-02-27 00:00:00'),(303,273,77,'2021-02-27 00:00:00'),(317,71,29,'2021-02-27 00:00:00'),(323,126,37,'2021-02-27 00:00:00'),(353,335,32,'2021-02-27 00:00:00'),(381,160,78,'2021-02-27 00:00:00'),(385,345,3,'2021-02-27 00:00:00'),(412,107,86,'2021-02-27 00:00:00'),(425,78,37,'2021-02-27 00:00:00'),(457,42,2,'2021-02-27 00:00:00'),(466,348,47,'2021-02-27 00:00:00'),(478,143,60,'2021-02-27 00:00:00'),(489,133,73,'2021-02-27 00:00:00'),(510,168,39,'2021-02-27 00:00:00'),(517,54,32,'2021-02-27 00:00:00'),(532,318,40,'2021-02-27 00:00:00'),(592,197,56,'2021-02-27 00:00:00'),(600,141,5,'2021-02-27 00:00:00'),(135,263,92,'2021-02-28 00:00:00'),(156,113,47,'2021-02-28 00:00:00'),(188,13,2,'2021-02-28 00:00:00'),(200,316,2,'2021-02-28 00:00:00'),(202,145,96,'2021-02-28 00:00:00'),(233,148,71,'2021-02-28 00:00:00'),(250,160,78,'2021-02-28 00:00:00'),(255,104,43,'2021-02-28 00:00:00'),(262,328,30,'2021-02-28 00:00:00'),(278,116,69,'2021-02-28 00:00:00'),(304,146,57,'2021-02-28 00:00:00'),(343,89,85,'2021-02-28 00:00:00'),(411,115,34,'2021-02-28 00:00:00'),(445,332,22,'2021-02-28 00:00:00'),(459,115,82,'2021-02-28 00:00:00'),(471,17,28,'2021-02-28 00:00:00'),(481,329,74,'2021-02-28 00:00:00'),(505,174,86,'2021-02-28 00:00:00'),(580,69,72,'2021-02-28 00:00:00'),(106,140,29,'2021-03-01 00:00:00'),(150,14,91,'2021-03-01 00:00:00'),(157,106,21,'2021-03-01 00:00:00'),(157,297,70,'2021-03-01 00:00:00'),(196,218,33,'2021-03-01 00:00:00'),(210,339,97,'2021-03-01 00:00:00'),(245,238,57,'2021-03-01 00:00:00'),(255,158,67,'2021-03-01 00:00:00'),(270,263,33,'2021-03-01 00:00:00'),(295,283,62,'2021-03-01 00:00:00'),(328,76,83,'2021-03-01 00:00:00'),(383,144,24,'2021-03-01 00:00:00'),(390,139,81,'2021-03-01 00:00:00'),(404,256,85,'2021-03-01 00:00:00'),(443,235,40,'2021-03-01 00:00:00'),(447,348,30,'2021-03-01 00:00:00'),(492,329,87,'2021-03-01 00:00:00'),(536,181,26,'2021-03-01 00:00:00'),(568,195,3,'2021-03-01 00:00:00'),(573,173,90,'2021-03-01 00:00:00'),(575,314,47,'2021-03-01 00:00:00'),(591,161,76,'2021-03-01 00:00:00'),(109,15,81,'2021-03-02 00:00:00'),(110,82,51,'2021-03-02 00:00:00'),(156,343,20,'2021-03-02 00:00:00'),(189,9,87,'2021-03-02 00:00:00'),(191,44,36,'2021-03-02 00:00:00'),(218,317,30,'2021-03-02 00:00:00'),(218,308,53,'2021-03-02 00:00:00'),(270,48,8,'2021-03-02 00:00:00'),(283,12,63,'2021-03-02 00:00:00'),(286,3,9,'2021-03-02 00:00:00'),(373,282,50,'2021-03-02 00:00:00'),(466,344,99,'2021-03-02 00:00:00'),(469,237,55,'2021-03-02 00:00:00'),(489,36,68,'2021-03-02 00:00:00'),(489,182,91,'2021-03-02 00:00:00'),(523,264,35,'2021-03-02 00:00:00'),(115,205,27,'2021-03-03 00:00:00'),(117,70,75,'2021-03-03 00:00:00'),(120,214,1,'2021-03-03 00:00:00'),(172,129,95,'2021-03-03 00:00:00'),(206,152,54,'2021-03-03 00:00:00'),(212,51,92,'2021-03-03 00:00:00'),(219,29,24,'2021-03-03 00:00:00'),(233,38,77,'2021-03-03 00:00:00'),(247,24,88,'2021-03-03 00:00:00'),(279,128,24,'2021-03-03 00:00:00'),(385,167,74,'2021-03-03 00:00:00'),(412,21,38,'2021-03-03 00:00:00'),(419,12,99,'2021-03-03 00:00:00'),(453,155,37,'2021-03-03 00:00:00'),(455,138,27,'2021-03-03 00:00:00'),(464,278,53,'2021-03-03 00:00:00'),(484,206,36,'2021-03-03 00:00:00'),(485,108,9,'2021-03-03 00:00:00'),(544,50,71,'2021-03-03 00:00:00'),(550,12,81,'2021-03-03 00:00:00'),(558,97,1,'2021-03-03 00:00:00'),(561,356,23,'2021-03-03 00:00:00'),(569,345,13,'2021-03-03 00:00:00'),(584,246,4,'2021-03-03 00:00:00'),(121,292,89,'2021-03-04 00:00:00'),(133,162,24,'2021-03-04 00:00:00'),(144,331,6,'2021-03-04 00:00:00'),(144,28,23,'2021-03-04 00:00:00'),(177,42,6,'2021-03-04 00:00:00'),(192,11,77,'2021-03-04 00:00:00'),(248,202,46,'2021-03-04 00:00:00'),(368,324,79,'2021-03-04 00:00:00'),(387,15,37,'2021-03-04 00:00:00'),(434,119,13,'2021-03-04 00:00:00'),(456,18,53,'2021-03-04 00:00:00'),(472,90,19,'2021-03-04 00:00:00'),(480,76,46,'2021-03-04 00:00:00'),(573,134,95,'2021-03-04 00:00:00'),(104,133,70,'2021-03-05 00:00:00'),(116,120,25,'2021-03-05 00:00:00'),(130,317,7,'2021-03-05 00:00:00'),(164,254,63,'2021-03-05 00:00:00'),(186,103,86,'2021-03-05 00:00:00'),(207,282,46,'2021-03-05 00:00:00'),(223,32,14,'2021-03-05 00:00:00'),(227,129,46,'2021-03-05 00:00:00'),(247,28,63,'2021-03-05 00:00:00'),(248,139,94,'2021-03-05 00:00:00'),(251,47,42,'2021-03-05 00:00:00'),(255,138,35,'2021-03-05 00:00:00'),(256,89,76,'2021-03-05 00:00:00'),(271,15,86,'2021-03-05 00:00:00'),(317,298,91,'2021-03-05 00:00:00'),(379,18,24,'2021-03-05 00:00:00'),(406,310,51,'2021-03-05 00:00:00'),(415,35,33,'2021-03-05 00:00:00'),(422,110,7,'2021-03-05 00:00:00'),(447,231,18,'2021-03-05 00:00:00'),(472,297,69,'2021-03-05 00:00:00'),(480,103,62,'2021-03-05 00:00:00'),(486,336,43,'2021-03-05 00:00:00'),(500,331,33,'2021-03-05 00:00:00'),(526,358,4,'2021-03-05 00:00:00'),(149,33,60,'2021-03-06 00:00:00'),(190,158,31,'2021-03-06 00:00:00'),(207,45,62,'2021-03-06 00:00:00'),(207,21,79,'2021-03-06 00:00:00'),(229,206,71,'2021-03-06 00:00:00'),(254,227,2,'2021-03-06 00:00:00'),(283,76,34,'2021-03-06 00:00:00'),(310,216,25,'2021-03-06 00:00:00'),(314,52,7,'2021-03-06 00:00:00'),(324,42,64,'2021-03-06 00:00:00'),(339,134,93,'2021-03-06 00:00:00'),(342,86,35,'2021-03-06 00:00:00'),(345,80,44,'2021-03-06 00:00:00'),(366,111,66,'2021-03-06 00:00:00'),(378,271,44,'2021-03-06 00:00:00'),(397,255,40,'2021-03-06 00:00:00'),(460,175,32,'2021-03-06 00:00:00'),(473,203,95,'2021-03-06 00:00:00'),(517,335,62,'2021-03-06 00:00:00'),(159,25,11,'2021-03-07 00:00:00'),(191,358,65,'2021-03-07 00:00:00'),(205,257,39,'2021-03-07 00:00:00'),(217,261,53,'2021-03-07 00:00:00'),(235,57,91,'2021-03-07 00:00:00'),(245,308,72,'2021-03-07 00:00:00'),(248,351,15,'2021-03-07 00:00:00'),(254,21,76,'2021-03-07 00:00:00'),(255,236,57,'2021-03-07 00:00:00'),(266,346,74,'2021-03-07 00:00:00'),(269,359,5,'2021-03-07 00:00:00'),(313,117,79,'2021-03-07 00:00:00'),(325,128,89,'2021-03-07 00:00:00'),(362,336,72,'2021-03-07 00:00:00'),(382,126,100,'2021-03-07 00:00:00'),(386,133,64,'2021-03-07 00:00:00'),(388,170,22,'2021-03-07 00:00:00'),(405,262,28,'2021-03-07 00:00:00'),(439,212,43,'2021-03-07 00:00:00'),(490,50,12,'2021-03-07 00:00:00'),(496,118,61,'2021-03-07 00:00:00'),(511,231,15,'2021-03-07 00:00:00'),(523,237,24,'2021-03-07 00:00:00'),(527,263,99,'2021-03-07 00:00:00'),(564,77,32,'2021-03-07 00:00:00'),(585,83,81,'2021-03-07 00:00:00'),(101,40,65,'2021-03-08 00:00:00'),(163,7,31,'2021-03-08 00:00:00'),(174,259,57,'2021-03-08 00:00:00'),(176,37,32,'2021-03-08 00:00:00'),(200,195,66,'2021-03-08 00:00:00'),(204,220,52,'2021-03-08 00:00:00'),(211,249,1,'2021-03-08 00:00:00'),(214,161,19,'2021-03-08 00:00:00'),(216,220,69,'2021-03-08 00:00:00'),(257,8,25,'2021-03-08 00:00:00'),(273,131,27,'2021-03-08 00:00:00'),(293,98,92,'2021-03-08 00:00:00'),(297,46,11,'2021-03-08 00:00:00'),(305,202,1,'2021-03-08 00:00:00'),(307,344,52,'2021-03-08 00:00:00'),(376,215,52,'2021-03-08 00:00:00'),(391,55,8,'2021-03-08 00:00:00'),(396,141,71,'2021-03-08 00:00:00'),(405,63,78,'2021-03-08 00:00:00'),(465,316,69,'2021-03-08 00:00:00'),(492,211,29,'2021-03-08 00:00:00'),(517,67,62,'2021-03-08 00:00:00'),(548,172,70,'2021-03-08 00:00:00'),(552,275,24,'2021-03-08 00:00:00'),(576,281,12,'2021-03-08 00:00:00'),(591,185,6,'2021-03-08 00:00:00'),(165,233,76,'2021-03-09 00:00:00'),(186,86,35,'2021-03-09 00:00:00'),(188,107,69,'2021-03-09 00:00:00'),(270,275,5,'2021-03-09 00:00:00'),(300,280,80,'2021-03-09 00:00:00'),(314,210,65,'2021-03-09 00:00:00'),(332,3,74,'2021-03-09 00:00:00'),(366,98,52,'2021-03-09 00:00:00'),(372,304,16,'2021-03-09 00:00:00'),(378,113,81,'2021-03-09 00:00:00'),(387,354,91,'2021-03-09 00:00:00'),(413,283,52,'2021-03-09 00:00:00'),(415,329,34,'2021-03-09 00:00:00'),(431,238,34,'2021-03-09 00:00:00'),(432,55,94,'2021-03-09 00:00:00'),(438,33,54,'2021-03-09 00:00:00'),(441,83,39,'2021-03-09 00:00:00'),(457,56,60,'2021-03-09 00:00:00'),(485,97,56,'2021-03-09 00:00:00'),(488,69,44,'2021-03-09 00:00:00'),(503,270,27,'2021-03-09 00:00:00'),(503,357,44,'2021-03-09 00:00:00'),(507,96,41,'2021-03-09 00:00:00'),(540,324,100,'2021-03-09 00:00:00'),(543,342,54,'2021-03-09 00:00:00'),(544,22,22,'2021-03-09 00:00:00'),(598,43,88,'2021-03-09 00:00:00'),(141,115,25,'2021-03-10 00:00:00'),(144,350,27,'2021-03-10 00:00:00'),(210,288,72,'2021-03-10 00:00:00'),(271,100,42,'2021-03-10 00:00:00'),(276,83,81,'2021-03-10 00:00:00'),(277,128,99,'2021-03-10 00:00:00'),(299,334,79,'2021-03-10 00:00:00'),(304,154,78,'2021-03-10 00:00:00'),(308,352,9,'2021-03-10 00:00:00'),(328,359,45,'2021-03-10 00:00:00'),(363,210,53,'2021-03-10 00:00:00'),(372,78,88,'2021-03-10 00:00:00'),(441,146,97,'2021-03-10 00:00:00'),(451,206,70,'2021-03-10 00:00:00'),(455,61,20,'2021-03-10 00:00:00'),(541,317,11,'2021-03-10 00:00:00'),(544,97,59,'2021-03-10 00:00:00'),(558,93,46,'2021-03-10 00:00:00'),(570,340,84,'2021-03-10 00:00:00'),(579,2,16,'2021-03-10 00:00:00'),(110,4,19,'2021-03-11 00:00:00'),(157,11,12,'2021-03-11 00:00:00'),(174,118,38,'2021-03-11 00:00:00'),(229,355,39,'2021-03-11 00:00:00'),(256,248,98,'2021-03-11 00:00:00'),(307,78,29,'2021-03-11 00:00:00'),(310,41,99,'2021-03-11 00:00:00'),(311,287,21,'2021-03-11 00:00:00'),(318,322,39,'2021-03-11 00:00:00'),(371,148,1,'2021-03-11 00:00:00'),(412,310,41,'2021-03-11 00:00:00'),(420,317,99,'2021-03-11 00:00:00'),(446,125,64,'2021-03-11 00:00:00'),(466,116,61,'2021-03-11 00:00:00'),(539,203,49,'2021-03-11 00:00:00'),(542,82,7,'2021-03-11 00:00:00'),(549,137,45,'2021-03-11 00:00:00'),(598,109,95,'2021-03-11 00:00:00'),(600,220,57,'2021-03-11 00:00:00'),(103,286,49,'2021-03-12 00:00:00'),(158,139,32,'2021-03-12 00:00:00'),(167,323,35,'2021-03-12 00:00:00'),(168,276,23,'2021-03-12 00:00:00'),(178,269,17,'2021-03-12 00:00:00'),(207,19,13,'2021-03-12 00:00:00'),(281,329,70,'2021-03-12 00:00:00'),(287,140,2,'2021-03-12 00:00:00'),(316,140,74,'2021-03-12 00:00:00'),(408,197,76,'2021-03-12 00:00:00'),(409,17,36,'2021-03-12 00:00:00'),(414,343,61,'2021-03-12 00:00:00'),(416,340,49,'2021-03-12 00:00:00'),(462,229,98,'2021-03-12 00:00:00'),(518,247,91,'2021-03-12 00:00:00'),(538,97,52,'2021-03-12 00:00:00'),(542,16,12,'2021-03-12 00:00:00'),(123,316,64,'2021-03-13 00:00:00'),(140,245,83,'2021-03-13 00:00:00'),(155,354,77,'2021-03-13 00:00:00'),(184,78,36,'2021-03-13 00:00:00'),(228,111,14,'2021-03-13 00:00:00'),(259,176,63,'2021-03-13 00:00:00'),(271,318,47,'2021-03-13 00:00:00'),(295,202,48,'2021-03-13 00:00:00'),(312,90,96,'2021-03-13 00:00:00'),(337,309,75,'2021-03-13 00:00:00'),(351,301,10,'2021-03-13 00:00:00'),(369,343,98,'2021-03-13 00:00:00'),(397,97,97,'2021-03-13 00:00:00'),(418,46,36,'2021-03-13 00:00:00'),(516,3,14,'2021-03-13 00:00:00'),(524,211,54,'2021-03-13 00:00:00'),(547,229,38,'2021-03-13 00:00:00'),(563,154,9,'2021-03-13 00:00:00'),(569,46,71,'2021-03-13 00:00:00'),(583,81,92,'2021-03-13 00:00:00'),(592,173,49,'2021-03-13 00:00:00'),(600,31,77,'2021-03-13 00:00:00'),(105,291,78,'2021-03-14 00:00:00'),(106,251,33,'2021-03-14 00:00:00'),(126,143,2,'2021-03-14 00:00:00'),(144,231,58,'2021-03-14 00:00:00'),(163,267,36,'2021-03-14 00:00:00'),(164,245,31,'2021-03-14 00:00:00'),(179,338,73,'2021-03-14 00:00:00'),(189,219,60,'2021-03-14 00:00:00'),(192,191,24,'2021-03-14 00:00:00'),(198,80,87,'2021-03-14 00:00:00'),(226,167,40,'2021-03-14 00:00:00'),(242,329,96,'2021-03-14 00:00:00'),(274,157,77,'2021-03-14 00:00:00'),(299,187,74,'2021-03-14 00:00:00'),(300,138,91,'2021-03-14 00:00:00'),(306,345,67,'2021-03-14 00:00:00'),(308,274,77,'2021-03-14 00:00:00'),(313,229,81,'2021-03-14 00:00:00'),(333,72,97,'2021-03-14 00:00:00'),(375,84,35,'2021-03-14 00:00:00'),(430,242,4,'2021-03-14 00:00:00'),(461,329,64,'2021-03-14 00:00:00'),(487,227,1,'2021-03-14 00:00:00'),(517,341,29,'2021-03-14 00:00:00'),(533,167,100,'2021-03-14 00:00:00'),(541,264,83,'2021-03-14 00:00:00'),(554,186,94,'2021-03-14 00:00:00'),(563,249,89,'2021-03-14 00:00:00'),(156,114,47,'2021-03-15 00:00:00'),(170,137,12,'2021-03-15 00:00:00'),(192,338,26,'2021-03-15 00:00:00'),(218,207,18,'2021-03-15 00:00:00'),(219,129,81,'2021-03-15 00:00:00'),(238,64,54,'2021-03-15 00:00:00'),(253,247,48,'2021-03-15 00:00:00'),(265,249,82,'2021-03-15 00:00:00'),(288,159,34,'2021-03-15 00:00:00'),(316,80,9,'2021-03-15 00:00:00'),(340,207,89,'2021-03-15 00:00:00'),(341,256,3,'2021-03-15 00:00:00'),(366,205,63,'2021-03-15 00:00:00'),(368,279,18,'2021-03-15 00:00:00'),(383,273,49,'2021-03-15 00:00:00'),(450,197,61,'2021-03-15 00:00:00'),(465,157,8,'2021-03-15 00:00:00'),(486,330,51,'2021-03-15 00:00:00'),(539,122,1,'2021-03-15 00:00:00'),(539,89,90,'2021-03-15 00:00:00'),(568,187,30,'2021-03-15 00:00:00'),(584,273,32,'2021-03-15 00:00:00'),(122,180,20,'2021-03-16 00:00:00'),(127,26,22,'2021-03-16 00:00:00'),(152,347,53,'2021-03-16 00:00:00'),(157,102,72,'2021-03-16 00:00:00'),(157,33,91,'2021-03-16 00:00:00'),(174,9,55,'2021-03-16 00:00:00'),(357,193,48,'2021-03-16 00:00:00'),(381,132,9,'2021-03-16 00:00:00'),(425,238,1,'2021-03-16 00:00:00'),(440,220,16,'2021-03-16 00:00:00'),(451,141,20,'2021-03-16 00:00:00'),(456,353,71,'2021-03-16 00:00:00'),(465,292,39,'2021-03-16 00:00:00'),(479,126,54,'2021-03-16 00:00:00'),(548,116,1,'2021-03-16 00:00:00'),(558,284,88,'2021-03-16 00:00:00'),(576,257,22,'2021-03-16 00:00:00'),(122,259,76,'2021-03-17 00:00:00'),(127,77,92,'2021-03-17 00:00:00'),(128,344,38,'2021-03-17 00:00:00'),(135,331,98,'2021-03-17 00:00:00'),(172,32,56,'2021-03-17 00:00:00'),(180,4,28,'2021-03-17 00:00:00'),(190,229,63,'2021-03-17 00:00:00'),(269,279,69,'2021-03-17 00:00:00'),(284,84,69,'2021-03-17 00:00:00'),(284,78,98,'2021-03-17 00:00:00'),(310,126,57,'2021-03-17 00:00:00'),(358,110,62,'2021-03-17 00:00:00'),(424,19,83,'2021-03-17 00:00:00'),(456,264,12,'2021-03-17 00:00:00'),(473,147,45,'2021-03-17 00:00:00'),(481,294,13,'2021-03-17 00:00:00'),(491,98,6,'2021-03-17 00:00:00'),(503,318,1,'2021-03-17 00:00:00'),(506,108,14,'2021-03-17 00:00:00'),(532,353,96,'2021-03-17 00:00:00'),(543,205,22,'2021-03-17 00:00:00'),(573,266,13,'2021-03-17 00:00:00'),(589,296,98,'2021-03-17 00:00:00'),(137,322,83,'2021-03-18 00:00:00'),(149,270,35,'2021-03-18 00:00:00'),(150,208,45,'2021-03-18 00:00:00'),(181,56,52,'2021-03-18 00:00:00'),(184,49,9,'2021-03-18 00:00:00'),(187,47,11,'2021-03-18 00:00:00'),(207,289,39,'2021-03-18 00:00:00'),(228,121,93,'2021-03-18 00:00:00'),(253,141,57,'2021-03-18 00:00:00'),(263,82,11,'2021-03-18 00:00:00'),(281,80,24,'2021-03-18 00:00:00'),(289,330,13,'2021-03-18 00:00:00'),(294,287,31,'2021-03-18 00:00:00'),(294,40,75,'2021-03-18 00:00:00'),(305,274,25,'2021-03-18 00:00:00'),(309,271,74,'2021-03-18 00:00:00'),(382,43,23,'2021-03-18 00:00:00'),(416,289,3,'2021-03-18 00:00:00'),(437,137,4,'2021-03-18 00:00:00'),(506,357,48,'2021-03-18 00:00:00'),(550,269,91,'2021-03-18 00:00:00'),(565,69,85,'2021-03-18 00:00:00'),(115,24,19,'2021-03-19 00:00:00'),(121,33,84,'2021-03-19 00:00:00'),(148,303,55,'2021-03-19 00:00:00'),(158,282,70,'2021-03-19 00:00:00'),(177,83,65,'2021-03-19 00:00:00'),(186,206,54,'2021-03-19 00:00:00'),(209,176,64,'2021-03-19 00:00:00'),(231,54,17,'2021-03-19 00:00:00'),(237,145,37,'2021-03-19 00:00:00'),(283,145,94,'2021-03-19 00:00:00'),(294,114,63,'2021-03-19 00:00:00'),(314,242,30,'2021-03-19 00:00:00'),(326,153,21,'2021-03-19 00:00:00'),(369,115,97,'2021-03-19 00:00:00'),(385,123,7,'2021-03-19 00:00:00'),(426,178,54,'2021-03-19 00:00:00'),(473,213,32,'2021-03-19 00:00:00'),(487,282,11,'2021-03-19 00:00:00'),(488,241,3,'2021-03-19 00:00:00'),(491,25,47,'2021-03-19 00:00:00'),(551,38,52,'2021-03-19 00:00:00'),(569,46,48,'2021-03-19 00:00:00'),(575,338,52,'2021-03-19 00:00:00'),(598,95,97,'2021-03-19 00:00:00'),(116,19,53,'2021-03-20 00:00:00'),(127,267,88,'2021-03-20 00:00:00'),(131,134,43,'2021-03-20 00:00:00'),(162,308,25,'2021-03-20 00:00:00'),(202,199,61,'2021-03-20 00:00:00'),(206,206,83,'2021-03-20 00:00:00'),(231,326,19,'2021-03-20 00:00:00'),(240,159,80,'2021-03-20 00:00:00'),(258,288,76,'2021-03-20 00:00:00'),(339,182,31,'2021-03-20 00:00:00'),(353,269,66,'2021-03-20 00:00:00'),(364,68,20,'2021-03-20 00:00:00'),(374,194,47,'2021-03-20 00:00:00'),(394,138,46,'2021-03-20 00:00:00'),(436,60,73,'2021-03-20 00:00:00'),(453,27,94,'2021-03-20 00:00:00'),(516,295,81,'2021-03-20 00:00:00'),(523,194,76,'2021-03-20 00:00:00'),(535,266,83,'2021-03-20 00:00:00'),(543,83,16,'2021-03-20 00:00:00'),(543,75,54,'2021-03-20 00:00:00'),(578,297,38,'2021-03-20 00:00:00'),(131,307,74,'2021-03-21 00:00:00'),(154,53,81,'2021-03-21 00:00:00'),(171,100,68,'2021-03-21 00:00:00'),(171,108,73,'2021-03-21 00:00:00'),(234,347,91,'2021-03-21 00:00:00'),(243,68,87,'2021-03-21 00:00:00'),(284,41,38,'2021-03-21 00:00:00'),(301,289,24,'2021-03-21 00:00:00'),(315,236,9,'2021-03-21 00:00:00'),(326,216,18,'2021-03-21 00:00:00'),(476,180,91,'2021-03-21 00:00:00'),(506,66,3,'2021-03-21 00:00:00'),(519,331,50,'2021-03-21 00:00:00'),(546,22,60,'2021-03-21 00:00:00'),(549,345,96,'2021-03-21 00:00:00'),(582,333,70,'2021-03-21 00:00:00'),(597,359,48,'2021-03-21 00:00:00'),(104,272,57,'2021-03-22 00:00:00'),(128,72,94,'2021-03-22 00:00:00'),(176,152,4,'2021-03-22 00:00:00'),(179,25,12,'2021-03-22 00:00:00'),(204,51,99,'2021-03-22 00:00:00'),(209,58,41,'2021-03-22 00:00:00'),(216,47,17,'2021-03-22 00:00:00'),(230,201,24,'2021-03-22 00:00:00'),(234,210,96,'2021-03-22 00:00:00'),(249,50,93,'2021-03-22 00:00:00'),(280,340,48,'2021-03-22 00:00:00'),(282,42,71,'2021-03-22 00:00:00'),(291,266,27,'2021-03-22 00:00:00'),(352,91,95,'2021-03-22 00:00:00'),(353,240,69,'2021-03-22 00:00:00'),(361,79,58,'2021-03-22 00:00:00'),(385,47,4,'2021-03-22 00:00:00'),(393,316,91,'2021-03-22 00:00:00'),(395,299,83,'2021-03-22 00:00:00'),(444,228,85,'2021-03-22 00:00:00'),(531,145,24,'2021-03-22 00:00:00'),(544,305,82,'2021-03-22 00:00:00'),(101,316,54,'2021-03-23 00:00:00'),(102,66,30,'2021-03-23 00:00:00'),(105,345,94,'2021-03-23 00:00:00'),(135,14,55,'2021-03-23 00:00:00'),(158,126,3,'2021-03-23 00:00:00'),(168,175,76,'2021-03-23 00:00:00'),(192,215,43,'2021-03-23 00:00:00'),(200,251,24,'2021-03-23 00:00:00'),(275,189,58,'2021-03-23 00:00:00'),(277,305,5,'2021-03-23 00:00:00'),(311,62,52,'2021-03-23 00:00:00'),(337,204,70,'2021-03-23 00:00:00'),(384,104,97,'2021-03-23 00:00:00'),(387,45,69,'2021-03-23 00:00:00'),(413,147,90,'2021-03-23 00:00:00'),(414,237,45,'2021-03-23 00:00:00'),(464,149,84,'2021-03-23 00:00:00'),(486,285,51,'2021-03-23 00:00:00'),(489,356,71,'2021-03-23 00:00:00'),(511,62,47,'2021-03-23 00:00:00'),(513,49,72,'2021-03-23 00:00:00'),(531,126,87,'2021-03-23 00:00:00'),(541,201,63,'2021-03-23 00:00:00'),(567,322,33,'2021-03-23 00:00:00'),(580,284,56,'2021-03-23 00:00:00'),(586,237,54,'2021-03-23 00:00:00'),(590,67,62,'2021-03-23 00:00:00'),(138,192,69,'2021-03-24 00:00:00'),(163,178,40,'2021-03-24 00:00:00'),(168,36,83,'2021-03-24 00:00:00'),(174,119,32,'2021-03-24 00:00:00'),(221,24,39,'2021-03-24 00:00:00'),(260,264,17,'2021-03-24 00:00:00'),(270,311,19,'2021-03-24 00:00:00'),(280,248,90,'2021-03-24 00:00:00'),(308,180,31,'2021-03-24 00:00:00'),(343,150,66,'2021-03-24 00:00:00'),(406,337,18,'2021-03-24 00:00:00'),(409,266,79,'2021-03-24 00:00:00'),(420,130,4,'2021-03-24 00:00:00'),(462,30,44,'2021-03-24 00:00:00'),(496,144,5,'2021-03-24 00:00:00'),(498,76,95,'2021-03-24 00:00:00'),(531,353,22,'2021-03-24 00:00:00'),(547,295,6,'2021-03-24 00:00:00'),(556,50,11,'2021-03-24 00:00:00'),(567,128,36,'2021-03-24 00:00:00'),(599,207,46,'2021-03-24 00:00:00'),(113,212,28,'2021-03-25 00:00:00'),(139,140,16,'2021-03-25 00:00:00'),(183,343,83,'2021-03-25 00:00:00'),(205,46,90,'2021-03-25 00:00:00'),(216,35,19,'2021-03-25 00:00:00'),(221,196,49,'2021-03-25 00:00:00'),(246,128,2,'2021-03-25 00:00:00'),(258,153,45,'2021-03-25 00:00:00'),(339,335,35,'2021-03-25 00:00:00'),(340,348,32,'2021-03-25 00:00:00'),(380,8,46,'2021-03-25 00:00:00'),(394,77,74,'2021-03-25 00:00:00'),(396,283,72,'2021-03-25 00:00:00'),(417,1,13,'2021-03-25 00:00:00'),(441,89,40,'2021-03-25 00:00:00'),(459,219,12,'2021-03-25 00:00:00'),(521,204,34,'2021-03-25 00:00:00'),(528,345,43,'2021-03-25 00:00:00'),(551,50,55,'2021-03-25 00:00:00'),(552,55,61,'2021-03-25 00:00:00'),(557,144,78,'2021-03-25 00:00:00'),(572,126,89,'2021-03-25 00:00:00'),(590,57,31,'2021-03-25 00:00:00'),(107,51,5,'2021-03-26 00:00:00'),(168,173,92,'2021-03-26 00:00:00'),(169,70,95,'2021-03-26 00:00:00'),(203,92,49,'2021-03-26 00:00:00'),(227,176,14,'2021-03-26 00:00:00'),(293,170,35,'2021-03-26 00:00:00'),(339,67,56,'2021-03-26 00:00:00'),(396,253,29,'2021-03-26 00:00:00'),(400,133,81,'2021-03-26 00:00:00'),(495,200,14,'2021-03-26 00:00:00'),(585,334,24,'2021-03-26 00:00:00'),(600,274,8,'2021-03-26 00:00:00'),(116,237,53,'2021-03-27 00:00:00'),(122,138,6,'2021-03-27 00:00:00'),(144,47,37,'2021-03-27 00:00:00'),(151,145,11,'2021-03-27 00:00:00'),(169,23,21,'2021-03-27 00:00:00'),(195,86,93,'2021-03-27 00:00:00'),(212,43,49,'2021-03-27 00:00:00'),(261,124,84,'2021-03-27 00:00:00'),(287,152,5,'2021-03-27 00:00:00'),(305,48,82,'2021-03-27 00:00:00'),(329,192,69,'2021-03-27 00:00:00'),(367,329,53,'2021-03-27 00:00:00'),(385,112,5,'2021-03-27 00:00:00'),(391,149,84,'2021-03-27 00:00:00'),(402,36,77,'2021-03-27 00:00:00'),(409,354,12,'2021-03-27 00:00:00'),(429,317,53,'2021-03-27 00:00:00'),(444,319,25,'2021-03-27 00:00:00'),(451,334,57,'2021-03-27 00:00:00'),(463,56,15,'2021-03-27 00:00:00'),(495,47,86,'2021-03-27 00:00:00'),(501,285,49,'2021-03-27 00:00:00'),(521,155,78,'2021-03-27 00:00:00'),(524,275,19,'2021-03-27 00:00:00'),(559,89,59,'2021-03-27 00:00:00'),(585,24,68,'2021-03-27 00:00:00'),(594,291,80,'2021-03-27 00:00:00'),(127,18,75,'2021-03-28 00:00:00'),(131,122,84,'2021-03-28 00:00:00'),(146,216,68,'2021-03-28 00:00:00'),(246,157,26,'2021-03-28 00:00:00'),(260,254,96,'2021-03-28 00:00:00'),(277,277,80,'2021-03-28 00:00:00'),(316,233,14,'2021-03-28 00:00:00'),(320,42,86,'2021-03-28 00:00:00'),(333,29,17,'2021-03-28 00:00:00'),(344,243,83,'2021-03-28 00:00:00'),(448,4,69,'2021-03-28 00:00:00'),(465,325,74,'2021-03-28 00:00:00'),(481,345,95,'2021-03-28 00:00:00'),(491,307,60,'2021-03-28 00:00:00'),(499,216,96,'2021-03-28 00:00:00'),(505,257,31,'2021-03-28 00:00:00'),(516,262,41,'2021-03-28 00:00:00'),(107,358,90,'2021-03-29 00:00:00'),(168,194,64,'2021-03-29 00:00:00'),(261,337,9,'2021-03-29 00:00:00'),(269,235,30,'2021-03-29 00:00:00'),(276,284,6,'2021-03-29 00:00:00'),(296,94,23,'2021-03-29 00:00:00'),(312,235,62,'2021-03-29 00:00:00'),(344,3,28,'2021-03-29 00:00:00'),(385,260,76,'2021-03-29 00:00:00'),(479,98,56,'2021-03-29 00:00:00'),(494,54,89,'2021-03-29 00:00:00'),(506,76,56,'2021-03-29 00:00:00'),(512,303,27,'2021-03-29 00:00:00'),(567,314,36,'2021-03-29 00:00:00'),(576,66,45,'2021-03-29 00:00:00'),(123,13,46,'2021-03-30 00:00:00'),(124,308,74,'2021-03-30 00:00:00'),(239,249,96,'2021-03-30 00:00:00'),(248,318,15,'2021-03-30 00:00:00'),(256,344,36,'2021-03-30 00:00:00'),(283,220,56,'2021-03-30 00:00:00'),(302,220,35,'2021-03-30 00:00:00'),(319,13,92,'2021-03-30 00:00:00'),(335,294,70,'2021-03-30 00:00:00'),(335,210,86,'2021-03-30 00:00:00'),(338,2,97,'2021-03-30 00:00:00'),(374,221,76,'2021-03-30 00:00:00'),(376,327,41,'2021-03-30 00:00:00'),(387,178,19,'2021-03-30 00:00:00'),(392,35,81,'2021-03-30 00:00:00'),(393,175,5,'2021-03-30 00:00:00'),(397,2,23,'2021-03-30 00:00:00'),(403,64,6,'2021-03-30 00:00:00'),(438,42,81,'2021-03-30 00:00:00'),(444,157,23,'2021-03-30 00:00:00'),(454,160,98,'2021-03-30 00:00:00'),(508,334,79,'2021-03-30 00:00:00'),(539,224,88,'2021-03-30 00:00:00'),(568,41,50,'2021-03-30 00:00:00'),(102,325,26,'2021-03-31 00:00:00'),(109,181,51,'2021-03-31 00:00:00'),(123,5,87,'2021-03-31 00:00:00'),(135,75,16,'2021-03-31 00:00:00'),(172,173,54,'2021-03-31 00:00:00'),(187,303,22,'2021-03-31 00:00:00'),(198,319,67,'2021-03-31 00:00:00'),(206,25,46,'2021-03-31 00:00:00'),(217,254,40,'2021-03-31 00:00:00'),(222,108,11,'2021-03-31 00:00:00'),(230,251,53,'2021-03-31 00:00:00'),(259,240,69,'2021-03-31 00:00:00'),(314,144,55,'2021-03-31 00:00:00'),(328,4,67,'2021-03-31 00:00:00'),(369,320,37,'2021-03-31 00:00:00'),(369,45,68,'2021-03-31 00:00:00'),(372,153,91,'2021-03-31 00:00:00'),(408,191,82,'2021-03-31 00:00:00'),(434,101,15,'2021-03-31 00:00:00'),(453,114,66,'2021-03-31 00:00:00'),(472,95,85,'2021-03-31 00:00:00'),(502,348,58,'2021-03-31 00:00:00'),(506,212,5,'2021-03-31 00:00:00'),(544,152,88,'2021-03-31 00:00:00'),(569,221,40,'2021-03-31 00:00:00'),(576,250,78,'2021-03-31 00:00:00'),(122,109,54,'2021-04-01 00:00:00'),(131,89,40,'2021-04-01 00:00:00'),(165,63,79,'2021-04-01 00:00:00'),(180,175,68,'2021-04-01 00:00:00'),(221,70,84,'2021-04-01 00:00:00'),(269,138,46,'2021-04-01 00:00:00'),(303,304,96,'2021-04-01 00:00:00'),(305,80,99,'2021-04-01 00:00:00'),(323,249,29,'2021-04-01 00:00:00'),(332,187,98,'2021-04-01 00:00:00'),(356,126,45,'2021-04-01 00:00:00'),(384,210,89,'2021-04-01 00:00:00'),(399,224,91,'2021-04-01 00:00:00'),(400,139,86,'2021-04-01 00:00:00'),(401,29,20,'2021-04-01 00:00:00'),(435,219,64,'2021-04-01 00:00:00'),(444,350,73,'2021-04-01 00:00:00'),(482,251,6,'2021-04-01 00:00:00'),(493,178,49,'2021-04-01 00:00:00'),(514,50,38,'2021-04-01 00:00:00'),(534,199,7,'2021-04-01 00:00:00'),(534,172,50,'2021-04-01 00:00:00'),(563,123,71,'2021-04-01 00:00:00'),(564,266,39,'2021-04-01 00:00:00'),(564,216,77,'2021-04-01 00:00:00'),(576,218,35,'2021-04-01 00:00:00'),(112,148,25,'2021-04-02 00:00:00'),(122,122,92,'2021-04-02 00:00:00'),(225,144,74,'2021-04-02 00:00:00'),(229,50,80,'2021-04-02 00:00:00'),(245,17,51,'2021-04-02 00:00:00'),(256,205,69,'2021-04-02 00:00:00'),(266,261,43,'2021-04-02 00:00:00'),(288,75,95,'2021-04-02 00:00:00'),(295,344,31,'2021-04-02 00:00:00'),(307,302,96,'2021-04-02 00:00:00'),(374,284,94,'2021-04-02 00:00:00'),(383,110,56,'2021-04-02 00:00:00'),(422,285,8,'2021-04-02 00:00:00'),(444,288,87,'2021-04-02 00:00:00'),(482,80,24,'2021-04-02 00:00:00'),(485,309,3,'2021-04-02 00:00:00'),(502,324,22,'2021-04-02 00:00:00'),(503,48,88,'2021-04-02 00:00:00'),(525,244,35,'2021-04-02 00:00:00'),(528,90,100,'2021-04-02 00:00:00'),(104,102,90,'2021-04-03 00:00:00'),(112,155,72,'2021-04-03 00:00:00'),(154,130,15,'2021-04-03 00:00:00'),(155,74,45,'2021-04-03 00:00:00'),(178,224,48,'2021-04-03 00:00:00'),(234,147,60,'2021-04-03 00:00:00'),(268,321,79,'2021-04-03 00:00:00'),(294,68,34,'2021-04-03 00:00:00'),(300,10,4,'2021-04-03 00:00:00'),(315,278,9,'2021-04-03 00:00:00'),(318,263,47,'2021-04-03 00:00:00'),(326,55,63,'2021-04-03 00:00:00'),(354,235,50,'2021-04-03 00:00:00'),(358,64,55,'2021-04-03 00:00:00'),(360,17,73,'2021-04-03 00:00:00'),(364,117,29,'2021-04-03 00:00:00'),(393,78,90,'2021-04-03 00:00:00'),(401,123,5,'2021-04-03 00:00:00'),(405,291,6,'2021-04-03 00:00:00'),(410,150,66,'2021-04-03 00:00:00'),(411,313,18,'2021-04-03 00:00:00'),(430,282,17,'2021-04-03 00:00:00'),(452,299,92,'2021-04-03 00:00:00'),(479,340,55,'2021-04-03 00:00:00'),(491,153,92,'2021-04-03 00:00:00'),(492,55,11,'2021-04-03 00:00:00'),(516,150,20,'2021-04-03 00:00:00'),(559,53,49,'2021-04-03 00:00:00'),(559,268,96,'2021-04-03 00:00:00'),(563,6,28,'2021-04-03 00:00:00'),(585,49,61,'2021-04-03 00:00:00'),(174,270,79,'2021-04-04 00:00:00'),(197,230,82,'2021-04-04 00:00:00'),(209,133,25,'2021-04-04 00:00:00'),(218,209,84,'2021-04-04 00:00:00'),(281,126,42,'2021-04-04 00:00:00'),(284,171,15,'2021-04-04 00:00:00'),(299,187,94,'2021-04-04 00:00:00'),(314,59,24,'2021-04-04 00:00:00'),(327,289,80,'2021-04-04 00:00:00'),(337,190,34,'2021-04-04 00:00:00'),(354,57,21,'2021-04-04 00:00:00'),(361,218,95,'2021-04-04 00:00:00'),(382,75,74,'2021-04-04 00:00:00'),(399,153,15,'2021-04-04 00:00:00'),(399,253,20,'2021-04-04 00:00:00'),(407,185,79,'2021-04-04 00:00:00'),(473,213,15,'2021-04-04 00:00:00'),(593,19,44,'2021-04-04 00:00:00'),(113,351,91,'2021-04-05 00:00:00'),(124,139,38,'2021-04-05 00:00:00'),(145,1,8,'2021-04-05 00:00:00'),(202,131,10,'2021-04-05 00:00:00'),(203,17,7,'2021-04-05 00:00:00'),(211,318,88,'2021-04-05 00:00:00'),(249,102,22,'2021-04-05 00:00:00'),(262,138,95,'2021-04-05 00:00:00'),(263,295,45,'2021-04-05 00:00:00'),(274,301,30,'2021-04-05 00:00:00'),(283,288,82,'2021-04-05 00:00:00'),(288,353,38,'2021-04-05 00:00:00'),(308,154,99,'2021-04-05 00:00:00'),(330,208,40,'2021-04-05 00:00:00'),(362,354,27,'2021-04-05 00:00:00'),(417,276,85,'2021-04-05 00:00:00'),(439,98,43,'2021-04-05 00:00:00'),(443,147,21,'2021-04-05 00:00:00'),(444,288,91,'2021-04-05 00:00:00'),(457,23,85,'2021-04-05 00:00:00'),(464,76,20,'2021-04-05 00:00:00'),(471,109,13,'2021-04-05 00:00:00'),(493,213,96,'2021-04-05 00:00:00'),(500,97,28,'2021-04-05 00:00:00'),(503,77,6,'2021-04-05 00:00:00'),(503,231,43,'2021-04-05 00:00:00'),(544,257,74,'2021-04-05 00:00:00'),(547,25,87,'2021-04-05 00:00:00'),(574,60,55,'2021-04-05 00:00:00'),(594,280,96,'2021-04-05 00:00:00'),(115,306,66,'2021-04-06 00:00:00'),(152,99,5,'2021-04-06 00:00:00'),(157,37,33,'2021-04-06 00:00:00'),(185,300,76,'2021-04-06 00:00:00'),(211,62,61,'2021-04-06 00:00:00'),(214,271,1,'2021-04-06 00:00:00'),(222,180,69,'2021-04-06 00:00:00'),(226,218,39,'2021-04-06 00:00:00'),(255,222,76,'2021-04-06 00:00:00'),(263,158,83,'2021-04-06 00:00:00'),(269,240,6,'2021-04-06 00:00:00'),(360,105,66,'2021-04-06 00:00:00'),(362,41,64,'2021-04-06 00:00:00'),(368,324,26,'2021-04-06 00:00:00'),(462,112,69,'2021-04-06 00:00:00'),(476,31,26,'2021-04-06 00:00:00'),(483,339,73,'2021-04-06 00:00:00'),(499,15,100,'2021-04-06 00:00:00'),(548,212,85,'2021-04-06 00:00:00'),(557,148,35,'2021-04-06 00:00:00'),(568,336,74,'2021-04-06 00:00:00'),(126,25,79,'2021-04-07 00:00:00'),(131,155,62,'2021-04-07 00:00:00'),(142,170,71,'2021-04-07 00:00:00'),(158,181,100,'2021-04-07 00:00:00'),(210,68,34,'2021-04-07 00:00:00'),(224,253,87,'2021-04-07 00:00:00'),(229,282,44,'2021-04-07 00:00:00'),(294,105,29,'2021-04-07 00:00:00'),(363,30,49,'2021-04-07 00:00:00'),(382,347,11,'2021-04-07 00:00:00'),(396,84,80,'2021-04-07 00:00:00'),(402,1,85,'2021-04-07 00:00:00'),(501,306,73,'2021-04-07 00:00:00'),(571,220,80,'2021-04-07 00:00:00'),(585,237,81,'2021-04-07 00:00:00'),(591,211,39,'2021-04-07 00:00:00'),(597,150,73,'2021-04-07 00:00:00'),(181,153,89,'2021-04-08 00:00:00'),(199,342,87,'2021-04-08 00:00:00'),(208,266,34,'2021-04-08 00:00:00'),(210,47,46,'2021-04-08 00:00:00'),(221,273,34,'2021-04-08 00:00:00'),(224,178,26,'2021-04-08 00:00:00'),(303,45,86,'2021-04-08 00:00:00'),(313,24,2,'2021-04-08 00:00:00'),(365,36,20,'2021-04-08 00:00:00'),(433,122,92,'2021-04-08 00:00:00'),(452,177,38,'2021-04-08 00:00:00'),(480,31,42,'2021-04-08 00:00:00'),(508,339,12,'2021-04-08 00:00:00'),(513,137,34,'2021-04-08 00:00:00'),(551,232,75,'2021-04-08 00:00:00'),(587,326,45,'2021-04-08 00:00:00'),(597,334,97,'2021-04-08 00:00:00'),(109,103,7,'2021-04-09 00:00:00'),(174,280,70,'2021-04-09 00:00:00'),(191,357,35,'2021-04-09 00:00:00'),(208,278,48,'2021-04-09 00:00:00'),(217,306,25,'2021-04-09 00:00:00'),(238,210,92,'2021-04-09 00:00:00'),(239,17,96,'2021-04-09 00:00:00'),(242,261,51,'2021-04-09 00:00:00'),(253,49,14,'2021-04-09 00:00:00'),(277,319,8,'2021-04-09 00:00:00'),(439,290,78,'2021-04-09 00:00:00'),(456,9,33,'2021-04-09 00:00:00'),(482,77,51,'2021-04-09 00:00:00'),(510,315,73,'2021-04-09 00:00:00'),(516,130,20,'2021-04-09 00:00:00'),(524,305,8,'2021-04-09 00:00:00'),(149,184,27,'2021-04-10 00:00:00'),(183,297,86,'2021-04-10 00:00:00'),(197,40,26,'2021-04-10 00:00:00'),(204,276,13,'2021-04-10 00:00:00'),(279,303,61,'2021-04-10 00:00:00'),(327,340,37,'2021-04-10 00:00:00'),(332,49,4,'2021-04-10 00:00:00'),(350,323,98,'2021-04-10 00:00:00'),(377,111,16,'2021-04-10 00:00:00'),(388,97,64,'2021-04-10 00:00:00'),(413,189,48,'2021-04-10 00:00:00'),(443,188,83,'2021-04-10 00:00:00'),(479,190,74,'2021-04-10 00:00:00'),(481,127,3,'2021-04-10 00:00:00'),(490,212,1,'2021-04-10 00:00:00'),(529,351,24,'2021-04-10 00:00:00'),(578,43,76,'2021-04-10 00:00:00'),(584,251,21,'2021-04-10 00:00:00'),(110,301,67,'2021-04-11 00:00:00'),(111,268,24,'2021-04-11 00:00:00'),(116,225,60,'2021-04-11 00:00:00'),(130,312,59,'2021-04-11 00:00:00'),(134,263,16,'2021-04-11 00:00:00'),(186,325,59,'2021-04-11 00:00:00'),(200,51,92,'2021-04-11 00:00:00'),(221,326,66,'2021-04-11 00:00:00'),(270,335,54,'2021-04-11 00:00:00'),(294,164,71,'2021-04-11 00:00:00'),(304,114,44,'2021-04-11 00:00:00'),(327,337,80,'2021-04-11 00:00:00'),(337,53,42,'2021-04-11 00:00:00'),(374,326,59,'2021-04-11 00:00:00'),(406,226,52,'2021-04-11 00:00:00'),(466,127,43,'2021-04-11 00:00:00'),(492,39,51,'2021-04-11 00:00:00'),(518,37,94,'2021-04-11 00:00:00'),(536,148,65,'2021-04-11 00:00:00'),(542,197,63,'2021-04-11 00:00:00'),(130,15,25,'2021-04-12 00:00:00'),(135,21,20,'2021-04-12 00:00:00'),(185,230,27,'2021-04-12 00:00:00'),(230,309,91,'2021-04-12 00:00:00'),(240,21,28,'2021-04-12 00:00:00'),(264,65,95,'2021-04-12 00:00:00'),(289,284,66,'2021-04-12 00:00:00'),(324,186,38,'2021-04-12 00:00:00'),(351,166,4,'2021-04-12 00:00:00'),(355,55,87,'2021-04-12 00:00:00'),(359,342,83,'2021-04-12 00:00:00'),(402,337,87,'2021-04-12 00:00:00'),(409,47,51,'2021-04-12 00:00:00'),(449,61,34,'2021-04-12 00:00:00'),(497,85,50,'2021-04-12 00:00:00'),(502,44,53,'2021-04-12 00:00:00'),(516,338,96,'2021-04-12 00:00:00'),(519,205,26,'2021-04-12 00:00:00'),(573,202,91,'2021-04-12 00:00:00'),(586,162,47,'2021-04-12 00:00:00'),(103,38,60,'2021-04-13 00:00:00'),(112,235,79,'2021-04-13 00:00:00'),(117,172,21,'2021-04-13 00:00:00'),(208,275,9,'2021-04-13 00:00:00'),(250,348,60,'2021-04-13 00:00:00'),(280,86,42,'2021-04-13 00:00:00'),(316,111,85,'2021-04-13 00:00:00'),(320,268,46,'2021-04-13 00:00:00'),(379,358,70,'2021-04-13 00:00:00'),(379,298,82,'2021-04-13 00:00:00'),(383,249,47,'2021-04-13 00:00:00'),(405,101,69,'2021-04-13 00:00:00'),(423,163,90,'2021-04-13 00:00:00'),(425,33,21,'2021-04-13 00:00:00'),(436,185,30,'2021-04-13 00:00:00'),(451,118,69,'2021-04-13 00:00:00'),(497,82,58,'2021-04-13 00:00:00'),(502,110,92,'2021-04-13 00:00:00'),(561,190,97,'2021-04-13 00:00:00'),(594,309,8,'2021-04-13 00:00:00'),(120,326,91,'2021-04-14 00:00:00'),(121,236,15,'2021-04-14 00:00:00'),(150,214,82,'2021-04-14 00:00:00'),(222,143,33,'2021-04-14 00:00:00'),(250,14,26,'2021-04-14 00:00:00'),(269,327,39,'2021-04-14 00:00:00'),(292,257,39,'2021-04-14 00:00:00'),(309,168,84,'2021-04-14 00:00:00'),(387,296,27,'2021-04-14 00:00:00'),(392,192,34,'2021-04-14 00:00:00'),(467,259,21,'2021-04-14 00:00:00'),(483,122,17,'2021-04-14 00:00:00'),(513,296,85,'2021-04-14 00:00:00'),(534,189,86,'2021-04-14 00:00:00'),(546,289,77,'2021-04-14 00:00:00'),(552,338,9,'2021-04-14 00:00:00'),(582,149,40,'2021-04-14 00:00:00'),(595,88,82,'2021-04-14 00:00:00'),(112,52,82,'2021-04-15 00:00:00'),(118,206,53,'2021-04-15 00:00:00'),(238,356,91,'2021-04-15 00:00:00'),(260,25,40,'2021-04-15 00:00:00'),(266,20,93,'2021-04-15 00:00:00'),(292,293,13,'2021-04-15 00:00:00'),(330,319,52,'2021-04-15 00:00:00'),(356,24,76,'2021-04-15 00:00:00'),(386,217,85,'2021-04-15 00:00:00'),(426,307,31,'2021-04-15 00:00:00'),(426,169,53,'2021-04-15 00:00:00'),(434,150,6,'2021-04-15 00:00:00'),(451,344,10,'2021-04-15 00:00:00'),(540,219,57,'2021-04-15 00:00:00'),(566,87,16,'2021-04-15 00:00:00'),(581,90,32,'2021-04-15 00:00:00'),(591,221,63,'2021-04-15 00:00:00'),(101,4,42,'2021-04-16 00:00:00'),(107,191,57,'2021-04-16 00:00:00'),(119,306,31,'2021-04-16 00:00:00'),(131,349,20,'2021-04-16 00:00:00'),(150,199,36,'2021-04-16 00:00:00'),(160,318,30,'2021-04-16 00:00:00'),(164,321,79,'2021-04-16 00:00:00'),(193,37,63,'2021-04-16 00:00:00'),(206,239,54,'2021-04-16 00:00:00'),(208,272,12,'2021-04-16 00:00:00'),(228,261,72,'2021-04-16 00:00:00'),(260,299,21,'2021-04-16 00:00:00'),(274,349,64,'2021-04-16 00:00:00'),(287,74,15,'2021-04-16 00:00:00'),(289,185,4,'2021-04-16 00:00:00'),(321,29,99,'2021-04-16 00:00:00'),(328,209,87,'2021-04-16 00:00:00'),(335,199,30,'2021-04-16 00:00:00'),(377,122,52,'2021-04-16 00:00:00'),(397,167,29,'2021-04-16 00:00:00'),(399,59,4,'2021-04-16 00:00:00'),(401,17,40,'2021-04-16 00:00:00'),(437,297,58,'2021-04-16 00:00:00'),(445,225,39,'2021-04-16 00:00:00'),(448,53,83,'2021-04-16 00:00:00'),(482,165,74,'2021-04-16 00:00:00'),(494,192,23,'2021-04-16 00:00:00'),(495,66,26,'2021-04-16 00:00:00'),(501,99,11,'2021-04-16 00:00:00'),(501,42,43,'2021-04-16 00:00:00'),(509,44,2,'2021-04-16 00:00:00'),(547,245,19,'2021-04-16 00:00:00'),(561,352,50,'2021-04-16 00:00:00'),(119,60,16,'2021-04-17 00:00:00'),(158,49,20,'2021-04-17 00:00:00'),(162,330,11,'2021-04-17 00:00:00'),(179,23,30,'2021-04-17 00:00:00'),(188,205,40,'2021-04-17 00:00:00'),(205,144,7,'2021-04-17 00:00:00'),(215,272,8,'2021-04-17 00:00:00'),(224,248,5,'2021-04-17 00:00:00'),(248,164,4,'2021-04-17 00:00:00'),(252,206,29,'2021-04-17 00:00:00'),(255,268,51,'2021-04-17 00:00:00'),(337,224,87,'2021-04-17 00:00:00'),(346,146,56,'2021-04-17 00:00:00'),(358,332,27,'2021-04-17 00:00:00'),(359,21,100,'2021-04-17 00:00:00'),(366,62,65,'2021-04-17 00:00:00'),(374,254,96,'2021-04-17 00:00:00'),(395,98,91,'2021-04-17 00:00:00'),(428,272,63,'2021-04-17 00:00:00'),(430,355,30,'2021-04-17 00:00:00'),(436,324,73,'2021-04-17 00:00:00'),(445,175,24,'2021-04-17 00:00:00'),(452,354,93,'2021-04-17 00:00:00'),(532,97,15,'2021-04-17 00:00:00'),(561,256,49,'2021-04-17 00:00:00'),(594,32,37,'2021-04-17 00:00:00'),(103,251,90,'2021-04-18 00:00:00'),(119,306,89,'2021-04-18 00:00:00'),(132,30,20,'2021-04-18 00:00:00'),(193,175,82,'2021-04-18 00:00:00'),(197,224,60,'2021-04-18 00:00:00'),(206,118,6,'2021-04-18 00:00:00'),(220,256,92,'2021-04-18 00:00:00'),(249,349,74,'2021-04-18 00:00:00'),(252,302,33,'2021-04-18 00:00:00'),(281,297,7,'2021-04-18 00:00:00'),(300,236,78,'2021-04-18 00:00:00'),(306,30,35,'2021-04-18 00:00:00'),(310,38,48,'2021-04-18 00:00:00'),(315,105,67,'2021-04-18 00:00:00'),(340,89,49,'2021-04-18 00:00:00'),(376,334,7,'2021-04-18 00:00:00'),(394,171,3,'2021-04-18 00:00:00'),(401,20,48,'2021-04-18 00:00:00'),(407,307,94,'2021-04-18 00:00:00'),(425,141,95,'2021-04-18 00:00:00'),(520,218,9,'2021-04-18 00:00:00'),(527,103,40,'2021-04-18 00:00:00'),(538,112,85,'2021-04-18 00:00:00'),(543,171,42,'2021-04-18 00:00:00'),(116,88,10,'2021-04-19 00:00:00'),(142,350,55,'2021-04-19 00:00:00'),(144,177,89,'2021-04-19 00:00:00'),(162,4,5,'2021-04-19 00:00:00'),(162,46,99,'2021-04-19 00:00:00'),(173,332,75,'2021-04-19 00:00:00'),(174,15,54,'2021-04-19 00:00:00'),(203,303,42,'2021-04-19 00:00:00'),(208,15,34,'2021-04-19 00:00:00'),(289,15,8,'2021-04-19 00:00:00'),(292,91,8,'2021-04-19 00:00:00'),(327,318,41,'2021-04-19 00:00:00'),(348,123,59,'2021-04-19 00:00:00'),(376,347,19,'2021-04-19 00:00:00'),(389,323,40,'2021-04-19 00:00:00'),(404,272,20,'2021-04-19 00:00:00'),(479,89,48,'2021-04-19 00:00:00'),(483,247,27,'2021-04-19 00:00:00'),(497,129,10,'2021-04-19 00:00:00'),(540,5,62,'2021-04-19 00:00:00'),(546,77,95,'2021-04-19 00:00:00'),(114,236,94,'2021-04-20 00:00:00'),(124,336,4,'2021-04-20 00:00:00'),(127,274,50,'2021-04-20 00:00:00'),(134,359,62,'2021-04-20 00:00:00'),(144,264,64,'2021-04-20 00:00:00'),(241,305,78,'2021-04-20 00:00:00'),(270,148,54,'2021-04-20 00:00:00'),(288,128,24,'2021-04-20 00:00:00'),(356,59,49,'2021-04-20 00:00:00'),(356,357,76,'2021-04-20 00:00:00'),(426,269,29,'2021-04-20 00:00:00'),(431,250,44,'2021-04-20 00:00:00'),(435,48,18,'2021-04-20 00:00:00'),(459,229,82,'2021-04-20 00:00:00'),(490,282,55,'2021-04-20 00:00:00'),(510,297,31,'2021-04-20 00:00:00'),(567,158,49,'2021-04-20 00:00:00'),(125,182,85,'2021-04-21 00:00:00'),(146,328,78,'2021-04-21 00:00:00'),(169,262,59,'2021-04-21 00:00:00'),(171,358,93,'2021-04-21 00:00:00'),(186,148,57,'2021-04-21 00:00:00'),(193,141,86,'2021-04-21 00:00:00'),(200,208,100,'2021-04-21 00:00:00'),(219,103,21,'2021-04-21 00:00:00'),(232,141,56,'2021-04-21 00:00:00'),(236,194,90,'2021-04-21 00:00:00'),(359,212,25,'2021-04-21 00:00:00'),(429,190,74,'2021-04-21 00:00:00'),(502,196,90,'2021-04-21 00:00:00'),(504,73,34,'2021-04-21 00:00:00'),(514,183,25,'2021-04-21 00:00:00'),(544,55,8,'2021-04-21 00:00:00'),(122,323,27,'2021-04-22 00:00:00'),(145,37,14,'2021-04-22 00:00:00'),(146,169,45,'2021-04-22 00:00:00'),(161,90,30,'2021-04-22 00:00:00'),(172,204,47,'2021-04-22 00:00:00'),(200,43,40,'2021-04-22 00:00:00'),(202,272,55,'2021-04-22 00:00:00'),(217,127,39,'2021-04-22 00:00:00'),(225,119,71,'2021-04-22 00:00:00'),(233,95,83,'2021-04-22 00:00:00'),(254,7,7,'2021-04-22 00:00:00'),(261,27,27,'2021-04-22 00:00:00'),(267,168,97,'2021-04-22 00:00:00'),(277,108,59,'2021-04-22 00:00:00'),(311,162,22,'2021-04-22 00:00:00'),(346,205,50,'2021-04-22 00:00:00'),(351,280,50,'2021-04-22 00:00:00'),(365,45,76,'2021-04-22 00:00:00'),(410,286,51,'2021-04-22 00:00:00'),(416,46,82,'2021-04-22 00:00:00'),(426,210,39,'2021-04-22 00:00:00'),(445,94,59,'2021-04-22 00:00:00'),(455,296,16,'2021-04-22 00:00:00'),(473,128,14,'2021-04-22 00:00:00'),(478,341,11,'2021-04-22 00:00:00'),(479,353,70,'2021-04-22 00:00:00'),(498,53,54,'2021-04-22 00:00:00'),(499,352,63,'2021-04-22 00:00:00'),(504,163,87,'2021-04-22 00:00:00'),(518,161,15,'2021-04-22 00:00:00'),(529,192,9,'2021-04-22 00:00:00'),(541,76,43,'2021-04-22 00:00:00'),(546,215,16,'2021-04-22 00:00:00'),(575,134,7,'2021-04-22 00:00:00'),(594,183,30,'2021-04-22 00:00:00'),(104,18,30,'2021-04-23 00:00:00'),(114,143,10,'2021-04-23 00:00:00'),(119,302,33,'2021-04-23 00:00:00'),(128,75,4,'2021-04-23 00:00:00'),(223,324,1,'2021-04-23 00:00:00'),(248,347,76,'2021-04-23 00:00:00'),(278,122,69,'2021-04-23 00:00:00'),(294,164,2,'2021-04-23 00:00:00'),(319,134,79,'2021-04-23 00:00:00'),(353,183,55,'2021-04-23 00:00:00'),(377,262,52,'2021-04-23 00:00:00'),(380,28,78,'2021-04-23 00:00:00'),(395,69,33,'2021-04-23 00:00:00'),(396,56,90,'2021-04-23 00:00:00'),(447,257,12,'2021-04-23 00:00:00'),(462,112,11,'2021-04-23 00:00:00'),(552,34,63,'2021-04-23 00:00:00'),(586,81,97,'2021-04-23 00:00:00'),(600,185,81,'2021-04-23 00:00:00'),(132,88,68,'2021-04-24 00:00:00'),(159,218,58,'2021-04-24 00:00:00'),(160,140,4,'2021-04-24 00:00:00'),(187,350,32,'2021-04-24 00:00:00'),(195,103,11,'2021-04-24 00:00:00'),(198,141,68,'2021-04-24 00:00:00'),(219,303,29,'2021-04-24 00:00:00'),(298,241,11,'2021-04-24 00:00:00'),(315,70,29,'2021-04-24 00:00:00'),(377,132,62,'2021-04-24 00:00:00'),(391,5,19,'2021-04-24 00:00:00'),(420,3,22,'2021-04-24 00:00:00'),(486,265,24,'2021-04-24 00:00:00'),(488,138,5,'2021-04-24 00:00:00'),(520,8,74,'2021-04-24 00:00:00'),(527,341,63,'2021-04-24 00:00:00'),(582,10,13,'2021-04-24 00:00:00'),(594,97,56,'2021-04-24 00:00:00'),(122,98,20,'2021-04-25 00:00:00'),(124,56,29,'2021-04-25 00:00:00'),(134,234,58,'2021-04-25 00:00:00'),(175,278,92,'2021-04-25 00:00:00'),(199,257,54,'2021-04-25 00:00:00'),(208,359,99,'2021-04-25 00:00:00'),(339,219,84,'2021-04-25 00:00:00'),(342,2,84,'2021-04-25 00:00:00'),(370,60,91,'2021-04-25 00:00:00'),(408,295,33,'2021-04-25 00:00:00'),(418,272,86,'2021-04-25 00:00:00'),(448,134,14,'2021-04-25 00:00:00'),(463,14,60,'2021-04-25 00:00:00'),(491,344,33,'2021-04-25 00:00:00'),(492,337,56,'2021-04-25 00:00:00'),(563,127,76,'2021-04-25 00:00:00'),(568,81,43,'2021-04-25 00:00:00'),(115,71,29,'2021-04-26 00:00:00'),(121,61,50,'2021-04-26 00:00:00'),(122,349,51,'2021-04-26 00:00:00'),(132,284,97,'2021-04-26 00:00:00'),(191,226,36,'2021-04-26 00:00:00'),(249,359,23,'2021-04-26 00:00:00'),(278,87,45,'2021-04-26 00:00:00'),(293,76,14,'2021-04-26 00:00:00'),(343,209,72,'2021-04-26 00:00:00'),(349,7,34,'2021-04-26 00:00:00'),(392,53,63,'2021-04-26 00:00:00'),(409,205,73,'2021-04-26 00:00:00'),(414,135,81,'2021-04-26 00:00:00'),(416,280,31,'2021-04-26 00:00:00'),(430,268,89,'2021-04-26 00:00:00'),(445,146,55,'2021-04-26 00:00:00'),(454,310,97,'2021-04-26 00:00:00'),(505,293,25,'2021-04-26 00:00:00'),(541,118,48,'2021-04-26 00:00:00'),(579,62,52,'2021-04-26 00:00:00'),(581,242,19,'2021-04-26 00:00:00'),(599,319,59,'2021-04-26 00:00:00'),(115,85,56,'2021-04-27 00:00:00'),(143,175,62,'2021-04-27 00:00:00'),(171,282,54,'2021-04-27 00:00:00'),(202,265,10,'2021-04-27 00:00:00'),(216,327,74,'2021-04-27 00:00:00'),(223,240,57,'2021-04-27 00:00:00'),(295,245,42,'2021-04-27 00:00:00'),(300,216,92,'2021-04-27 00:00:00'),(314,237,35,'2021-04-27 00:00:00'),(325,89,95,'2021-04-27 00:00:00'),(331,328,48,'2021-04-27 00:00:00'),(391,164,26,'2021-04-27 00:00:00'),(399,260,74,'2021-04-27 00:00:00'),(413,279,20,'2021-04-27 00:00:00'),(417,264,46,'2021-04-27 00:00:00'),(422,353,55,'2021-04-27 00:00:00'),(429,127,26,'2021-04-27 00:00:00'),(448,157,56,'2021-04-27 00:00:00'),(453,100,82,'2021-04-27 00:00:00'),(474,43,79,'2021-04-27 00:00:00'),(477,51,87,'2021-04-27 00:00:00'),(485,99,64,'2021-04-27 00:00:00'),(515,76,84,'2021-04-27 00:00:00'),(552,279,15,'2021-04-27 00:00:00'),(582,236,74,'2021-04-27 00:00:00'),(133,328,63,'2021-04-28 00:00:00'),(168,188,79,'2021-04-28 00:00:00'),(184,206,29,'2021-04-28 00:00:00'),(187,224,54,'2021-04-28 00:00:00'),(213,211,28,'2021-04-28 00:00:00'),(215,323,56,'2021-04-28 00:00:00'),(222,109,73,'2021-04-28 00:00:00'),(239,264,43,'2021-04-28 00:00:00'),(288,142,96,'2021-04-28 00:00:00'),(296,40,22,'2021-04-28 00:00:00'),(316,334,84,'2021-04-28 00:00:00'),(324,104,57,'2021-04-28 00:00:00'),(327,291,40,'2021-04-28 00:00:00'),(370,277,29,'2021-04-28 00:00:00'),(400,185,27,'2021-04-28 00:00:00'),(401,152,67,'2021-04-28 00:00:00'),(412,311,96,'2021-04-28 00:00:00'),(445,190,34,'2021-04-28 00:00:00'),(461,268,67,'2021-04-28 00:00:00'),(470,112,22,'2021-04-28 00:00:00'),(530,186,5,'2021-04-28 00:00:00'),(561,282,64,'2021-04-28 00:00:00'),(570,62,2,'2021-04-28 00:00:00'),(574,151,5,'2021-04-28 00:00:00'),(589,261,70,'2021-04-28 00:00:00'),(125,38,71,'2021-04-29 00:00:00'),(146,246,42,'2021-04-29 00:00:00'),(187,89,38,'2021-04-29 00:00:00'),(205,15,68,'2021-04-29 00:00:00'),(222,84,31,'2021-04-29 00:00:00'),(228,271,10,'2021-04-29 00:00:00'),(264,182,94,'2021-04-29 00:00:00'),(283,354,75,'2021-04-29 00:00:00'),(358,247,34,'2021-04-29 00:00:00'),(358,28,43,'2021-04-29 00:00:00'),(361,191,50,'2021-04-29 00:00:00'),(362,321,18,'2021-04-29 00:00:00'),(364,170,39,'2021-04-29 00:00:00'),(405,257,31,'2021-04-29 00:00:00'),(412,77,31,'2021-04-29 00:00:00'),(439,124,29,'2021-04-29 00:00:00'),(450,243,19,'2021-04-29 00:00:00'),(460,92,59,'2021-04-29 00:00:00'),(472,226,20,'2021-04-29 00:00:00'),(496,245,11,'2021-04-29 00:00:00'),(549,55,43,'2021-04-29 00:00:00'),(551,166,25,'2021-04-29 00:00:00'),(564,336,3,'2021-04-29 00:00:00'),(573,124,65,'2021-04-29 00:00:00'),(165,337,72,'2021-04-30 00:00:00'),(165,41,87,'2021-04-30 00:00:00'),(215,212,26,'2021-04-30 00:00:00'),(276,218,5,'2021-04-30 00:00:00'),(322,343,53,'2021-04-30 00:00:00'),(391,73,53,'2021-04-30 00:00:00'),(397,123,60,'2021-04-30 00:00:00'),(440,240,36,'2021-04-30 00:00:00'),(476,355,27,'2021-04-30 00:00:00'),(480,288,57,'2021-04-30 00:00:00'),(491,168,32,'2021-04-30 00:00:00'),(492,42,32,'2021-04-30 00:00:00'),(534,29,98,'2021-04-30 00:00:00'),(584,132,24,'2021-04-30 00:00:00'),(588,183,41,'2021-04-30 00:00:00'),(107,263,8,'2021-05-01 00:00:00'),(155,334,95,'2021-05-01 00:00:00'),(212,220,6,'2021-05-01 00:00:00'),(283,281,79,'2021-05-01 00:00:00'),(286,110,14,'2021-05-01 00:00:00'),(327,207,29,'2021-05-01 00:00:00'),(331,212,32,'2021-05-01 00:00:00'),(416,209,52,'2021-05-01 00:00:00'),(431,349,29,'2021-05-01 00:00:00'),(435,47,74,'2021-05-01 00:00:00'),(452,147,21,'2021-05-01 00:00:00'),(538,232,70,'2021-05-01 00:00:00'),(553,160,82,'2021-05-01 00:00:00'),(582,40,22,'2021-05-01 00:00:00'),(597,107,49,'2021-05-01 00:00:00'),(105,311,39,'2021-05-02 00:00:00'),(114,197,81,'2021-05-02 00:00:00'),(168,220,11,'2021-05-02 00:00:00'),(186,217,99,'2021-05-02 00:00:00'),(194,174,32,'2021-05-02 00:00:00'),(198,232,13,'2021-05-02 00:00:00'),(203,334,3,'2021-05-02 00:00:00'),(233,38,33,'2021-05-02 00:00:00'),(235,148,99,'2021-05-02 00:00:00'),(238,163,79,'2021-05-02 00:00:00'),(258,27,71,'2021-05-02 00:00:00'),(277,339,47,'2021-05-02 00:00:00'),(326,147,32,'2021-05-02 00:00:00'),(338,107,35,'2021-05-02 00:00:00'),(388,344,81,'2021-05-02 00:00:00'),(406,224,5,'2021-05-02 00:00:00'),(416,299,10,'2021-05-02 00:00:00'),(416,110,31,'2021-05-02 00:00:00'),(439,222,46,'2021-05-02 00:00:00'),(445,24,99,'2021-05-02 00:00:00'),(458,153,47,'2021-05-02 00:00:00'),(482,170,75,'2021-05-02 00:00:00'),(497,170,71,'2021-05-02 00:00:00'),(510,117,61,'2021-05-02 00:00:00'),(559,27,73,'2021-05-02 00:00:00'),(600,162,81,'2021-05-02 00:00:00'),(124,48,70,'2021-05-03 00:00:00'),(163,309,26,'2021-05-03 00:00:00'),(171,122,92,'2021-05-03 00:00:00'),(191,103,42,'2021-05-03 00:00:00'),(203,314,61,'2021-05-03 00:00:00'),(263,63,95,'2021-05-03 00:00:00'),(284,283,98,'2021-05-03 00:00:00'),(292,342,82,'2021-05-03 00:00:00'),(330,228,28,'2021-05-03 00:00:00'),(335,20,90,'2021-05-03 00:00:00'),(410,75,28,'2021-05-03 00:00:00'),(418,322,33,'2021-05-03 00:00:00'),(456,276,97,'2021-05-03 00:00:00'),(482,311,41,'2021-05-03 00:00:00'),(482,158,88,'2021-05-03 00:00:00'),(490,61,35,'2021-05-03 00:00:00'),(519,125,69,'2021-05-03 00:00:00'),(544,196,64,'2021-05-03 00:00:00'),(568,180,96,'2021-05-03 00:00:00'),(106,166,39,'2021-05-04 00:00:00'),(114,221,7,'2021-05-04 00:00:00'),(127,254,100,'2021-05-04 00:00:00'),(189,78,26,'2021-05-04 00:00:00'),(207,126,53,'2021-05-04 00:00:00'),(214,65,84,'2021-05-04 00:00:00'),(226,96,63,'2021-05-04 00:00:00'),(244,338,1,'2021-05-04 00:00:00'),(246,39,55,'2021-05-04 00:00:00'),(268,322,46,'2021-05-04 00:00:00'),(286,95,98,'2021-05-04 00:00:00'),(293,268,77,'2021-05-04 00:00:00'),(302,275,37,'2021-05-04 00:00:00'),(312,72,6,'2021-05-04 00:00:00'),(322,275,76,'2021-05-04 00:00:00'),(358,322,38,'2021-05-04 00:00:00'),(392,109,87,'2021-05-04 00:00:00'),(405,111,41,'2021-05-04 00:00:00'),(410,137,98,'2021-05-04 00:00:00'),(421,59,38,'2021-05-04 00:00:00'),(429,281,56,'2021-05-04 00:00:00'),(446,26,73,'2021-05-04 00:00:00'),(466,36,74,'2021-05-04 00:00:00'),(505,115,71,'2021-05-04 00:00:00'),(567,267,41,'2021-05-04 00:00:00'),(568,326,55,'2021-05-04 00:00:00'),(108,116,3,'2021-05-05 00:00:00'),(130,14,43,'2021-05-05 00:00:00'),(174,72,100,'2021-05-05 00:00:00'),(175,104,14,'2021-05-05 00:00:00'),(254,240,40,'2021-05-05 00:00:00'),(287,64,14,'2021-05-05 00:00:00'),(315,280,81,'2021-05-05 00:00:00'),(322,175,14,'2021-05-05 00:00:00'),(329,347,96,'2021-05-05 00:00:00'),(341,128,39,'2021-05-05 00:00:00'),(351,138,14,'2021-05-05 00:00:00'),(386,192,18,'2021-05-05 00:00:00'),(390,72,4,'2021-05-05 00:00:00'),(429,36,90,'2021-05-05 00:00:00'),(451,181,1,'2021-05-05 00:00:00'),(452,296,67,'2021-05-05 00:00:00'),(530,122,73,'2021-05-05 00:00:00'),(538,180,21,'2021-05-05 00:00:00'),(567,10,45,'2021-05-05 00:00:00'),(572,351,47,'2021-05-05 00:00:00'),(577,326,57,'2021-05-05 00:00:00'),(595,244,92,'2021-05-05 00:00:00'),(597,354,81,'2021-05-05 00:00:00'),(599,233,19,'2021-05-05 00:00:00'),(124,111,37,'2021-05-06 00:00:00'),(134,244,96,'2021-05-06 00:00:00'),(177,220,55,'2021-05-06 00:00:00'),(185,163,48,'2021-05-06 00:00:00'),(197,36,69,'2021-05-06 00:00:00'),(204,275,77,'2021-05-06 00:00:00'),(217,186,90,'2021-05-06 00:00:00'),(223,174,92,'2021-05-06 00:00:00'),(289,43,84,'2021-05-06 00:00:00'),(300,144,74,'2021-05-06 00:00:00'),(329,190,43,'2021-05-06 00:00:00'),(338,15,57,'2021-05-06 00:00:00'),(339,149,82,'2021-05-06 00:00:00'),(401,132,93,'2021-05-06 00:00:00'),(419,330,35,'2021-05-06 00:00:00'),(516,345,52,'2021-05-06 00:00:00'),(539,150,24,'2021-05-06 00:00:00'),(544,137,96,'2021-05-06 00:00:00'),(561,72,54,'2021-05-06 00:00:00'),(569,36,13,'2021-05-06 00:00:00'),(575,136,57,'2021-05-06 00:00:00'),(590,105,8,'2021-05-06 00:00:00'),(118,29,17,'2021-05-07 00:00:00'),(199,192,89,'2021-05-07 00:00:00'),(204,152,63,'2021-05-07 00:00:00'),(224,325,3,'2021-05-07 00:00:00'),(242,188,38,'2021-05-07 00:00:00'),(253,163,26,'2021-05-07 00:00:00'),(313,318,80,'2021-05-07 00:00:00'),(314,220,43,'2021-05-07 00:00:00'),(337,24,30,'2021-05-07 00:00:00'),(388,122,28,'2021-05-07 00:00:00'),(441,294,89,'2021-05-07 00:00:00'),(462,67,15,'2021-05-07 00:00:00'),(494,348,12,'2021-05-07 00:00:00'),(520,326,33,'2021-05-07 00:00:00'),(540,340,24,'2021-05-07 00:00:00'),(545,258,84,'2021-05-07 00:00:00'),(550,194,71,'2021-05-07 00:00:00'),(580,75,19,'2021-05-07 00:00:00'),(582,301,45,'2021-05-07 00:00:00'),(591,26,8,'2021-05-07 00:00:00'),(135,41,37,'2021-05-08 00:00:00'),(165,152,37,'2021-05-08 00:00:00'),(188,176,58,'2021-05-08 00:00:00'),(215,213,58,'2021-05-08 00:00:00'),(228,121,58,'2021-05-08 00:00:00'),(256,44,10,'2021-05-08 00:00:00'),(261,321,3,'2021-05-08 00:00:00'),(287,118,16,'2021-05-08 00:00:00'),(332,128,38,'2021-05-08 00:00:00'),(342,42,35,'2021-05-08 00:00:00'),(351,236,7,'2021-05-08 00:00:00'),(376,197,4,'2021-05-08 00:00:00'),(384,148,56,'2021-05-08 00:00:00'),(391,189,90,'2021-05-08 00:00:00'),(422,29,79,'2021-05-08 00:00:00'),(423,348,3,'2021-05-08 00:00:00'),(424,56,72,'2021-05-08 00:00:00'),(460,212,65,'2021-05-08 00:00:00'),(466,121,68,'2021-05-08 00:00:00'),(475,133,55,'2021-05-08 00:00:00'),(499,120,93,'2021-05-08 00:00:00'),(500,300,42,'2021-05-08 00:00:00'),(506,326,44,'2021-05-08 00:00:00'),(514,209,15,'2021-05-08 00:00:00'),(518,41,29,'2021-05-08 00:00:00'),(118,163,23,'2021-05-09 00:00:00'),(122,170,18,'2021-05-09 00:00:00'),(153,207,15,'2021-05-09 00:00:00'),(199,187,14,'2021-05-09 00:00:00'),(206,20,75,'2021-05-09 00:00:00'),(215,295,2,'2021-05-09 00:00:00'),(231,291,1,'2021-05-09 00:00:00'),(249,34,12,'2021-05-09 00:00:00'),(253,168,4,'2021-05-09 00:00:00'),(273,277,56,'2021-05-09 00:00:00'),(309,100,96,'2021-05-09 00:00:00'),(337,212,27,'2021-05-09 00:00:00'),(385,132,9,'2021-05-09 00:00:00'),(425,149,98,'2021-05-09 00:00:00'),(427,340,79,'2021-05-09 00:00:00'),(451,147,87,'2021-05-09 00:00:00'),(460,312,63,'2021-05-09 00:00:00'),(465,343,10,'2021-05-09 00:00:00'),(498,285,60,'2021-05-09 00:00:00'),(115,177,35,'2021-05-10 00:00:00'),(152,249,66,'2021-05-10 00:00:00'),(155,125,52,'2021-05-10 00:00:00'),(181,318,8,'2021-05-10 00:00:00'),(196,54,21,'2021-05-10 00:00:00'),(219,224,23,'2021-05-10 00:00:00'),(228,184,15,'2021-05-10 00:00:00'),(296,322,56,'2021-05-10 00:00:00'),(297,20,9,'2021-05-10 00:00:00'),(309,160,89,'2021-05-10 00:00:00'),(353,67,70,'2021-05-10 00:00:00'),(425,173,43,'2021-05-10 00:00:00'),(425,66,55,'2021-05-10 00:00:00'),(445,93,44,'2021-05-10 00:00:00'),(446,188,96,'2021-05-10 00:00:00'),(455,327,35,'2021-05-10 00:00:00'),(517,15,46,'2021-05-10 00:00:00'),(524,341,58,'2021-05-10 00:00:00'),(580,345,66,'2021-05-10 00:00:00'),(595,116,37,'2021-05-10 00:00:00'),(107,185,42,'2021-05-11 00:00:00'),(141,271,22,'2021-05-11 00:00:00'),(159,192,35,'2021-05-11 00:00:00'),(233,122,9,'2021-05-11 00:00:00'),(266,300,48,'2021-05-11 00:00:00'),(281,300,53,'2021-05-11 00:00:00'),(314,343,82,'2021-05-11 00:00:00'),(328,83,72,'2021-05-11 00:00:00'),(338,69,5,'2021-05-11 00:00:00'),(370,286,78,'2021-05-11 00:00:00'),(371,11,45,'2021-05-11 00:00:00'),(378,59,67,'2021-05-11 00:00:00'),(381,336,78,'2021-05-11 00:00:00'),(383,244,38,'2021-05-11 00:00:00'),(388,155,60,'2021-05-11 00:00:00'),(389,58,75,'2021-05-11 00:00:00'),(390,210,6,'2021-05-11 00:00:00'),(458,81,22,'2021-05-11 00:00:00'),(462,4,22,'2021-05-11 00:00:00'),(463,20,60,'2021-05-11 00:00:00'),(471,315,2,'2021-05-11 00:00:00'),(480,313,36,'2021-05-11 00:00:00'),(504,122,46,'2021-05-11 00:00:00'),(528,57,62,'2021-05-11 00:00:00'),(555,24,11,'2021-05-11 00:00:00'),(575,291,40,'2021-05-11 00:00:00'),(596,97,87,'2021-05-11 00:00:00'),(118,79,87,'2021-05-12 00:00:00'),(152,35,67,'2021-05-12 00:00:00'),(179,113,95,'2021-05-12 00:00:00'),(190,24,11,'2021-05-12 00:00:00'),(199,185,4,'2021-05-12 00:00:00'),(229,264,50,'2021-05-12 00:00:00'),(324,1,88,'2021-05-12 00:00:00'),(347,41,23,'2021-05-12 00:00:00'),(352,327,19,'2021-05-12 00:00:00'),(386,215,69,'2021-05-12 00:00:00'),(397,264,69,'2021-05-12 00:00:00'),(399,78,56,'2021-05-12 00:00:00'),(403,126,20,'2021-05-12 00:00:00'),(405,343,3,'2021-05-12 00:00:00'),(431,176,35,'2021-05-12 00:00:00'),(460,122,56,'2021-05-12 00:00:00'),(461,274,95,'2021-05-12 00:00:00'),(463,271,21,'2021-05-12 00:00:00'),(474,70,91,'2021-05-12 00:00:00'),(480,25,53,'2021-05-12 00:00:00'),(489,294,52,'2021-05-12 00:00:00'),(537,97,19,'2021-05-12 00:00:00'),(537,238,84,'2021-05-12 00:00:00'),(544,165,58,'2021-05-12 00:00:00'),(562,157,29,'2021-05-12 00:00:00'),(590,130,57,'2021-05-12 00:00:00'),(595,214,31,'2021-05-12 00:00:00'),(110,211,83,'2021-05-13 00:00:00'),(124,284,77,'2021-05-13 00:00:00'),(216,50,8,'2021-05-13 00:00:00'),(217,144,83,'2021-05-13 00:00:00'),(280,83,77,'2021-05-13 00:00:00'),(289,243,31,'2021-05-13 00:00:00'),(380,261,56,'2021-05-13 00:00:00'),(402,58,94,'2021-05-13 00:00:00'),(439,90,93,'2021-05-13 00:00:00'),(445,243,47,'2021-05-13 00:00:00'),(447,1,61,'2021-05-13 00:00:00'),(460,52,70,'2021-05-13 00:00:00'),(537,347,8,'2021-05-13 00:00:00'),(572,340,37,'2021-05-13 00:00:00'),(111,266,81,'2021-05-14 00:00:00'),(112,310,43,'2021-05-14 00:00:00'),(131,228,16,'2021-05-14 00:00:00'),(141,146,3,'2021-05-14 00:00:00'),(156,135,3,'2021-05-14 00:00:00'),(184,292,63,'2021-05-14 00:00:00'),(223,278,1,'2021-05-14 00:00:00'),(227,209,2,'2021-05-14 00:00:00'),(238,288,88,'2021-05-14 00:00:00'),(346,206,79,'2021-05-14 00:00:00'),(371,341,81,'2021-05-14 00:00:00'),(395,56,32,'2021-05-14 00:00:00'),(430,243,56,'2021-05-14 00:00:00'),(444,297,19,'2021-05-14 00:00:00'),(485,357,29,'2021-05-14 00:00:00'),(565,150,4,'2021-05-14 00:00:00'),(576,6,48,'2021-05-14 00:00:00'),(115,183,87,'2021-05-15 00:00:00'),(123,226,39,'2021-05-15 00:00:00'),(132,42,62,'2021-05-15 00:00:00'),(147,249,87,'2021-05-15 00:00:00'),(159,151,77,'2021-05-15 00:00:00'),(163,158,64,'2021-05-15 00:00:00'),(169,164,56,'2021-05-15 00:00:00'),(181,137,43,'2021-05-15 00:00:00'),(225,135,53,'2021-05-15 00:00:00'),(281,228,78,'2021-05-15 00:00:00'),(285,105,78,'2021-05-15 00:00:00'),(296,208,90,'2021-05-15 00:00:00'),(305,120,42,'2021-05-15 00:00:00'),(375,201,12,'2021-05-15 00:00:00'),(383,193,27,'2021-05-15 00:00:00'),(389,335,68,'2021-05-15 00:00:00'),(411,137,41,'2021-05-15 00:00:00'),(419,104,36,'2021-05-15 00:00:00'),(421,120,77,'2021-05-15 00:00:00'),(441,13,96,'2021-05-15 00:00:00'),(458,170,12,'2021-05-15 00:00:00'),(494,270,99,'2021-05-15 00:00:00'),(532,281,48,'2021-05-15 00:00:00'),(560,241,39,'2021-05-15 00:00:00'),(598,174,60,'2021-05-15 00:00:00'),(125,318,65,'2021-05-16 00:00:00'),(179,213,41,'2021-05-16 00:00:00'),(180,314,60,'2021-05-16 00:00:00'),(184,355,6,'2021-05-16 00:00:00'),(287,228,22,'2021-05-16 00:00:00'),(292,224,27,'2021-05-16 00:00:00'),(316,26,63,'2021-05-16 00:00:00'),(344,81,56,'2021-05-16 00:00:00'),(352,163,50,'2021-05-16 00:00:00'),(375,186,49,'2021-05-16 00:00:00'),(420,282,32,'2021-05-16 00:00:00'),(443,99,22,'2021-05-16 00:00:00'),(479,186,52,'2021-05-16 00:00:00'),(506,332,63,'2021-05-16 00:00:00'),(528,176,35,'2021-05-16 00:00:00'),(561,31,12,'2021-05-16 00:00:00'),(569,90,96,'2021-05-16 00:00:00'),(573,243,81,'2021-05-16 00:00:00'),(578,141,14,'2021-05-16 00:00:00'),(579,4,37,'2021-05-16 00:00:00'),(590,91,44,'2021-05-16 00:00:00'),(592,141,27,'2021-05-16 00:00:00'),(102,322,93,'2021-05-17 00:00:00'),(104,109,18,'2021-05-17 00:00:00'),(122,239,8,'2021-05-17 00:00:00'),(190,124,63,'2021-05-17 00:00:00'),(250,265,43,'2021-05-17 00:00:00'),(268,36,75,'2021-05-17 00:00:00'),(307,291,64,'2021-05-17 00:00:00'),(319,201,81,'2021-05-17 00:00:00'),(337,341,1,'2021-05-17 00:00:00'),(356,17,55,'2021-05-17 00:00:00'),(383,180,7,'2021-05-17 00:00:00'),(470,39,16,'2021-05-17 00:00:00'),(495,247,82,'2021-05-17 00:00:00'),(512,135,60,'2021-05-17 00:00:00'),(519,210,50,'2021-05-17 00:00:00'),(534,12,1,'2021-05-17 00:00:00'),(572,137,43,'2021-05-17 00:00:00'),(155,283,81,'2021-05-18 00:00:00'),(188,200,90,'2021-05-18 00:00:00'),(195,66,32,'2021-05-18 00:00:00'),(221,160,54,'2021-05-18 00:00:00'),(229,285,15,'2021-05-18 00:00:00'),(259,141,16,'2021-05-18 00:00:00'),(268,156,15,'2021-05-18 00:00:00'),(282,287,67,'2021-05-18 00:00:00'),(287,121,18,'2021-05-18 00:00:00'),(295,204,35,'2021-05-18 00:00:00'),(311,249,11,'2021-05-18 00:00:00'),(316,340,60,'2021-05-18 00:00:00'),(328,337,65,'2021-05-18 00:00:00'),(331,298,43,'2021-05-18 00:00:00'),(339,34,47,'2021-05-18 00:00:00'),(350,157,41,'2021-05-18 00:00:00'),(358,37,45,'2021-05-18 00:00:00'),(375,299,20,'2021-05-18 00:00:00'),(411,163,82,'2021-05-18 00:00:00'),(416,194,28,'2021-05-18 00:00:00'),(440,262,34,'2021-05-18 00:00:00'),(444,326,82,'2021-05-18 00:00:00'),(532,2,8,'2021-05-18 00:00:00'),(119,288,56,'2021-05-19 00:00:00'),(204,126,37,'2021-05-19 00:00:00'),(214,158,25,'2021-05-19 00:00:00'),(217,250,55,'2021-05-19 00:00:00'),(241,279,86,'2021-05-19 00:00:00'),(251,140,33,'2021-05-19 00:00:00'),(281,44,11,'2021-05-19 00:00:00'),(318,163,93,'2021-05-19 00:00:00'),(332,118,48,'2021-05-19 00:00:00'),(393,5,54,'2021-05-19 00:00:00'),(425,327,17,'2021-05-19 00:00:00'),(431,95,58,'2021-05-19 00:00:00'),(477,296,95,'2021-05-19 00:00:00'),(480,42,46,'2021-05-19 00:00:00'),(507,204,65,'2021-05-19 00:00:00'),(550,131,9,'2021-05-19 00:00:00'),(561,250,87,'2021-05-19 00:00:00'),(579,235,28,'2021-05-19 00:00:00'),(600,274,28,'2021-05-19 00:00:00'),(118,60,52,'2021-05-20 00:00:00'),(165,46,30,'2021-05-20 00:00:00'),(170,228,39,'2021-05-20 00:00:00'),(173,124,23,'2021-05-20 00:00:00'),(189,314,41,'2021-05-20 00:00:00'),(190,317,14,'2021-05-20 00:00:00'),(190,199,45,'2021-05-20 00:00:00'),(212,4,18,'2021-05-20 00:00:00'),(212,117,58,'2021-05-20 00:00:00'),(252,301,100,'2021-05-20 00:00:00'),(265,313,62,'2021-05-20 00:00:00'),(277,118,87,'2021-05-20 00:00:00'),(282,1,38,'2021-05-20 00:00:00'),(282,319,69,'2021-05-20 00:00:00'),(327,177,88,'2021-05-20 00:00:00'),(336,73,73,'2021-05-20 00:00:00'),(352,234,6,'2021-05-20 00:00:00'),(396,58,9,'2021-05-20 00:00:00'),(447,249,65,'2021-05-20 00:00:00'),(458,161,68,'2021-05-20 00:00:00'),(462,160,1,'2021-05-20 00:00:00'),(506,197,42,'2021-05-20 00:00:00'),(553,225,79,'2021-05-20 00:00:00'),(564,127,25,'2021-05-20 00:00:00'),(566,309,73,'2021-05-20 00:00:00'),(596,300,82,'2021-05-20 00:00:00'),(115,308,54,'2021-05-21 00:00:00'),(117,311,31,'2021-05-21 00:00:00'),(127,193,92,'2021-05-21 00:00:00'),(130,14,89,'2021-05-21 00:00:00'),(163,181,95,'2021-05-21 00:00:00'),(167,107,8,'2021-05-21 00:00:00'),(187,280,9,'2021-05-21 00:00:00'),(188,280,17,'2021-05-21 00:00:00'),(199,132,7,'2021-05-21 00:00:00'),(205,193,45,'2021-05-21 00:00:00'),(222,297,27,'2021-05-21 00:00:00'),(235,176,90,'2021-05-21 00:00:00'),(244,238,4,'2021-05-21 00:00:00'),(260,180,70,'2021-05-21 00:00:00'),(300,316,39,'2021-05-21 00:00:00'),(344,156,64,'2021-05-21 00:00:00'),(348,227,30,'2021-05-21 00:00:00'),(351,279,42,'2021-05-21 00:00:00'),(360,97,27,'2021-05-21 00:00:00'),(366,47,53,'2021-05-21 00:00:00'),(379,105,84,'2021-05-21 00:00:00'),(385,180,47,'2021-05-21 00:00:00'),(389,268,30,'2021-05-21 00:00:00'),(416,202,26,'2021-05-21 00:00:00'),(436,359,83,'2021-05-21 00:00:00'),(445,292,89,'2021-05-21 00:00:00'),(446,133,26,'2021-05-21 00:00:00'),(459,316,57,'2021-05-21 00:00:00'),(474,340,78,'2021-05-21 00:00:00'),(485,134,57,'2021-05-21 00:00:00'),(528,211,9,'2021-05-21 00:00:00'),(591,312,22,'2021-05-21 00:00:00'),(119,225,80,'2021-05-22 00:00:00'),(189,314,88,'2021-05-22 00:00:00'),(204,355,51,'2021-05-22 00:00:00'),(251,144,26,'2021-05-22 00:00:00'),(263,142,58,'2021-05-22 00:00:00'),(277,257,38,'2021-05-22 00:00:00'),(309,180,45,'2021-05-22 00:00:00'),(311,144,3,'2021-05-22 00:00:00'),(331,217,36,'2021-05-22 00:00:00'),(339,328,87,'2021-05-22 00:00:00'),(354,23,93,'2021-05-22 00:00:00'),(363,251,6,'2021-05-22 00:00:00'),(406,300,7,'2021-05-22 00:00:00'),(418,116,34,'2021-05-22 00:00:00'),(429,266,57,'2021-05-22 00:00:00'),(434,94,49,'2021-05-22 00:00:00'),(486,19,47,'2021-05-22 00:00:00'),(504,155,5,'2021-05-22 00:00:00'),(519,86,25,'2021-05-22 00:00:00'),(530,136,70,'2021-05-22 00:00:00'),(537,168,68,'2021-05-22 00:00:00'),(556,233,81,'2021-05-22 00:00:00'),(126,60,90,'2021-05-23 00:00:00'),(146,174,50,'2021-05-23 00:00:00'),(156,115,25,'2021-05-23 00:00:00'),(195,66,12,'2021-05-23 00:00:00'),(246,300,49,'2021-05-23 00:00:00'),(294,282,54,'2021-05-23 00:00:00'),(309,261,42,'2021-05-23 00:00:00'),(326,348,50,'2021-05-23 00:00:00'),(336,319,6,'2021-05-23 00:00:00'),(343,25,18,'2021-05-23 00:00:00'),(346,311,58,'2021-05-23 00:00:00'),(386,99,65,'2021-05-23 00:00:00'),(388,116,50,'2021-05-23 00:00:00'),(390,39,68,'2021-05-23 00:00:00'),(405,283,9,'2021-05-23 00:00:00'),(475,325,13,'2021-05-23 00:00:00'),(511,326,65,'2021-05-23 00:00:00'),(538,75,87,'2021-05-23 00:00:00'),(579,16,66,'2021-05-23 00:00:00'),(105,220,9,'2021-05-24 00:00:00'),(117,109,17,'2021-05-24 00:00:00'),(154,186,47,'2021-05-24 00:00:00'),(201,6,77,'2021-05-24 00:00:00'),(205,354,49,'2021-05-24 00:00:00'),(222,182,19,'2021-05-24 00:00:00'),(240,158,14,'2021-05-24 00:00:00'),(264,101,52,'2021-05-24 00:00:00'),(287,95,47,'2021-05-24 00:00:00'),(288,92,37,'2021-05-24 00:00:00'),(297,98,41,'2021-05-24 00:00:00'),(315,46,23,'2021-05-24 00:00:00'),(363,39,78,'2021-05-24 00:00:00'),(368,180,29,'2021-05-24 00:00:00'),(382,113,38,'2021-05-24 00:00:00'),(413,269,1,'2021-05-24 00:00:00'),(427,150,53,'2021-05-24 00:00:00'),(450,135,95,'2021-05-24 00:00:00'),(508,93,21,'2021-05-24 00:00:00'),(535,255,44,'2021-05-24 00:00:00'),(543,95,34,'2021-05-24 00:00:00'),(123,113,26,'2021-05-25 00:00:00'),(146,85,38,'2021-05-25 00:00:00'),(150,358,79,'2021-05-25 00:00:00'),(176,97,44,'2021-05-25 00:00:00'),(188,212,22,'2021-05-25 00:00:00'),(199,273,93,'2021-05-25 00:00:00'),(243,160,13,'2021-05-25 00:00:00'),(297,49,30,'2021-05-25 00:00:00'),(308,36,24,'2021-05-25 00:00:00'),(325,329,63,'2021-05-25 00:00:00'),(337,42,8,'2021-05-25 00:00:00'),(341,329,64,'2021-05-25 00:00:00'),(379,88,100,'2021-05-25 00:00:00'),(390,85,32,'2021-05-25 00:00:00'),(391,97,69,'2021-05-25 00:00:00'),(395,60,7,'2021-05-25 00:00:00'),(433,289,58,'2021-05-25 00:00:00'),(445,184,82,'2021-05-25 00:00:00'),(447,70,93,'2021-05-25 00:00:00'),(455,167,50,'2021-05-25 00:00:00'),(485,210,13,'2021-05-25 00:00:00'),(526,316,84,'2021-05-25 00:00:00'),(532,238,82,'2021-05-25 00:00:00'),(533,140,14,'2021-05-25 00:00:00'),(540,289,36,'2021-05-25 00:00:00'),(555,218,91,'2021-05-25 00:00:00'),(561,217,84,'2021-05-25 00:00:00'),(570,17,23,'2021-05-25 00:00:00'),(104,101,16,'2021-05-26 00:00:00'),(107,257,6,'2021-05-26 00:00:00'),(137,45,19,'2021-05-26 00:00:00'),(141,195,43,'2021-05-26 00:00:00'),(185,3,36,'2021-05-26 00:00:00'),(232,235,46,'2021-05-26 00:00:00'),(242,267,18,'2021-05-26 00:00:00'),(244,248,72,'2021-05-26 00:00:00'),(253,336,65,'2021-05-26 00:00:00'),(258,220,28,'2021-05-26 00:00:00'),(262,27,21,'2021-05-26 00:00:00'),(264,330,40,'2021-05-26 00:00:00'),(291,57,55,'2021-05-26 00:00:00'),(309,249,94,'2021-05-26 00:00:00'),(316,177,38,'2021-05-26 00:00:00'),(326,21,40,'2021-05-26 00:00:00'),(404,104,13,'2021-05-26 00:00:00'),(406,156,16,'2021-05-26 00:00:00'),(551,153,85,'2021-05-26 00:00:00'),(565,100,41,'2021-05-26 00:00:00'),(566,284,41,'2021-05-26 00:00:00'),(573,268,23,'2021-05-26 00:00:00'),(590,16,26,'2021-05-26 00:00:00'),(595,99,77,'2021-05-26 00:00:00'),(599,310,11,'2021-05-26 00:00:00'),(213,157,57,'2021-05-27 00:00:00'),(234,284,82,'2021-05-27 00:00:00'),(268,254,47,'2021-05-27 00:00:00'),(288,265,27,'2021-05-27 00:00:00'),(304,182,51,'2021-05-27 00:00:00'),(329,233,2,'2021-05-27 00:00:00'),(353,353,86,'2021-05-27 00:00:00'),(373,339,70,'2021-05-27 00:00:00'),(391,84,94,'2021-05-27 00:00:00'),(419,287,4,'2021-05-27 00:00:00'),(457,118,59,'2021-05-27 00:00:00'),(459,304,71,'2021-05-27 00:00:00'),(473,156,61,'2021-05-27 00:00:00'),(534,125,71,'2021-05-27 00:00:00'),(537,144,82,'2021-05-27 00:00:00'),(541,234,44,'2021-05-27 00:00:00'),(553,159,39,'2021-05-27 00:00:00'),(566,161,86,'2021-05-27 00:00:00'),(581,94,52,'2021-05-27 00:00:00'),(585,204,25,'2021-05-27 00:00:00'),(594,226,63,'2021-05-27 00:00:00'),(597,295,89,'2021-05-27 00:00:00'),(108,233,91,'2021-05-28 00:00:00'),(112,220,2,'2021-05-28 00:00:00'),(123,293,75,'2021-05-28 00:00:00'),(128,200,32,'2021-05-28 00:00:00'),(128,308,88,'2021-05-28 00:00:00'),(190,74,10,'2021-05-28 00:00:00'),(231,289,12,'2021-05-28 00:00:00'),(261,57,8,'2021-05-28 00:00:00'),(273,302,19,'2021-05-28 00:00:00'),(291,303,24,'2021-05-28 00:00:00'),(298,143,23,'2021-05-28 00:00:00'),(325,39,9,'2021-05-28 00:00:00'),(329,214,52,'2021-05-28 00:00:00'),(331,263,60,'2021-05-28 00:00:00'),(353,133,67,'2021-05-28 00:00:00'),(366,64,100,'2021-05-28 00:00:00'),(371,136,92,'2021-05-28 00:00:00'),(440,160,67,'2021-05-28 00:00:00'),(481,244,68,'2021-05-28 00:00:00'),(521,13,2,'2021-05-28 00:00:00'),(521,228,82,'2021-05-28 00:00:00'),(577,321,85,'2021-05-28 00:00:00'),(597,224,88,'2021-05-28 00:00:00'),(132,302,77,'2021-05-29 00:00:00'),(135,232,94,'2021-05-29 00:00:00'),(144,299,45,'2021-05-29 00:00:00'),(164,159,90,'2021-05-29 00:00:00'),(180,170,85,'2021-05-29 00:00:00'),(212,31,43,'2021-05-29 00:00:00'),(237,194,3,'2021-05-29 00:00:00'),(246,279,71,'2021-05-29 00:00:00'),(272,97,58,'2021-05-29 00:00:00'),(281,3,86,'2021-05-29 00:00:00'),(307,38,43,'2021-05-29 00:00:00'),(338,170,46,'2021-05-29 00:00:00'),(341,176,32,'2021-05-29 00:00:00'),(351,94,6,'2021-05-29 00:00:00'),(352,170,25,'2021-05-29 00:00:00'),(398,10,73,'2021-05-29 00:00:00'),(420,304,48,'2021-05-29 00:00:00'),(437,343,64,'2021-05-29 00:00:00'),(483,242,99,'2021-05-29 00:00:00'),(505,70,17,'2021-05-29 00:00:00'),(532,137,52,'2021-05-29 00:00:00'),(586,287,21,'2021-05-29 00:00:00'),(184,16,87,'2021-05-30 00:00:00'),(192,110,94,'2021-05-30 00:00:00'),(196,230,26,'2021-05-30 00:00:00'),(220,243,58,'2021-05-30 00:00:00'),(307,7,5,'2021-05-30 00:00:00'),(311,118,12,'2021-05-30 00:00:00'),(348,60,92,'2021-05-30 00:00:00'),(361,224,7,'2021-05-30 00:00:00'),(370,288,26,'2021-05-30 00:00:00'),(431,293,62,'2021-05-30 00:00:00'),(470,164,33,'2021-05-30 00:00:00'),(476,220,53,'2021-05-30 00:00:00'),(484,58,73,'2021-05-30 00:00:00'),(507,283,8,'2021-05-30 00:00:00'),(523,231,23,'2021-05-30 00:00:00'),(547,14,43,'2021-05-30 00:00:00'),(600,133,52,'2021-05-30 00:00:00'),(113,292,48,'2021-05-31 00:00:00'),(121,65,70,'2021-05-31 00:00:00'),(132,242,88,'2021-05-31 00:00:00'),(188,199,22,'2021-05-31 00:00:00'),(194,146,35,'2021-05-31 00:00:00'),(204,210,9,'2021-05-31 00:00:00'),(232,122,46,'2021-05-31 00:00:00'),(244,140,8,'2021-05-31 00:00:00'),(244,187,73,'2021-05-31 00:00:00'),(313,330,33,'2021-05-31 00:00:00'),(333,291,90,'2021-05-31 00:00:00'),(365,170,60,'2021-05-31 00:00:00'),(378,287,33,'2021-05-31 00:00:00'),(392,263,31,'2021-05-31 00:00:00'),(397,59,70,'2021-05-31 00:00:00'),(470,271,59,'2021-05-31 00:00:00'),(491,344,85,'2021-05-31 00:00:00'),(498,202,1,'2021-05-31 00:00:00'),(525,137,68,'2021-05-31 00:00:00'),(560,316,83,'2021-05-31 00:00:00'),(573,130,98,'2021-05-31 00:00:00'),(128,194,42,'2021-06-01 00:00:00'),(159,263,76,'2021-06-01 00:00:00'),(168,281,55,'2021-06-01 00:00:00'),(185,233,20,'2021-06-01 00:00:00'),(185,248,68,'2021-06-01 00:00:00'),(203,234,67,'2021-06-01 00:00:00'),(234,92,96,'2021-06-01 00:00:00'),(236,190,87,'2021-06-01 00:00:00'),(239,59,90,'2021-06-01 00:00:00'),(252,136,67,'2021-06-01 00:00:00'),(253,71,69,'2021-06-01 00:00:00'),(253,105,92,'2021-06-01 00:00:00'),(254,318,15,'2021-06-01 00:00:00'),(260,212,47,'2021-06-01 00:00:00'),(284,337,66,'2021-06-01 00:00:00'),(293,347,55,'2021-06-01 00:00:00'),(370,339,14,'2021-06-01 00:00:00'),(378,255,35,'2021-06-01 00:00:00'),(385,170,32,'2021-06-01 00:00:00'),(423,144,15,'2021-06-01 00:00:00'),(439,34,86,'2021-06-01 00:00:00'),(453,274,51,'2021-06-01 00:00:00'),(554,201,81,'2021-06-01 00:00:00'),(562,20,44,'2021-06-01 00:00:00'),(217,354,84,'2021-06-02 00:00:00'),(221,96,59,'2021-06-02 00:00:00'),(234,26,61,'2021-06-02 00:00:00'),(254,125,33,'2021-06-02 00:00:00'),(279,2,37,'2021-06-02 00:00:00'),(279,120,64,'2021-06-02 00:00:00'),(307,45,77,'2021-06-02 00:00:00'),(311,184,11,'2021-06-02 00:00:00'),(326,189,82,'2021-06-02 00:00:00'),(330,310,43,'2021-06-02 00:00:00'),(433,248,9,'2021-06-02 00:00:00'),(459,319,99,'2021-06-02 00:00:00'),(547,3,57,'2021-06-02 00:00:00'),(555,220,89,'2021-06-02 00:00:00'),(565,139,9,'2021-06-02 00:00:00'),(146,193,42,'2021-06-03 00:00:00'),(160,274,73,'2021-06-03 00:00:00'),(166,80,81,'2021-06-03 00:00:00'),(172,276,96,'2021-06-03 00:00:00'),(198,120,38,'2021-06-03 00:00:00'),(204,35,19,'2021-06-03 00:00:00'),(210,331,16,'2021-06-03 00:00:00'),(244,125,86,'2021-06-03 00:00:00'),(269,83,95,'2021-06-03 00:00:00'),(273,201,37,'2021-06-03 00:00:00'),(297,109,8,'2021-06-03 00:00:00'),(357,350,36,'2021-06-03 00:00:00'),(390,182,59,'2021-06-03 00:00:00'),(412,29,64,'2021-06-03 00:00:00'),(421,123,10,'2021-06-03 00:00:00'),(473,167,9,'2021-06-03 00:00:00'),(479,143,71,'2021-06-03 00:00:00'),(493,236,90,'2021-06-03 00:00:00'),(502,246,41,'2021-06-03 00:00:00'),(504,27,47,'2021-06-03 00:00:00'),(547,49,55,'2021-06-03 00:00:00'),(584,283,84,'2021-06-03 00:00:00'),(135,86,56,'2021-06-04 00:00:00'),(236,251,45,'2021-06-04 00:00:00'),(237,265,33,'2021-06-04 00:00:00'),(267,109,60,'2021-06-04 00:00:00'),(339,94,98,'2021-06-04 00:00:00'),(359,99,99,'2021-06-04 00:00:00'),(370,262,40,'2021-06-04 00:00:00'),(459,24,15,'2021-06-04 00:00:00'),(498,26,93,'2021-06-04 00:00:00'),(506,292,95,'2021-06-04 00:00:00'),(509,160,87,'2021-06-04 00:00:00'),(510,253,84,'2021-06-04 00:00:00'),(591,236,30,'2021-06-04 00:00:00'),(152,300,41,'2021-06-05 00:00:00'),(174,208,5,'2021-06-05 00:00:00'),(220,347,39,'2021-06-05 00:00:00'),(238,350,70,'2021-06-05 00:00:00'),(242,142,94,'2021-06-05 00:00:00'),(286,294,70,'2021-06-05 00:00:00'),(325,330,19,'2021-06-05 00:00:00'),(347,218,84,'2021-06-05 00:00:00'),(354,109,1,'2021-06-05 00:00:00'),(354,76,91,'2021-06-05 00:00:00'),(410,254,5,'2021-06-05 00:00:00'),(424,350,26,'2021-06-05 00:00:00'),(491,190,20,'2021-06-05 00:00:00'),(502,295,51,'2021-06-05 00:00:00'),(506,145,38,'2021-06-05 00:00:00'),(527,239,96,'2021-06-05 00:00:00'),(531,257,28,'2021-06-05 00:00:00'),(531,314,84,'2021-06-05 00:00:00'),(545,323,89,'2021-06-05 00:00:00'),(550,36,45,'2021-06-05 00:00:00'),(560,17,96,'2021-06-05 00:00:00'),(564,152,87,'2021-06-05 00:00:00'),(120,338,82,'2021-06-06 00:00:00'),(131,94,15,'2021-06-06 00:00:00'),(161,177,53,'2021-06-06 00:00:00'),(224,151,2,'2021-06-06 00:00:00'),(239,318,61,'2021-06-06 00:00:00'),(264,359,69,'2021-06-06 00:00:00'),(293,69,64,'2021-06-06 00:00:00'),(320,86,62,'2021-06-06 00:00:00'),(321,299,15,'2021-06-06 00:00:00'),(325,311,34,'2021-06-06 00:00:00'),(342,320,98,'2021-06-06 00:00:00'),(346,264,19,'2021-06-06 00:00:00'),(373,170,82,'2021-06-06 00:00:00'),(389,357,34,'2021-06-06 00:00:00'),(435,276,2,'2021-06-06 00:00:00'),(481,199,65,'2021-06-06 00:00:00'),(482,211,17,'2021-06-06 00:00:00'),(503,201,87,'2021-06-06 00:00:00'),(518,69,79,'2021-06-06 00:00:00'),(529,61,86,'2021-06-06 00:00:00'),(534,310,95,'2021-06-06 00:00:00'),(547,65,98,'2021-06-06 00:00:00'),(575,79,58,'2021-06-06 00:00:00'),(589,215,11,'2021-06-06 00:00:00'),(596,123,59,'2021-06-06 00:00:00'),(137,270,48,'2021-06-07 00:00:00'),(144,310,75,'2021-06-07 00:00:00'),(167,76,93,'2021-06-07 00:00:00'),(185,65,70,'2021-06-07 00:00:00'),(203,281,91,'2021-06-07 00:00:00'),(223,195,84,'2021-06-07 00:00:00'),(261,111,1,'2021-06-07 00:00:00'),(263,205,82,'2021-06-07 00:00:00'),(277,37,56,'2021-06-07 00:00:00'),(279,347,75,'2021-06-07 00:00:00'),(306,23,82,'2021-06-07 00:00:00'),(342,125,84,'2021-06-07 00:00:00'),(362,350,15,'2021-06-07 00:00:00'),(376,332,4,'2021-06-07 00:00:00'),(430,93,82,'2021-06-07 00:00:00'),(435,97,2,'2021-06-07 00:00:00'),(447,210,79,'2021-06-07 00:00:00'),(479,275,37,'2021-06-07 00:00:00'),(483,15,36,'2021-06-07 00:00:00'),(499,87,73,'2021-06-07 00:00:00'),(501,345,66,'2021-06-07 00:00:00'),(511,227,5,'2021-06-07 00:00:00'),(513,249,97,'2021-06-07 00:00:00'),(560,79,54,'2021-06-07 00:00:00'),(578,26,37,'2021-06-07 00:00:00'),(594,243,1,'2021-06-07 00:00:00'),(134,318,70,'2021-06-08 00:00:00'),(148,101,5,'2021-06-08 00:00:00'),(180,221,86,'2021-06-08 00:00:00'),(195,271,72,'2021-06-08 00:00:00'),(234,193,64,'2021-06-08 00:00:00'),(246,49,26,'2021-06-08 00:00:00'),(254,52,54,'2021-06-08 00:00:00'),(257,350,69,'2021-06-08 00:00:00'),(264,119,25,'2021-06-08 00:00:00'),(266,188,60,'2021-06-08 00:00:00'),(316,359,76,'2021-06-08 00:00:00'),(322,229,83,'2021-06-08 00:00:00'),(367,237,98,'2021-06-08 00:00:00'),(372,340,57,'2021-06-08 00:00:00'),(389,180,87,'2021-06-08 00:00:00'),(422,62,100,'2021-06-08 00:00:00'),(446,120,63,'2021-06-08 00:00:00'),(452,270,41,'2021-06-08 00:00:00'),(541,97,71,'2021-06-08 00:00:00'),(557,229,90,'2021-06-08 00:00:00'),(578,60,11,'2021-06-08 00:00:00'),(590,153,98,'2021-06-08 00:00:00'),(105,66,3,'2021-06-09 00:00:00'),(114,263,76,'2021-06-09 00:00:00'),(122,7,31,'2021-06-09 00:00:00'),(128,171,13,'2021-06-09 00:00:00'),(158,4,87,'2021-06-09 00:00:00'),(160,192,66,'2021-06-09 00:00:00'),(164,286,22,'2021-06-09 00:00:00'),(183,59,20,'2021-06-09 00:00:00'),(189,97,56,'2021-06-09 00:00:00'),(202,239,28,'2021-06-09 00:00:00'),(248,356,6,'2021-06-09 00:00:00'),(280,249,92,'2021-06-09 00:00:00'),(319,234,100,'2021-06-09 00:00:00'),(325,18,37,'2021-06-09 00:00:00'),(368,320,68,'2021-06-09 00:00:00'),(381,65,81,'2021-06-09 00:00:00'),(390,348,60,'2021-06-09 00:00:00'),(391,29,1,'2021-06-09 00:00:00'),(395,128,82,'2021-06-09 00:00:00'),(422,132,72,'2021-06-09 00:00:00'),(422,41,91,'2021-06-09 00:00:00'),(453,130,76,'2021-06-09 00:00:00'),(498,26,70,'2021-06-09 00:00:00'),(592,118,83,'2021-06-09 00:00:00'),(593,138,2,'2021-06-09 00:00:00'),(114,200,32,'2021-06-10 00:00:00'),(115,91,11,'2021-06-10 00:00:00'),(116,32,9,'2021-06-10 00:00:00'),(131,287,10,'2021-06-10 00:00:00'),(145,191,77,'2021-06-10 00:00:00'),(172,208,31,'2021-06-10 00:00:00'),(198,272,39,'2021-06-10 00:00:00'),(205,253,53,'2021-06-10 00:00:00'),(207,67,75,'2021-06-10 00:00:00'),(222,91,60,'2021-06-10 00:00:00'),(274,54,63,'2021-06-10 00:00:00'),(309,184,88,'2021-06-10 00:00:00'),(334,107,59,'2021-06-10 00:00:00'),(343,96,36,'2021-06-10 00:00:00'),(349,153,71,'2021-06-10 00:00:00'),(386,260,25,'2021-06-10 00:00:00'),(387,143,89,'2021-06-10 00:00:00'),(394,61,28,'2021-06-10 00:00:00'),(408,142,32,'2021-06-10 00:00:00'),(421,209,10,'2021-06-10 00:00:00'),(451,55,37,'2021-06-10 00:00:00'),(498,343,39,'2021-06-10 00:00:00'),(549,316,48,'2021-06-10 00:00:00'),(586,266,30,'2021-06-10 00:00:00'),(129,194,21,'2021-06-11 00:00:00'),(206,82,26,'2021-06-11 00:00:00'),(240,169,28,'2021-06-11 00:00:00'),(242,119,93,'2021-06-11 00:00:00'),(247,163,70,'2021-06-11 00:00:00'),(286,209,9,'2021-06-11 00:00:00'),(317,99,15,'2021-06-11 00:00:00'),(348,190,29,'2021-06-11 00:00:00'),(367,259,23,'2021-06-11 00:00:00'),(372,270,21,'2021-06-11 00:00:00'),(375,164,91,'2021-06-11 00:00:00'),(391,121,64,'2021-06-11 00:00:00'),(423,85,80,'2021-06-11 00:00:00'),(427,202,48,'2021-06-11 00:00:00'),(428,167,53,'2021-06-11 00:00:00'),(477,44,59,'2021-06-11 00:00:00'),(509,117,51,'2021-06-11 00:00:00'),(530,21,51,'2021-06-11 00:00:00'),(532,272,87,'2021-06-11 00:00:00'),(539,28,62,'2021-06-11 00:00:00'),(589,228,23,'2021-06-11 00:00:00'),(590,331,37,'2021-06-11 00:00:00'),(590,179,51,'2021-06-11 00:00:00'),(596,273,19,'2021-06-11 00:00:00'),(112,12,26,'2021-06-12 00:00:00'),(152,298,79,'2021-06-12 00:00:00'),(158,29,12,'2021-06-12 00:00:00'),(159,64,82,'2021-06-12 00:00:00'),(167,171,47,'2021-06-12 00:00:00'),(177,308,31,'2021-06-12 00:00:00'),(188,222,17,'2021-06-12 00:00:00'),(194,63,75,'2021-06-12 00:00:00'),(214,81,49,'2021-06-12 00:00:00'),(247,84,6,'2021-06-12 00:00:00'),(256,173,24,'2021-06-12 00:00:00'),(350,183,49,'2021-06-12 00:00:00'),(373,76,26,'2021-06-12 00:00:00'),(480,308,53,'2021-06-12 00:00:00'),(484,119,18,'2021-06-12 00:00:00'),(492,68,74,'2021-06-12 00:00:00'),(101,224,27,'2021-06-13 00:00:00'),(120,311,42,'2021-06-13 00:00:00'),(125,126,75,'2021-06-13 00:00:00'),(133,42,1,'2021-06-13 00:00:00'),(153,134,69,'2021-06-13 00:00:00'),(158,72,89,'2021-06-13 00:00:00'),(159,67,38,'2021-06-13 00:00:00'),(165,20,2,'2021-06-13 00:00:00'),(202,332,65,'2021-06-13 00:00:00'),(252,76,11,'2021-06-13 00:00:00'),(257,196,60,'2021-06-13 00:00:00'),(261,190,66,'2021-06-13 00:00:00'),(274,356,16,'2021-06-13 00:00:00'),(277,114,2,'2021-06-13 00:00:00'),(279,337,48,'2021-06-13 00:00:00'),(317,17,35,'2021-06-13 00:00:00'),(334,224,72,'2021-06-13 00:00:00'),(348,276,88,'2021-06-13 00:00:00'),(360,263,9,'2021-06-13 00:00:00'),(384,101,6,'2021-06-13 00:00:00'),(401,225,92,'2021-06-13 00:00:00'),(402,187,81,'2021-06-13 00:00:00'),(403,305,97,'2021-06-13 00:00:00'),(404,223,89,'2021-06-13 00:00:00'),(484,60,26,'2021-06-13 00:00:00'),(529,276,37,'2021-06-13 00:00:00'),(532,22,42,'2021-06-13 00:00:00'),(553,261,100,'2021-06-13 00:00:00'),(554,205,10,'2021-06-13 00:00:00'),(123,51,9,'2021-06-14 00:00:00'),(221,141,77,'2021-06-14 00:00:00'),(232,170,91,'2021-06-14 00:00:00'),(321,80,28,'2021-06-14 00:00:00'),(331,134,88,'2021-06-14 00:00:00'),(335,98,48,'2021-06-14 00:00:00'),(338,58,10,'2021-06-14 00:00:00'),(340,343,67,'2021-06-14 00:00:00'),(354,67,58,'2021-06-14 00:00:00'),(364,174,72,'2021-06-14 00:00:00'),(407,4,27,'2021-06-14 00:00:00'),(424,33,40,'2021-06-14 00:00:00'),(500,249,76,'2021-06-14 00:00:00'),(521,164,44,'2021-06-14 00:00:00'),(523,48,39,'2021-06-14 00:00:00'),(529,34,76,'2021-06-14 00:00:00'),(533,30,13,'2021-06-14 00:00:00'),(535,20,88,'2021-06-14 00:00:00'),(592,333,17,'2021-06-14 00:00:00'),(593,156,62,'2021-06-14 00:00:00'),(105,193,89,'2021-06-15 00:00:00'),(120,86,9,'2021-06-15 00:00:00'),(130,196,86,'2021-06-15 00:00:00'),(174,72,65,'2021-06-15 00:00:00'),(191,105,35,'2021-06-15 00:00:00'),(197,294,59,'2021-06-15 00:00:00'),(199,202,54,'2021-06-15 00:00:00'),(240,256,92,'2021-06-15 00:00:00'),(249,136,74,'2021-06-15 00:00:00'),(257,202,8,'2021-06-15 00:00:00'),(344,313,22,'2021-06-15 00:00:00'),(367,94,26,'2021-06-15 00:00:00'),(374,92,52,'2021-06-15 00:00:00'),(382,195,87,'2021-06-15 00:00:00'),(400,112,30,'2021-06-15 00:00:00'),(421,48,91,'2021-06-15 00:00:00'),(463,349,87,'2021-06-15 00:00:00'),(472,72,48,'2021-06-15 00:00:00'),(480,28,10,'2021-06-15 00:00:00'),(483,239,67,'2021-06-15 00:00:00'),(487,238,52,'2021-06-15 00:00:00'),(491,349,31,'2021-06-15 00:00:00'),(503,61,36,'2021-06-15 00:00:00'),(552,337,59,'2021-06-15 00:00:00'),(590,337,38,'2021-06-15 00:00:00'),(119,55,72,'2021-06-16 00:00:00'),(138,164,92,'2021-06-16 00:00:00'),(148,149,22,'2021-06-16 00:00:00'),(155,331,1,'2021-06-16 00:00:00'),(168,149,27,'2021-06-16 00:00:00'),(174,234,67,'2021-06-16 00:00:00'),(228,44,72,'2021-06-16 00:00:00'),(235,355,67,'2021-06-16 00:00:00'),(245,221,35,'2021-06-16 00:00:00'),(260,293,90,'2021-06-16 00:00:00'),(276,290,41,'2021-06-16 00:00:00'),(292,51,3,'2021-06-16 00:00:00'),(344,200,48,'2021-06-16 00:00:00'),(346,204,69,'2021-06-16 00:00:00'),(347,98,45,'2021-06-16 00:00:00'),(373,128,83,'2021-06-16 00:00:00'),(383,165,27,'2021-06-16 00:00:00'),(433,325,33,'2021-06-16 00:00:00'),(447,224,14,'2021-06-16 00:00:00'),(465,270,8,'2021-06-16 00:00:00'),(465,205,18,'2021-06-16 00:00:00'),(500,195,91,'2021-06-16 00:00:00'),(109,167,59,'2021-06-17 00:00:00'),(113,256,43,'2021-06-17 00:00:00'),(133,1,47,'2021-06-17 00:00:00'),(156,200,71,'2021-06-17 00:00:00'),(187,265,21,'2021-06-17 00:00:00'),(191,260,84,'2021-06-17 00:00:00'),(191,43,88,'2021-06-17 00:00:00'),(192,117,49,'2021-06-17 00:00:00'),(213,267,58,'2021-06-17 00:00:00'),(274,213,75,'2021-06-17 00:00:00'),(283,54,47,'2021-06-17 00:00:00'),(290,120,23,'2021-06-17 00:00:00'),(318,141,34,'2021-06-17 00:00:00'),(332,219,72,'2021-06-17 00:00:00'),(361,253,28,'2021-06-17 00:00:00'),(362,350,65,'2021-06-17 00:00:00'),(370,108,42,'2021-06-17 00:00:00'),(420,129,92,'2021-06-17 00:00:00'),(423,179,7,'2021-06-17 00:00:00'),(424,185,29,'2021-06-17 00:00:00'),(425,81,96,'2021-06-17 00:00:00'),(432,249,24,'2021-06-17 00:00:00'),(469,8,49,'2021-06-17 00:00:00'),(472,222,37,'2021-06-17 00:00:00'),(483,358,32,'2021-06-17 00:00:00'),(532,89,41,'2021-06-17 00:00:00'),(572,355,27,'2021-06-17 00:00:00'),(589,256,69,'2021-06-17 00:00:00'),(148,286,67,'2021-06-18 00:00:00'),(174,316,33,'2021-06-18 00:00:00'),(253,246,61,'2021-06-18 00:00:00'),(272,269,61,'2021-06-18 00:00:00'),(280,100,83,'2021-06-18 00:00:00'),(314,188,56,'2021-06-18 00:00:00'),(330,345,31,'2021-06-18 00:00:00'),(330,352,63,'2021-06-18 00:00:00'),(348,283,46,'2021-06-18 00:00:00'),(374,233,12,'2021-06-18 00:00:00'),(375,153,31,'2021-06-18 00:00:00'),(380,216,35,'2021-06-18 00:00:00'),(381,230,49,'2021-06-18 00:00:00'),(411,82,25,'2021-06-18 00:00:00'),(414,344,40,'2021-06-18 00:00:00'),(428,100,59,'2021-06-18 00:00:00'),(474,260,42,'2021-06-18 00:00:00'),(600,72,58,'2021-06-18 00:00:00'),(119,263,21,'2021-06-19 00:00:00'),(119,42,62,'2021-06-19 00:00:00'),(137,152,21,'2021-06-19 00:00:00'),(144,223,61,'2021-06-19 00:00:00'),(155,85,64,'2021-06-19 00:00:00'),(180,80,27,'2021-06-19 00:00:00'),(188,89,60,'2021-06-19 00:00:00'),(201,151,95,'2021-06-19 00:00:00'),(207,317,93,'2021-06-19 00:00:00'),(208,231,42,'2021-06-19 00:00:00'),(221,348,46,'2021-06-19 00:00:00'),(225,131,24,'2021-06-19 00:00:00'),(226,197,84,'2021-06-19 00:00:00'),(249,164,6,'2021-06-19 00:00:00'),(254,292,2,'2021-06-19 00:00:00'),(254,258,72,'2021-06-19 00:00:00'),(304,266,100,'2021-06-19 00:00:00'),(332,195,54,'2021-06-19 00:00:00'),(332,299,59,'2021-06-19 00:00:00'),(365,140,60,'2021-06-19 00:00:00'),(370,194,17,'2021-06-19 00:00:00'),(373,336,67,'2021-06-19 00:00:00'),(393,159,39,'2021-06-19 00:00:00'),(401,180,29,'2021-06-19 00:00:00'),(448,339,89,'2021-06-19 00:00:00'),(450,79,64,'2021-06-19 00:00:00'),(459,35,27,'2021-06-19 00:00:00'),(474,314,63,'2021-06-19 00:00:00'),(479,57,66,'2021-06-19 00:00:00'),(539,68,24,'2021-06-19 00:00:00'),(561,236,51,'2021-06-19 00:00:00'),(586,338,60,'2021-06-19 00:00:00'),(593,277,38,'2021-06-19 00:00:00'),(600,263,28,'2021-06-19 00:00:00'),(102,142,29,'2021-06-20 00:00:00'),(104,274,82,'2021-06-20 00:00:00'),(114,179,10,'2021-06-20 00:00:00'),(189,287,98,'2021-06-20 00:00:00'),(193,248,1,'2021-06-20 00:00:00'),(203,89,82,'2021-06-20 00:00:00'),(298,37,44,'2021-06-20 00:00:00'),(306,324,45,'2021-06-20 00:00:00'),(328,320,25,'2021-06-20 00:00:00'),(347,84,46,'2021-06-20 00:00:00'),(404,259,57,'2021-06-20 00:00:00'),(437,102,75,'2021-06-20 00:00:00'),(486,225,84,'2021-06-20 00:00:00'),(519,115,36,'2021-06-20 00:00:00'),(537,215,54,'2021-06-20 00:00:00'),(578,353,24,'2021-06-20 00:00:00'),(582,257,53,'2021-06-20 00:00:00'),(108,284,52,'2021-06-21 00:00:00'),(109,269,63,'2021-06-21 00:00:00'),(141,92,53,'2021-06-21 00:00:00'),(149,93,53,'2021-06-21 00:00:00'),(154,85,92,'2021-06-21 00:00:00'),(171,80,31,'2021-06-21 00:00:00'),(192,349,42,'2021-06-21 00:00:00'),(212,16,29,'2021-06-21 00:00:00'),(238,59,55,'2021-06-21 00:00:00'),(285,235,89,'2021-06-21 00:00:00'),(317,265,57,'2021-06-21 00:00:00'),(323,244,93,'2021-06-21 00:00:00'),(335,139,26,'2021-06-21 00:00:00'),(338,341,94,'2021-06-21 00:00:00'),(358,319,74,'2021-06-21 00:00:00'),(376,331,49,'2021-06-21 00:00:00'),(381,122,95,'2021-06-21 00:00:00'),(388,169,5,'2021-06-21 00:00:00'),(403,55,63,'2021-06-21 00:00:00'),(423,206,7,'2021-06-21 00:00:00'),(442,204,4,'2021-06-21 00:00:00'),(452,129,14,'2021-06-21 00:00:00'),(464,127,81,'2021-06-21 00:00:00'),(482,302,51,'2021-06-21 00:00:00'),(514,353,38,'2021-06-21 00:00:00'),(550,298,5,'2021-06-21 00:00:00'),(565,328,94,'2021-06-21 00:00:00'),(567,66,91,'2021-06-21 00:00:00'),(573,185,95,'2021-06-21 00:00:00'),(576,50,67,'2021-06-21 00:00:00'),(595,262,56,'2021-06-21 00:00:00'),(149,187,80,'2021-06-22 00:00:00'),(165,187,53,'2021-06-22 00:00:00'),(211,140,58,'2021-06-22 00:00:00'),(222,158,60,'2021-06-22 00:00:00'),(224,324,78,'2021-06-22 00:00:00'),(263,127,55,'2021-06-22 00:00:00'),(298,205,12,'2021-06-22 00:00:00'),(345,250,71,'2021-06-22 00:00:00'),(361,235,67,'2021-06-22 00:00:00'),(390,314,97,'2021-06-22 00:00:00'),(394,82,27,'2021-06-22 00:00:00'),(422,184,19,'2021-06-22 00:00:00'),(426,60,57,'2021-06-22 00:00:00'),(441,276,55,'2021-06-22 00:00:00'),(441,58,80,'2021-06-22 00:00:00'),(464,199,31,'2021-06-22 00:00:00'),(489,1,79,'2021-06-22 00:00:00'),(495,92,5,'2021-06-22 00:00:00'),(506,1,34,'2021-06-22 00:00:00'),(526,105,3,'2021-06-22 00:00:00'),(554,180,76,'2021-06-22 00:00:00'),(590,228,20,'2021-06-22 00:00:00'),(598,147,9,'2021-06-22 00:00:00'),(118,351,63,'2021-06-23 00:00:00'),(147,274,85,'2021-06-23 00:00:00'),(188,246,27,'2021-06-23 00:00:00'),(241,323,76,'2021-06-23 00:00:00'),(245,12,64,'2021-06-23 00:00:00'),(253,299,44,'2021-06-23 00:00:00'),(262,26,56,'2021-06-23 00:00:00'),(262,296,82,'2021-06-23 00:00:00'),(298,302,88,'2021-06-23 00:00:00'),(304,30,100,'2021-06-23 00:00:00'),(312,287,9,'2021-06-23 00:00:00'),(315,344,91,'2021-06-23 00:00:00'),(323,355,83,'2021-06-23 00:00:00'),(332,137,53,'2021-06-23 00:00:00'),(348,157,73,'2021-06-23 00:00:00'),(356,198,94,'2021-06-23 00:00:00'),(359,28,33,'2021-06-23 00:00:00'),(367,63,9,'2021-06-23 00:00:00'),(367,351,68,'2021-06-23 00:00:00'),(380,103,19,'2021-06-23 00:00:00'),(385,282,90,'2021-06-23 00:00:00'),(409,223,56,'2021-06-23 00:00:00'),(417,107,70,'2021-06-23 00:00:00'),(456,261,20,'2021-06-23 00:00:00'),(465,286,50,'2021-06-23 00:00:00'),(505,158,94,'2021-06-23 00:00:00'),(542,230,16,'2021-06-23 00:00:00'),(544,203,62,'2021-06-23 00:00:00'),(567,141,45,'2021-06-23 00:00:00'),(575,246,81,'2021-06-23 00:00:00'),(129,294,95,'2021-06-24 00:00:00'),(136,49,6,'2021-06-24 00:00:00'),(183,191,82,'2021-06-24 00:00:00'),(213,226,44,'2021-06-24 00:00:00'),(222,105,22,'2021-06-24 00:00:00'),(239,90,78,'2021-06-24 00:00:00'),(245,307,68,'2021-06-24 00:00:00'),(256,238,60,'2021-06-24 00:00:00'),(258,115,70,'2021-06-24 00:00:00'),(366,268,20,'2021-06-24 00:00:00'),(393,147,46,'2021-06-24 00:00:00'),(111,177,58,'2021-06-25 00:00:00'),(115,136,25,'2021-06-25 00:00:00'),(134,75,21,'2021-06-25 00:00:00'),(138,148,30,'2021-06-25 00:00:00'),(148,238,16,'2021-06-25 00:00:00'),(165,157,88,'2021-06-25 00:00:00'),(219,265,62,'2021-06-25 00:00:00'),(239,282,3,'2021-06-25 00:00:00'),(257,229,59,'2021-06-25 00:00:00'),(260,219,37,'2021-06-25 00:00:00'),(272,53,76,'2021-06-25 00:00:00'),(413,323,80,'2021-06-25 00:00:00'),(451,96,82,'2021-06-25 00:00:00'),(458,200,65,'2021-06-25 00:00:00'),(485,295,88,'2021-06-25 00:00:00'),(513,96,28,'2021-06-25 00:00:00'),(583,163,16,'2021-06-25 00:00:00'),(586,283,4,'2021-06-25 00:00:00'),(597,210,54,'2021-06-25 00:00:00'),(101,200,16,'2021-06-26 00:00:00'),(123,13,65,'2021-06-26 00:00:00'),(132,250,8,'2021-06-26 00:00:00'),(170,78,81,'2021-06-26 00:00:00'),(176,219,9,'2021-06-26 00:00:00'),(233,229,95,'2021-06-26 00:00:00'),(280,350,82,'2021-06-26 00:00:00'),(290,158,37,'2021-06-26 00:00:00'),(320,138,47,'2021-06-26 00:00:00'),(327,212,45,'2021-06-26 00:00:00'),(352,246,7,'2021-06-26 00:00:00'),(375,297,83,'2021-06-26 00:00:00'),(385,185,49,'2021-06-26 00:00:00'),(387,88,83,'2021-06-26 00:00:00'),(401,18,3,'2021-06-26 00:00:00'),(412,99,35,'2021-06-26 00:00:00'),(424,164,27,'2021-06-26 00:00:00'),(504,348,10,'2021-06-26 00:00:00'),(528,252,25,'2021-06-26 00:00:00'),(531,178,40,'2021-06-26 00:00:00'),(534,310,32,'2021-06-26 00:00:00'),(570,23,31,'2021-06-26 00:00:00'),(111,157,67,'2021-06-27 00:00:00'),(114,326,98,'2021-06-27 00:00:00'),(169,68,72,'2021-06-27 00:00:00'),(208,114,7,'2021-06-27 00:00:00'),(217,320,42,'2021-06-27 00:00:00'),(239,270,88,'2021-06-27 00:00:00'),(244,172,70,'2021-06-27 00:00:00'),(282,164,6,'2021-06-27 00:00:00'),(285,296,34,'2021-06-27 00:00:00'),(328,298,10,'2021-06-27 00:00:00'),(328,144,88,'2021-06-27 00:00:00'),(335,250,46,'2021-06-27 00:00:00'),(337,353,61,'2021-06-27 00:00:00'),(361,173,62,'2021-06-27 00:00:00'),(379,28,56,'2021-06-27 00:00:00'),(413,347,42,'2021-06-27 00:00:00'),(439,199,3,'2021-06-27 00:00:00'),(453,154,37,'2021-06-27 00:00:00'),(500,236,37,'2021-06-27 00:00:00'),(521,168,38,'2021-06-27 00:00:00'),(530,358,60,'2021-06-27 00:00:00'),(564,61,90,'2021-06-27 00:00:00'),(588,313,9,'2021-06-27 00:00:00'),(591,96,85,'2021-06-27 00:00:00'),(595,194,84,'2021-06-27 00:00:00'),(123,279,54,'2021-06-28 00:00:00'),(145,160,35,'2021-06-28 00:00:00'),(186,335,10,'2021-06-28 00:00:00'),(199,250,82,'2021-06-28 00:00:00'),(227,171,15,'2021-06-28 00:00:00'),(251,233,65,'2021-06-28 00:00:00'),(254,188,71,'2021-06-28 00:00:00'),(334,80,78,'2021-06-28 00:00:00'),(343,130,60,'2021-06-28 00:00:00'),(349,300,49,'2021-06-28 00:00:00'),(378,349,25,'2021-06-28 00:00:00'),(415,58,19,'2021-06-28 00:00:00'),(416,2,2,'2021-06-28 00:00:00'),(446,263,26,'2021-06-28 00:00:00'),(452,238,22,'2021-06-28 00:00:00'),(457,312,71,'2021-06-28 00:00:00'),(490,116,42,'2021-06-28 00:00:00'),(508,60,78,'2021-06-28 00:00:00'),(565,298,30,'2021-06-28 00:00:00'),(111,109,8,'2021-06-29 00:00:00'),(126,282,81,'2021-06-29 00:00:00'),(140,140,23,'2021-06-29 00:00:00'),(164,121,28,'2021-06-29 00:00:00'),(199,78,92,'2021-06-29 00:00:00'),(247,205,48,'2021-06-29 00:00:00'),(253,181,10,'2021-06-29 00:00:00'),(259,115,37,'2021-06-29 00:00:00'),(268,51,39,'2021-06-29 00:00:00'),(303,79,60,'2021-06-29 00:00:00'),(326,177,25,'2021-06-29 00:00:00'),(342,177,92,'2021-06-29 00:00:00'),(367,304,5,'2021-06-29 00:00:00'),(410,66,18,'2021-06-29 00:00:00'),(426,349,84,'2021-06-29 00:00:00'),(432,148,35,'2021-06-29 00:00:00'),(438,5,27,'2021-06-29 00:00:00'),(465,302,36,'2021-06-29 00:00:00'),(510,285,98,'2021-06-29 00:00:00'),(582,248,60,'2021-06-29 00:00:00'),(596,225,15,'2021-06-29 00:00:00'),(123,11,10,'2021-06-30 00:00:00'),(126,291,76,'2021-06-30 00:00:00'),(135,304,1,'2021-06-30 00:00:00'),(139,181,41,'2021-06-30 00:00:00'),(145,278,47,'2021-06-30 00:00:00'),(154,198,69,'2021-06-30 00:00:00'),(204,333,59,'2021-06-30 00:00:00'),(236,43,87,'2021-06-30 00:00:00'),(246,233,60,'2021-06-30 00:00:00'),(268,115,36,'2021-06-30 00:00:00'),(270,190,84,'2021-06-30 00:00:00'),(354,337,54,'2021-06-30 00:00:00'),(388,349,67,'2021-06-30 00:00:00'),(393,267,23,'2021-06-30 00:00:00'),(400,19,11,'2021-06-30 00:00:00'),(454,342,70,'2021-06-30 00:00:00'),(487,163,4,'2021-06-30 00:00:00'),(529,47,66,'2021-06-30 00:00:00'),(530,3,35,'2021-06-30 00:00:00'),(534,351,4,'2021-06-30 00:00:00'),(553,226,72,'2021-06-30 00:00:00'),(118,33,72,'2021-07-01 00:00:00'),(131,220,16,'2021-07-01 00:00:00'),(143,61,73,'2021-07-01 00:00:00'),(143,58,93,'2021-07-01 00:00:00'),(148,112,78,'2021-07-01 00:00:00'),(184,93,13,'2021-07-01 00:00:00'),(204,87,82,'2021-07-01 00:00:00'),(236,60,36,'2021-07-01 00:00:00'),(244,278,55,'2021-07-01 00:00:00'),(277,52,100,'2021-07-01 00:00:00'),(278,280,28,'2021-07-01 00:00:00'),(280,209,100,'2021-07-01 00:00:00'),(337,10,8,'2021-07-01 00:00:00'),(355,83,74,'2021-07-01 00:00:00'),(403,277,44,'2021-07-01 00:00:00'),(403,79,70,'2021-07-01 00:00:00'),(416,4,43,'2021-07-01 00:00:00'),(424,170,74,'2021-07-01 00:00:00'),(431,342,13,'2021-07-01 00:00:00'),(455,182,3,'2021-07-01 00:00:00'),(464,316,41,'2021-07-01 00:00:00'),(478,201,5,'2021-07-01 00:00:00'),(491,15,63,'2021-07-01 00:00:00'),(506,161,41,'2021-07-01 00:00:00'),(508,7,10,'2021-07-01 00:00:00'),(529,8,39,'2021-07-01 00:00:00'),(549,324,36,'2021-07-01 00:00:00'),(113,188,4,'2021-07-02 00:00:00'),(133,287,80,'2021-07-02 00:00:00'),(149,158,76,'2021-07-02 00:00:00'),(173,151,67,'2021-07-02 00:00:00'),(264,102,24,'2021-07-02 00:00:00'),(295,125,52,'2021-07-02 00:00:00'),(307,107,76,'2021-07-02 00:00:00'),(307,16,85,'2021-07-02 00:00:00'),(328,50,7,'2021-07-02 00:00:00'),(328,353,94,'2021-07-02 00:00:00'),(363,280,26,'2021-07-02 00:00:00'),(421,95,45,'2021-07-02 00:00:00'),(430,313,67,'2021-07-02 00:00:00'),(441,313,99,'2021-07-02 00:00:00'),(462,340,36,'2021-07-02 00:00:00'),(474,295,25,'2021-07-02 00:00:00'),(510,314,78,'2021-07-02 00:00:00'),(521,44,62,'2021-07-02 00:00:00'),(529,252,25,'2021-07-02 00:00:00'),(537,134,45,'2021-07-02 00:00:00'),(549,225,5,'2021-07-02 00:00:00'),(550,295,27,'2021-07-02 00:00:00'),(574,97,40,'2021-07-02 00:00:00'),(110,77,33,'2021-07-03 00:00:00'),(118,202,90,'2021-07-03 00:00:00'),(169,350,72,'2021-07-03 00:00:00'),(212,144,94,'2021-07-03 00:00:00'),(217,137,26,'2021-07-03 00:00:00'),(240,192,65,'2021-07-03 00:00:00'),(269,17,96,'2021-07-03 00:00:00'),(281,94,13,'2021-07-03 00:00:00'),(306,76,13,'2021-07-03 00:00:00'),(334,118,49,'2021-07-03 00:00:00'),(335,16,87,'2021-07-03 00:00:00'),(341,335,90,'2021-07-03 00:00:00'),(342,207,41,'2021-07-03 00:00:00'),(347,185,51,'2021-07-03 00:00:00'),(360,325,87,'2021-07-03 00:00:00'),(376,322,38,'2021-07-03 00:00:00'),(388,277,38,'2021-07-03 00:00:00'),(389,302,31,'2021-07-03 00:00:00'),(390,185,17,'2021-07-03 00:00:00'),(396,308,50,'2021-07-03 00:00:00'),(430,14,60,'2021-07-03 00:00:00'),(439,211,45,'2021-07-03 00:00:00'),(443,206,68,'2021-07-03 00:00:00'),(466,281,45,'2021-07-03 00:00:00'),(466,92,83,'2021-07-03 00:00:00'),(488,54,11,'2021-07-03 00:00:00'),(543,269,31,'2021-07-03 00:00:00'),(599,54,66,'2021-07-03 00:00:00'),(600,342,37,'2021-07-03 00:00:00'),(211,257,66,'2021-07-04 00:00:00'),(217,46,5,'2021-07-04 00:00:00'),(225,317,85,'2021-07-04 00:00:00'),(320,59,46,'2021-07-04 00:00:00'),(338,148,97,'2021-07-04 00:00:00'),(353,37,64,'2021-07-04 00:00:00'),(375,111,31,'2021-07-04 00:00:00'),(377,131,43,'2021-07-04 00:00:00'),(382,135,48,'2021-07-04 00:00:00'),(391,100,81,'2021-07-04 00:00:00'),(412,112,79,'2021-07-04 00:00:00'),(440,251,69,'2021-07-04 00:00:00'),(451,284,36,'2021-07-04 00:00:00'),(453,303,49,'2021-07-04 00:00:00'),(473,47,65,'2021-07-04 00:00:00'),(479,91,77,'2021-07-04 00:00:00'),(498,144,6,'2021-07-04 00:00:00'),(522,212,23,'2021-07-04 00:00:00'),(541,71,9,'2021-07-04 00:00:00'),(563,138,68,'2021-07-04 00:00:00'),(564,353,5,'2021-07-04 00:00:00'),(157,136,99,'2021-07-05 00:00:00'),(177,182,8,'2021-07-05 00:00:00'),(242,53,57,'2021-07-05 00:00:00'),(298,230,66,'2021-07-05 00:00:00'),(300,309,24,'2021-07-05 00:00:00'),(371,252,45,'2021-07-05 00:00:00'),(383,65,52,'2021-07-05 00:00:00'),(391,357,45,'2021-07-05 00:00:00'),(412,148,30,'2021-07-05 00:00:00'),(447,222,92,'2021-07-05 00:00:00'),(464,102,3,'2021-07-05 00:00:00'),(478,161,93,'2021-07-05 00:00:00'),(497,192,72,'2021-07-05 00:00:00'),(542,120,13,'2021-07-05 00:00:00'),(548,270,19,'2021-07-05 00:00:00'),(553,233,38,'2021-07-05 00:00:00'),(116,171,21,'2021-07-06 00:00:00'),(130,165,91,'2021-07-06 00:00:00'),(160,191,95,'2021-07-06 00:00:00'),(164,236,47,'2021-07-06 00:00:00'),(189,92,54,'2021-07-06 00:00:00'),(202,49,21,'2021-07-06 00:00:00'),(224,141,79,'2021-07-06 00:00:00'),(278,268,60,'2021-07-06 00:00:00'),(280,310,3,'2021-07-06 00:00:00'),(348,32,52,'2021-07-06 00:00:00'),(455,318,44,'2021-07-06 00:00:00'),(463,132,51,'2021-07-06 00:00:00'),(474,273,93,'2021-07-06 00:00:00'),(482,10,82,'2021-07-06 00:00:00'),(487,303,84,'2021-07-06 00:00:00'),(499,209,61,'2021-07-06 00:00:00'),(504,59,68,'2021-07-06 00:00:00'),(124,55,50,'2021-07-07 00:00:00'),(130,125,43,'2021-07-07 00:00:00'),(141,230,69,'2021-07-07 00:00:00'),(217,28,38,'2021-07-07 00:00:00'),(221,241,100,'2021-07-07 00:00:00'),(243,284,45,'2021-07-07 00:00:00'),(281,324,12,'2021-07-07 00:00:00'),(282,22,63,'2021-07-07 00:00:00'),(300,356,44,'2021-07-07 00:00:00'),(313,96,74,'2021-07-07 00:00:00'),(321,186,79,'2021-07-07 00:00:00'),(370,76,75,'2021-07-07 00:00:00'),(373,86,9,'2021-07-07 00:00:00'),(463,223,2,'2021-07-07 00:00:00'),(470,103,42,'2021-07-07 00:00:00'),(486,246,69,'2021-07-07 00:00:00'),(114,19,9,'2021-07-08 00:00:00'),(136,231,56,'2021-07-08 00:00:00'),(220,100,77,'2021-07-08 00:00:00'),(227,290,61,'2021-07-08 00:00:00'),(241,243,8,'2021-07-08 00:00:00'),(243,94,97,'2021-07-08 00:00:00'),(258,288,68,'2021-07-08 00:00:00'),(280,349,31,'2021-07-08 00:00:00'),(295,269,13,'2021-07-08 00:00:00'),(358,350,98,'2021-07-08 00:00:00'),(365,185,45,'2021-07-08 00:00:00'),(368,339,48,'2021-07-08 00:00:00'),(420,116,88,'2021-07-08 00:00:00'),(463,64,33,'2021-07-08 00:00:00'),(571,13,60,'2021-07-08 00:00:00'),(579,189,62,'2021-07-08 00:00:00'),(145,30,44,'2021-07-09 00:00:00'),(181,38,60,'2021-07-09 00:00:00'),(195,203,82,'2021-07-09 00:00:00'),(224,343,17,'2021-07-09 00:00:00'),(297,194,40,'2021-07-09 00:00:00'),(318,238,20,'2021-07-09 00:00:00'),(328,270,34,'2021-07-09 00:00:00'),(330,25,73,'2021-07-09 00:00:00'),(347,284,36,'2021-07-09 00:00:00'),(361,198,86,'2021-07-09 00:00:00'),(365,116,71,'2021-07-09 00:00:00'),(448,209,57,'2021-07-09 00:00:00'),(517,330,3,'2021-07-09 00:00:00'),(572,334,52,'2021-07-09 00:00:00'),(140,278,94,'2021-07-10 00:00:00'),(181,357,66,'2021-07-10 00:00:00'),(216,179,20,'2021-07-10 00:00:00'),(226,2,8,'2021-07-10 00:00:00'),(232,295,19,'2021-07-10 00:00:00'),(259,336,88,'2021-07-10 00:00:00'),(375,341,10,'2021-07-10 00:00:00'),(401,270,12,'2021-07-10 00:00:00'),(415,158,25,'2021-07-10 00:00:00'),(428,198,90,'2021-07-10 00:00:00'),(430,33,55,'2021-07-10 00:00:00'),(431,147,61,'2021-07-10 00:00:00'),(464,179,95,'2021-07-10 00:00:00'),(492,170,87,'2021-07-10 00:00:00'),(539,131,38,'2021-07-10 00:00:00'),(543,167,26,'2021-07-10 00:00:00'),(567,273,75,'2021-07-10 00:00:00'),(579,121,16,'2021-07-10 00:00:00'),(594,293,47,'2021-07-10 00:00:00'),(599,58,28,'2021-07-10 00:00:00'),(134,25,100,'2021-07-11 00:00:00'),(176,51,90,'2021-07-11 00:00:00'),(191,301,56,'2021-07-11 00:00:00'),(236,106,30,'2021-07-11 00:00:00'),(247,118,87,'2021-07-11 00:00:00'),(265,236,20,'2021-07-11 00:00:00'),(272,35,82,'2021-07-11 00:00:00'),(310,262,17,'2021-07-11 00:00:00'),(362,333,48,'2021-07-11 00:00:00'),(368,10,83,'2021-07-11 00:00:00'),(428,239,27,'2021-07-11 00:00:00'),(453,188,36,'2021-07-11 00:00:00'),(550,313,47,'2021-07-11 00:00:00'),(572,234,16,'2021-07-11 00:00:00'),(110,45,60,'2021-07-12 00:00:00'),(128,196,33,'2021-07-12 00:00:00'),(133,206,38,'2021-07-12 00:00:00'),(177,45,13,'2021-07-12 00:00:00'),(179,183,56,'2021-07-12 00:00:00'),(179,203,71,'2021-07-12 00:00:00'),(186,41,48,'2021-07-12 00:00:00'),(207,21,81,'2021-07-12 00:00:00'),(209,255,57,'2021-07-12 00:00:00'),(234,14,55,'2021-07-12 00:00:00'),(275,55,75,'2021-07-12 00:00:00'),(283,58,76,'2021-07-12 00:00:00'),(289,73,82,'2021-07-12 00:00:00'),(317,241,20,'2021-07-12 00:00:00'),(322,265,55,'2021-07-12 00:00:00'),(338,32,39,'2021-07-12 00:00:00'),(349,169,57,'2021-07-12 00:00:00'),(385,230,77,'2021-07-12 00:00:00'),(431,82,6,'2021-07-12 00:00:00'),(448,62,59,'2021-07-12 00:00:00'),(469,26,23,'2021-07-12 00:00:00'),(512,304,13,'2021-07-12 00:00:00'),(559,16,96,'2021-07-12 00:00:00'),(566,289,48,'2021-07-12 00:00:00'),(571,77,23,'2021-07-12 00:00:00'),(575,357,88,'2021-07-12 00:00:00'),(600,168,34,'2021-07-12 00:00:00'),(124,320,37,'2021-07-13 00:00:00'),(146,143,98,'2021-07-13 00:00:00'),(151,147,87,'2021-07-13 00:00:00'),(158,104,35,'2021-07-13 00:00:00'),(187,78,46,'2021-07-13 00:00:00'),(193,291,38,'2021-07-13 00:00:00'),(196,297,12,'2021-07-13 00:00:00'),(226,26,24,'2021-07-13 00:00:00'),(239,191,100,'2021-07-13 00:00:00'),(245,91,68,'2021-07-13 00:00:00'),(276,224,73,'2021-07-13 00:00:00'),(290,93,9,'2021-07-13 00:00:00'),(302,160,86,'2021-07-13 00:00:00'),(321,234,42,'2021-07-13 00:00:00'),(344,12,4,'2021-07-13 00:00:00'),(354,355,51,'2021-07-13 00:00:00'),(371,106,38,'2021-07-13 00:00:00'),(420,359,58,'2021-07-13 00:00:00'),(456,199,54,'2021-07-13 00:00:00'),(479,105,15,'2021-07-13 00:00:00'),(484,96,49,'2021-07-13 00:00:00'),(130,88,9,'2021-07-14 00:00:00'),(141,253,99,'2021-07-14 00:00:00'),(145,179,61,'2021-07-14 00:00:00'),(155,71,94,'2021-07-14 00:00:00'),(167,197,91,'2021-07-14 00:00:00'),(171,46,49,'2021-07-14 00:00:00'),(172,293,2,'2021-07-14 00:00:00'),(206,207,47,'2021-07-14 00:00:00'),(220,172,57,'2021-07-14 00:00:00'),(222,275,76,'2021-07-14 00:00:00'),(226,49,8,'2021-07-14 00:00:00'),(237,342,72,'2021-07-14 00:00:00'),(248,248,94,'2021-07-14 00:00:00'),(309,335,69,'2021-07-14 00:00:00'),(326,343,71,'2021-07-14 00:00:00'),(327,207,72,'2021-07-14 00:00:00'),(355,21,18,'2021-07-14 00:00:00'),(355,307,66,'2021-07-14 00:00:00'),(432,118,72,'2021-07-14 00:00:00'),(438,293,59,'2021-07-14 00:00:00'),(439,249,49,'2021-07-14 00:00:00'),(449,313,56,'2021-07-14 00:00:00'),(478,75,18,'2021-07-14 00:00:00'),(491,330,30,'2021-07-14 00:00:00'),(560,305,78,'2021-07-14 00:00:00'),(568,115,73,'2021-07-14 00:00:00'),(105,279,66,'2021-07-15 00:00:00'),(132,321,73,'2021-07-15 00:00:00'),(143,123,60,'2021-07-15 00:00:00'),(144,201,93,'2021-07-15 00:00:00'),(145,87,28,'2021-07-15 00:00:00'),(152,269,77,'2021-07-15 00:00:00'),(159,103,20,'2021-07-15 00:00:00'),(192,142,34,'2021-07-15 00:00:00'),(215,315,33,'2021-07-15 00:00:00'),(245,24,78,'2021-07-15 00:00:00'),(252,348,21,'2021-07-15 00:00:00'),(267,191,59,'2021-07-15 00:00:00'),(294,136,55,'2021-07-15 00:00:00'),(389,267,13,'2021-07-15 00:00:00'),(406,273,30,'2021-07-15 00:00:00'),(413,117,67,'2021-07-15 00:00:00'),(416,282,57,'2021-07-15 00:00:00'),(417,208,100,'2021-07-15 00:00:00'),(448,177,53,'2021-07-15 00:00:00'),(474,139,45,'2021-07-15 00:00:00'),(526,262,86,'2021-07-15 00:00:00'),(548,228,67,'2021-07-15 00:00:00'),(575,114,81,'2021-07-15 00:00:00'),(104,115,65,'2021-07-16 00:00:00'),(156,138,42,'2021-07-16 00:00:00'),(184,158,7,'2021-07-16 00:00:00'),(211,211,41,'2021-07-16 00:00:00'),(215,102,12,'2021-07-16 00:00:00'),(244,24,86,'2021-07-16 00:00:00'),(294,277,20,'2021-07-16 00:00:00'),(326,64,17,'2021-07-16 00:00:00'),(367,146,27,'2021-07-16 00:00:00'),(389,30,74,'2021-07-16 00:00:00'),(413,184,90,'2021-07-16 00:00:00'),(424,328,70,'2021-07-16 00:00:00'),(429,1,86,'2021-07-16 00:00:00'),(451,86,86,'2021-07-16 00:00:00'),(452,260,94,'2021-07-16 00:00:00'),(467,102,89,'2021-07-16 00:00:00'),(484,39,88,'2021-07-16 00:00:00'),(565,346,19,'2021-07-16 00:00:00'),(581,132,74,'2021-07-16 00:00:00'),(117,311,53,'2021-07-17 00:00:00'),(149,249,82,'2021-07-17 00:00:00'),(159,99,35,'2021-07-17 00:00:00'),(159,294,62,'2021-07-17 00:00:00'),(180,239,22,'2021-07-17 00:00:00'),(198,205,22,'2021-07-17 00:00:00'),(199,276,70,'2021-07-17 00:00:00'),(205,115,34,'2021-07-17 00:00:00'),(213,79,65,'2021-07-17 00:00:00'),(223,200,67,'2021-07-17 00:00:00'),(231,205,83,'2021-07-17 00:00:00'),(242,51,94,'2021-07-17 00:00:00'),(263,107,78,'2021-07-17 00:00:00'),(304,200,78,'2021-07-17 00:00:00'),(308,53,89,'2021-07-17 00:00:00'),(319,182,34,'2021-07-17 00:00:00'),(333,340,95,'2021-07-17 00:00:00'),(406,69,99,'2021-07-17 00:00:00'),(443,162,79,'2021-07-17 00:00:00'),(447,333,57,'2021-07-17 00:00:00'),(448,339,93,'2021-07-17 00:00:00'),(467,280,26,'2021-07-17 00:00:00'),(500,236,27,'2021-07-17 00:00:00'),(527,92,72,'2021-07-17 00:00:00'),(534,64,31,'2021-07-17 00:00:00'),(545,28,33,'2021-07-17 00:00:00'),(547,213,73,'2021-07-17 00:00:00'),(178,156,83,'2021-07-18 00:00:00'),(240,143,30,'2021-07-18 00:00:00'),(262,132,67,'2021-07-18 00:00:00'),(269,9,75,'2021-07-18 00:00:00'),(275,277,18,'2021-07-18 00:00:00'),(280,213,75,'2021-07-18 00:00:00'),(309,205,9,'2021-07-18 00:00:00'),(310,187,76,'2021-07-18 00:00:00'),(329,108,50,'2021-07-18 00:00:00'),(363,305,66,'2021-07-18 00:00:00'),(371,32,52,'2021-07-18 00:00:00'),(381,108,82,'2021-07-18 00:00:00'),(391,72,74,'2021-07-18 00:00:00'),(416,261,58,'2021-07-18 00:00:00'),(422,101,6,'2021-07-18 00:00:00'),(430,136,18,'2021-07-18 00:00:00'),(451,351,81,'2021-07-18 00:00:00'),(504,216,100,'2021-07-18 00:00:00'),(526,186,94,'2021-07-18 00:00:00'),(536,272,19,'2021-07-18 00:00:00'),(546,41,15,'2021-07-18 00:00:00'),(589,117,30,'2021-07-18 00:00:00'),(596,83,89,'2021-07-18 00:00:00'),(122,218,9,'2021-07-19 00:00:00'),(187,338,48,'2021-07-19 00:00:00'),(218,87,50,'2021-07-19 00:00:00'),(232,117,51,'2021-07-19 00:00:00'),(250,278,62,'2021-07-19 00:00:00'),(258,201,4,'2021-07-19 00:00:00'),(262,116,99,'2021-07-19 00:00:00'),(276,324,40,'2021-07-19 00:00:00'),(338,199,63,'2021-07-19 00:00:00'),(349,50,23,'2021-07-19 00:00:00'),(362,63,96,'2021-07-19 00:00:00'),(398,224,33,'2021-07-19 00:00:00'),(407,138,29,'2021-07-19 00:00:00'),(420,335,21,'2021-07-19 00:00:00'),(445,104,68,'2021-07-19 00:00:00'),(463,19,24,'2021-07-19 00:00:00'),(466,81,62,'2021-07-19 00:00:00'),(495,339,83,'2021-07-19 00:00:00'),(503,269,31,'2021-07-19 00:00:00'),(520,289,9,'2021-07-19 00:00:00'),(521,348,100,'2021-07-19 00:00:00'),(556,98,65,'2021-07-19 00:00:00'),(564,215,12,'2021-07-19 00:00:00'),(583,63,61,'2021-07-19 00:00:00'),(595,60,67,'2021-07-19 00:00:00'),(596,99,94,'2021-07-19 00:00:00'),(106,221,39,'2021-07-20 00:00:00'),(129,260,47,'2021-07-20 00:00:00'),(141,104,40,'2021-07-20 00:00:00'),(175,339,46,'2021-07-20 00:00:00'),(191,238,29,'2021-07-20 00:00:00'),(192,313,52,'2021-07-20 00:00:00'),(198,157,19,'2021-07-20 00:00:00'),(199,187,42,'2021-07-20 00:00:00'),(202,33,39,'2021-07-20 00:00:00'),(242,339,20,'2021-07-20 00:00:00'),(252,303,57,'2021-07-20 00:00:00'),(265,134,60,'2021-07-20 00:00:00'),(304,120,1,'2021-07-20 00:00:00'),(364,293,90,'2021-07-20 00:00:00'),(430,104,89,'2021-07-20 00:00:00'),(440,293,57,'2021-07-20 00:00:00'),(491,28,50,'2021-07-20 00:00:00'),(504,56,56,'2021-07-20 00:00:00'),(561,138,27,'2021-07-20 00:00:00'),(578,175,62,'2021-07-20 00:00:00'),(580,134,69,'2021-07-20 00:00:00'),(597,207,30,'2021-07-20 00:00:00'),(108,42,71,'2021-07-21 00:00:00'),(123,61,87,'2021-07-21 00:00:00'),(137,288,82,'2021-07-21 00:00:00'),(157,119,76,'2021-07-21 00:00:00'),(157,278,78,'2021-07-21 00:00:00'),(160,7,88,'2021-07-21 00:00:00'),(187,292,91,'2021-07-21 00:00:00'),(225,236,88,'2021-07-21 00:00:00'),(252,90,18,'2021-07-21 00:00:00'),(286,91,23,'2021-07-21 00:00:00'),(307,104,11,'2021-07-21 00:00:00'),(308,214,69,'2021-07-21 00:00:00'),(324,266,40,'2021-07-21 00:00:00'),(335,210,61,'2021-07-21 00:00:00'),(340,44,7,'2021-07-21 00:00:00'),(391,173,61,'2021-07-21 00:00:00'),(418,150,86,'2021-07-21 00:00:00'),(461,295,20,'2021-07-21 00:00:00'),(477,117,58,'2021-07-21 00:00:00'),(499,30,29,'2021-07-21 00:00:00'),(526,291,63,'2021-07-21 00:00:00'),(537,288,5,'2021-07-21 00:00:00'),(541,132,69,'2021-07-21 00:00:00'),(557,219,42,'2021-07-21 00:00:00'),(560,280,24,'2021-07-21 00:00:00'),(590,251,30,'2021-07-21 00:00:00'),(592,343,9,'2021-07-21 00:00:00'),(113,329,53,'2021-07-22 00:00:00'),(154,228,43,'2021-07-22 00:00:00'),(208,51,14,'2021-07-22 00:00:00'),(224,90,25,'2021-07-22 00:00:00'),(239,111,49,'2021-07-22 00:00:00'),(243,198,16,'2021-07-22 00:00:00'),(255,130,67,'2021-07-22 00:00:00'),(267,75,61,'2021-07-22 00:00:00'),(298,75,42,'2021-07-22 00:00:00'),(300,141,3,'2021-07-22 00:00:00'),(317,176,46,'2021-07-22 00:00:00'),(336,129,98,'2021-07-22 00:00:00'),(380,27,70,'2021-07-22 00:00:00'),(398,223,45,'2021-07-22 00:00:00'),(402,158,60,'2021-07-22 00:00:00'),(423,239,71,'2021-07-22 00:00:00'),(437,353,76,'2021-07-22 00:00:00'),(439,330,49,'2021-07-22 00:00:00'),(451,121,65,'2021-07-22 00:00:00'),(459,321,12,'2021-07-22 00:00:00'),(536,259,91,'2021-07-22 00:00:00'),(548,176,7,'2021-07-22 00:00:00'),(583,114,38,'2021-07-22 00:00:00'),(106,291,90,'2021-07-23 00:00:00'),(169,195,22,'2021-07-23 00:00:00'),(175,15,57,'2021-07-23 00:00:00'),(185,230,19,'2021-07-23 00:00:00'),(193,19,57,'2021-07-23 00:00:00'),(227,6,45,'2021-07-23 00:00:00'),(299,143,58,'2021-07-23 00:00:00'),(314,66,33,'2021-07-23 00:00:00'),(352,276,99,'2021-07-23 00:00:00'),(408,186,83,'2021-07-23 00:00:00'),(428,327,9,'2021-07-23 00:00:00'),(433,122,2,'2021-07-23 00:00:00'),(452,86,54,'2021-07-23 00:00:00'),(467,194,52,'2021-07-23 00:00:00'),(561,222,19,'2021-07-23 00:00:00'),(570,99,100,'2021-07-23 00:00:00'),(214,156,68,'2021-07-24 00:00:00'),(220,54,10,'2021-07-24 00:00:00'),(230,359,72,'2021-07-24 00:00:00'),(320,213,79,'2021-07-24 00:00:00'),(322,124,31,'2021-07-24 00:00:00'),(322,299,31,'2021-07-24 00:00:00'),(363,302,88,'2021-07-24 00:00:00'),(378,104,95,'2021-07-24 00:00:00'),(389,359,77,'2021-07-24 00:00:00'),(391,282,78,'2021-07-24 00:00:00'),(392,339,25,'2021-07-24 00:00:00'),(398,321,21,'2021-07-24 00:00:00'),(407,121,19,'2021-07-24 00:00:00'),(407,311,32,'2021-07-24 00:00:00'),(460,69,29,'2021-07-24 00:00:00'),(543,64,34,'2021-07-24 00:00:00'),(573,158,31,'2021-07-24 00:00:00'),(573,113,37,'2021-07-24 00:00:00'),(589,208,34,'2021-07-24 00:00:00'),(178,214,28,'2021-07-25 00:00:00'),(191,124,77,'2021-07-25 00:00:00'),(198,148,35,'2021-07-25 00:00:00'),(212,14,50,'2021-07-25 00:00:00'),(222,92,11,'2021-07-25 00:00:00'),(264,96,79,'2021-07-25 00:00:00'),(264,151,93,'2021-07-25 00:00:00'),(274,43,16,'2021-07-25 00:00:00'),(289,22,3,'2021-07-25 00:00:00'),(297,302,25,'2021-07-25 00:00:00'),(307,350,57,'2021-07-25 00:00:00'),(317,100,23,'2021-07-25 00:00:00'),(333,134,33,'2021-07-25 00:00:00'),(389,236,71,'2021-07-25 00:00:00'),(411,129,76,'2021-07-25 00:00:00'),(413,66,86,'2021-07-25 00:00:00'),(428,338,54,'2021-07-25 00:00:00'),(435,94,8,'2021-07-25 00:00:00'),(443,211,12,'2021-07-25 00:00:00'),(480,354,83,'2021-07-25 00:00:00'),(487,104,63,'2021-07-25 00:00:00'),(527,354,74,'2021-07-25 00:00:00'),(565,329,54,'2021-07-25 00:00:00'),(104,197,20,'2021-07-26 00:00:00'),(111,33,14,'2021-07-26 00:00:00'),(142,16,2,'2021-07-26 00:00:00'),(142,345,78,'2021-07-26 00:00:00'),(169,280,53,'2021-07-26 00:00:00'),(192,264,13,'2021-07-26 00:00:00'),(205,235,62,'2021-07-26 00:00:00'),(217,307,35,'2021-07-26 00:00:00'),(255,114,40,'2021-07-26 00:00:00'),(259,135,60,'2021-07-26 00:00:00'),(273,94,95,'2021-07-26 00:00:00'),(334,237,82,'2021-07-26 00:00:00'),(339,174,24,'2021-07-26 00:00:00'),(341,274,87,'2021-07-26 00:00:00'),(389,126,14,'2021-07-26 00:00:00'),(407,46,52,'2021-07-26 00:00:00'),(422,342,80,'2021-07-26 00:00:00'),(468,14,98,'2021-07-26 00:00:00'),(504,98,95,'2021-07-26 00:00:00'),(507,158,54,'2021-07-26 00:00:00'),(569,21,12,'2021-07-26 00:00:00'),(595,303,60,'2021-07-26 00:00:00'),(108,318,26,'2021-07-27 00:00:00'),(125,22,40,'2021-07-27 00:00:00'),(239,33,69,'2021-07-27 00:00:00'),(261,327,50,'2021-07-27 00:00:00'),(269,330,79,'2021-07-27 00:00:00'),(277,321,37,'2021-07-27 00:00:00'),(277,129,60,'2021-07-27 00:00:00'),(281,152,85,'2021-07-27 00:00:00'),(284,139,22,'2021-07-27 00:00:00'),(300,137,61,'2021-07-27 00:00:00'),(371,347,83,'2021-07-27 00:00:00'),(390,65,28,'2021-07-27 00:00:00'),(414,56,93,'2021-07-27 00:00:00'),(415,199,50,'2021-07-27 00:00:00'),(471,334,8,'2021-07-27 00:00:00'),(524,38,82,'2021-07-27 00:00:00'),(566,307,61,'2021-07-27 00:00:00'),(583,26,85,'2021-07-27 00:00:00'),(114,112,9,'2021-07-28 00:00:00'),(121,76,51,'2021-07-28 00:00:00'),(129,155,7,'2021-07-28 00:00:00'),(146,176,62,'2021-07-28 00:00:00'),(184,208,80,'2021-07-28 00:00:00'),(195,112,48,'2021-07-28 00:00:00'),(207,14,72,'2021-07-28 00:00:00'),(227,275,99,'2021-07-28 00:00:00'),(228,314,10,'2021-07-28 00:00:00'),(250,178,81,'2021-07-28 00:00:00'),(254,223,32,'2021-07-28 00:00:00'),(278,25,52,'2021-07-28 00:00:00'),(286,243,13,'2021-07-28 00:00:00'),(297,7,90,'2021-07-28 00:00:00'),(337,140,56,'2021-07-28 00:00:00'),(344,256,36,'2021-07-28 00:00:00'),(351,114,14,'2021-07-28 00:00:00'),(353,235,94,'2021-07-28 00:00:00'),(382,142,67,'2021-07-28 00:00:00'),(383,289,16,'2021-07-28 00:00:00'),(387,179,61,'2021-07-28 00:00:00'),(420,80,43,'2021-07-28 00:00:00'),(423,40,95,'2021-07-28 00:00:00'),(441,312,5,'2021-07-28 00:00:00'),(486,225,100,'2021-07-28 00:00:00'),(492,136,30,'2021-07-28 00:00:00'),(494,218,79,'2021-07-28 00:00:00'),(513,309,75,'2021-07-28 00:00:00'),(523,186,26,'2021-07-28 00:00:00'),(536,207,60,'2021-07-28 00:00:00'),(556,148,83,'2021-07-28 00:00:00'),(588,48,7,'2021-07-28 00:00:00'),(151,305,8,'2021-07-29 00:00:00'),(159,34,40,'2021-07-29 00:00:00'),(173,151,58,'2021-07-29 00:00:00'),(198,231,50,'2021-07-29 00:00:00'),(200,198,31,'2021-07-29 00:00:00'),(212,159,73,'2021-07-29 00:00:00'),(227,287,27,'2021-07-29 00:00:00'),(246,63,68,'2021-07-29 00:00:00'),(269,184,76,'2021-07-29 00:00:00'),(274,43,1,'2021-07-29 00:00:00'),(299,65,28,'2021-07-29 00:00:00'),(315,23,51,'2021-07-29 00:00:00'),(325,267,73,'2021-07-29 00:00:00'),(330,56,15,'2021-07-29 00:00:00'),(385,214,95,'2021-07-29 00:00:00'),(498,155,52,'2021-07-29 00:00:00'),(521,280,96,'2021-07-29 00:00:00'),(549,304,1,'2021-07-29 00:00:00'),(550,121,51,'2021-07-29 00:00:00'),(566,128,100,'2021-07-29 00:00:00'),(570,290,19,'2021-07-29 00:00:00'),(572,259,99,'2021-07-29 00:00:00'),(592,178,54,'2021-07-29 00:00:00'),(596,299,40,'2021-07-29 00:00:00'),(184,47,90,'2021-07-30 00:00:00'),(197,193,76,'2021-07-30 00:00:00'),(215,252,90,'2021-07-30 00:00:00'),(232,70,85,'2021-07-30 00:00:00'),(235,19,90,'2021-07-30 00:00:00'),(258,24,90,'2021-07-30 00:00:00'),(332,191,3,'2021-07-30 00:00:00'),(355,120,55,'2021-07-30 00:00:00'),(364,4,19,'2021-07-30 00:00:00'),(365,156,26,'2021-07-30 00:00:00'),(368,54,60,'2021-07-30 00:00:00'),(389,73,48,'2021-07-30 00:00:00'),(403,17,47,'2021-07-30 00:00:00'),(418,190,2,'2021-07-30 00:00:00'),(430,15,28,'2021-07-30 00:00:00'),(474,78,2,'2021-07-30 00:00:00'),(491,155,60,'2021-07-30 00:00:00'),(511,93,76,'2021-07-30 00:00:00'),(546,127,71,'2021-07-30 00:00:00'),(555,263,55,'2021-07-30 00:00:00'),(578,146,58,'2021-07-30 00:00:00'),(581,165,45,'2021-07-30 00:00:00'),(582,216,91,'2021-07-30 00:00:00'),(598,337,9,'2021-07-30 00:00:00'),(121,227,10,'2021-07-31 00:00:00'),(129,119,78,'2021-07-31 00:00:00'),(141,122,100,'2021-07-31 00:00:00'),(149,48,38,'2021-07-31 00:00:00'),(160,190,97,'2021-07-31 00:00:00'),(189,285,63,'2021-07-31 00:00:00'),(211,219,35,'2021-07-31 00:00:00'),(217,352,46,'2021-07-31 00:00:00'),(271,157,70,'2021-07-31 00:00:00'),(278,244,35,'2021-07-31 00:00:00'),(307,18,49,'2021-07-31 00:00:00'),(320,333,33,'2021-07-31 00:00:00'),(322,59,7,'2021-07-31 00:00:00'),(366,131,80,'2021-07-31 00:00:00'),(370,357,59,'2021-07-31 00:00:00'),(414,237,97,'2021-07-31 00:00:00'),(418,206,41,'2021-07-31 00:00:00'),(426,109,74,'2021-07-31 00:00:00'),(449,218,77,'2021-07-31 00:00:00'),(465,263,75,'2021-07-31 00:00:00'),(490,329,93,'2021-07-31 00:00:00'),(491,41,75,'2021-07-31 00:00:00'),(117,39,31,'2021-08-01 00:00:00'),(145,48,5,'2021-08-01 00:00:00'),(164,69,12,'2021-08-01 00:00:00'),(251,267,57,'2021-08-01 00:00:00'),(312,172,72,'2021-08-01 00:00:00'),(315,229,45,'2021-08-01 00:00:00'),(333,218,51,'2021-08-01 00:00:00'),(362,218,16,'2021-08-01 00:00:00'),(366,225,64,'2021-08-01 00:00:00'),(392,121,83,'2021-08-01 00:00:00'),(466,232,59,'2021-08-01 00:00:00'),(467,343,67,'2021-08-01 00:00:00'),(500,327,6,'2021-08-01 00:00:00'),(513,175,11,'2021-08-01 00:00:00'),(536,283,57,'2021-08-01 00:00:00'),(548,250,47,'2021-08-01 00:00:00'),(553,44,55,'2021-08-01 00:00:00'),(569,136,5,'2021-08-01 00:00:00'),(573,306,22,'2021-08-01 00:00:00'),(593,3,49,'2021-08-01 00:00:00'),(103,28,82,'2021-08-02 00:00:00'),(117,46,79,'2021-08-02 00:00:00'),(144,125,68,'2021-08-02 00:00:00'),(183,289,2,'2021-08-02 00:00:00'),(283,186,45,'2021-08-02 00:00:00'),(287,138,1,'2021-08-02 00:00:00'),(298,152,52,'2021-08-02 00:00:00'),(299,299,25,'2021-08-02 00:00:00'),(336,215,96,'2021-08-02 00:00:00'),(341,69,44,'2021-08-02 00:00:00'),(374,262,31,'2021-08-02 00:00:00'),(388,222,50,'2021-08-02 00:00:00'),(436,324,8,'2021-08-02 00:00:00'),(463,24,50,'2021-08-02 00:00:00'),(496,355,90,'2021-08-02 00:00:00'),(513,146,25,'2021-08-02 00:00:00'),(533,188,78,'2021-08-02 00:00:00'),(586,153,91,'2021-08-02 00:00:00'),(107,357,33,'2021-08-03 00:00:00'),(151,273,19,'2021-08-03 00:00:00'),(162,227,86,'2021-08-03 00:00:00'),(180,315,99,'2021-08-03 00:00:00'),(186,244,56,'2021-08-03 00:00:00'),(232,332,53,'2021-08-03 00:00:00'),(267,197,1,'2021-08-03 00:00:00'),(271,57,100,'2021-08-03 00:00:00'),(279,94,51,'2021-08-03 00:00:00'),(298,226,25,'2021-08-03 00:00:00'),(340,346,19,'2021-08-03 00:00:00'),(345,348,65,'2021-08-03 00:00:00'),(367,157,25,'2021-08-03 00:00:00'),(381,139,27,'2021-08-03 00:00:00'),(388,14,26,'2021-08-03 00:00:00'),(446,223,45,'2021-08-03 00:00:00'),(490,233,49,'2021-08-03 00:00:00'),(491,351,70,'2021-08-03 00:00:00'),(496,160,48,'2021-08-03 00:00:00'),(579,200,47,'2021-08-03 00:00:00'),(580,342,89,'2021-08-03 00:00:00'),(599,317,49,'2021-08-03 00:00:00'),(121,116,15,'2021-08-04 00:00:00'),(141,195,58,'2021-08-04 00:00:00'),(146,101,61,'2021-08-04 00:00:00'),(158,149,46,'2021-08-04 00:00:00'),(164,123,100,'2021-08-04 00:00:00'),(194,330,11,'2021-08-04 00:00:00'),(198,50,6,'2021-08-04 00:00:00'),(202,332,9,'2021-08-04 00:00:00'),(206,340,19,'2021-08-04 00:00:00'),(211,188,50,'2021-08-04 00:00:00'),(224,343,33,'2021-08-04 00:00:00'),(233,39,98,'2021-08-04 00:00:00'),(263,138,69,'2021-08-04 00:00:00'),(281,276,93,'2021-08-04 00:00:00'),(295,184,47,'2021-08-04 00:00:00'),(309,42,91,'2021-08-04 00:00:00'),(312,171,92,'2021-08-04 00:00:00'),(332,280,12,'2021-08-04 00:00:00'),(372,106,54,'2021-08-04 00:00:00'),(401,114,80,'2021-08-04 00:00:00'),(414,330,48,'2021-08-04 00:00:00'),(436,78,97,'2021-08-04 00:00:00'),(440,116,52,'2021-08-04 00:00:00'),(505,195,43,'2021-08-04 00:00:00'),(506,32,12,'2021-08-04 00:00:00'),(509,201,77,'2021-08-04 00:00:00'),(514,54,67,'2021-08-04 00:00:00'),(517,241,91,'2021-08-04 00:00:00'),(525,115,78,'2021-08-04 00:00:00'),(548,284,29,'2021-08-04 00:00:00'),(549,221,71,'2021-08-04 00:00:00'),(561,219,8,'2021-08-04 00:00:00'),(102,242,68,'2021-08-05 00:00:00'),(110,253,32,'2021-08-05 00:00:00'),(116,311,18,'2021-08-05 00:00:00'),(151,268,86,'2021-08-05 00:00:00'),(157,256,51,'2021-08-05 00:00:00'),(172,341,31,'2021-08-05 00:00:00'),(200,151,27,'2021-08-05 00:00:00'),(203,208,71,'2021-08-05 00:00:00'),(280,45,75,'2021-08-05 00:00:00'),(305,222,72,'2021-08-05 00:00:00'),(343,24,62,'2021-08-05 00:00:00'),(375,276,39,'2021-08-05 00:00:00'),(382,95,7,'2021-08-05 00:00:00'),(385,305,29,'2021-08-05 00:00:00'),(410,55,72,'2021-08-05 00:00:00'),(413,280,23,'2021-08-05 00:00:00'),(438,251,54,'2021-08-05 00:00:00'),(458,148,19,'2021-08-05 00:00:00'),(462,318,78,'2021-08-05 00:00:00'),(477,108,31,'2021-08-05 00:00:00'),(489,175,27,'2021-08-05 00:00:00'),(519,172,23,'2021-08-05 00:00:00'),(533,106,64,'2021-08-05 00:00:00'),(544,92,91,'2021-08-05 00:00:00'),(552,246,35,'2021-08-05 00:00:00'),(155,2,25,'2021-08-06 00:00:00'),(207,213,85,'2021-08-06 00:00:00'),(220,239,71,'2021-08-06 00:00:00'),(240,180,49,'2021-08-06 00:00:00'),(267,303,92,'2021-08-06 00:00:00'),(285,67,90,'2021-08-06 00:00:00'),(320,122,84,'2021-08-06 00:00:00'),(340,86,54,'2021-08-06 00:00:00'),(403,55,13,'2021-08-06 00:00:00'),(411,84,70,'2021-08-06 00:00:00'),(420,133,85,'2021-08-06 00:00:00'),(426,52,77,'2021-08-06 00:00:00'),(435,259,59,'2021-08-06 00:00:00'),(445,158,22,'2021-08-06 00:00:00'),(474,188,20,'2021-08-06 00:00:00'),(477,59,9,'2021-08-06 00:00:00'),(486,252,80,'2021-08-06 00:00:00'),(547,23,88,'2021-08-06 00:00:00'),(553,224,89,'2021-08-06 00:00:00'),(561,53,10,'2021-08-06 00:00:00'),(595,351,29,'2021-08-06 00:00:00'),(114,164,98,'2021-08-07 00:00:00'),(123,71,33,'2021-08-07 00:00:00'),(153,255,72,'2021-08-07 00:00:00'),(169,253,23,'2021-08-07 00:00:00'),(191,304,96,'2021-08-07 00:00:00'),(230,208,44,'2021-08-07 00:00:00'),(234,119,5,'2021-08-07 00:00:00'),(262,149,82,'2021-08-07 00:00:00'),(263,120,42,'2021-08-07 00:00:00'),(269,132,5,'2021-08-07 00:00:00'),(320,154,98,'2021-08-07 00:00:00'),(324,43,85,'2021-08-07 00:00:00'),(361,239,62,'2021-08-07 00:00:00'),(379,293,1,'2021-08-07 00:00:00'),(395,69,40,'2021-08-07 00:00:00'),(427,308,60,'2021-08-07 00:00:00'),(447,311,33,'2021-08-07 00:00:00'),(480,148,91,'2021-08-07 00:00:00'),(484,4,59,'2021-08-07 00:00:00'),(514,251,76,'2021-08-07 00:00:00'),(527,36,63,'2021-08-07 00:00:00'),(537,273,74,'2021-08-07 00:00:00'),(540,1,13,'2021-08-07 00:00:00'),(541,29,66,'2021-08-07 00:00:00'),(558,5,90,'2021-08-07 00:00:00'),(578,235,39,'2021-08-07 00:00:00'),(581,73,9,'2021-08-07 00:00:00'),(585,330,16,'2021-08-07 00:00:00'),(589,40,59,'2021-08-07 00:00:00'),(598,118,25,'2021-08-07 00:00:00'),(106,203,99,'2021-08-08 00:00:00'),(124,307,65,'2021-08-08 00:00:00'),(178,310,14,'2021-08-08 00:00:00'),(184,216,80,'2021-08-08 00:00:00'),(211,248,46,'2021-08-08 00:00:00'),(266,254,56,'2021-08-08 00:00:00'),(298,252,22,'2021-08-08 00:00:00'),(329,290,23,'2021-08-08 00:00:00'),(361,98,59,'2021-08-08 00:00:00'),(362,55,20,'2021-08-08 00:00:00'),(375,278,64,'2021-08-08 00:00:00'),(387,223,56,'2021-08-08 00:00:00'),(392,128,39,'2021-08-08 00:00:00'),(408,90,38,'2021-08-08 00:00:00'),(479,201,98,'2021-08-08 00:00:00'),(539,277,44,'2021-08-08 00:00:00'),(570,299,71,'2021-08-08 00:00:00'),(580,277,34,'2021-08-08 00:00:00'),(590,49,72,'2021-08-08 00:00:00'),(111,188,46,'2021-08-09 00:00:00'),(153,324,24,'2021-08-09 00:00:00'),(171,16,61,'2021-08-09 00:00:00'),(177,18,83,'2021-08-09 00:00:00'),(191,108,3,'2021-08-09 00:00:00'),(220,71,82,'2021-08-09 00:00:00'),(307,188,3,'2021-08-09 00:00:00'),(327,326,28,'2021-08-09 00:00:00'),(348,178,58,'2021-08-09 00:00:00'),(365,113,66,'2021-08-09 00:00:00'),(376,288,75,'2021-08-09 00:00:00'),(377,241,98,'2021-08-09 00:00:00'),(416,171,36,'2021-08-09 00:00:00'),(429,263,5,'2021-08-09 00:00:00'),(448,289,31,'2021-08-09 00:00:00'),(501,249,1,'2021-08-09 00:00:00'),(230,77,37,'2021-08-10 00:00:00'),(238,41,64,'2021-08-10 00:00:00'),(243,331,45,'2021-08-10 00:00:00'),(264,211,36,'2021-08-10 00:00:00'),(311,220,43,'2021-08-10 00:00:00'),(313,189,90,'2021-08-10 00:00:00'),(328,114,90,'2021-08-10 00:00:00'),(354,244,7,'2021-08-10 00:00:00'),(365,236,5,'2021-08-10 00:00:00'),(378,47,100,'2021-08-10 00:00:00'),(380,195,31,'2021-08-10 00:00:00'),(387,35,78,'2021-08-10 00:00:00'),(400,14,69,'2021-08-10 00:00:00'),(419,78,17,'2021-08-10 00:00:00'),(475,278,58,'2021-08-10 00:00:00'),(485,1,6,'2021-08-10 00:00:00'),(523,14,37,'2021-08-10 00:00:00'),(567,133,5,'2021-08-10 00:00:00'),(157,55,85,'2021-08-11 00:00:00'),(163,133,30,'2021-08-11 00:00:00'),(172,69,1,'2021-08-11 00:00:00'),(194,260,90,'2021-08-11 00:00:00'),(243,219,80,'2021-08-11 00:00:00'),(257,240,46,'2021-08-11 00:00:00'),(272,195,59,'2021-08-11 00:00:00'),(299,346,41,'2021-08-11 00:00:00'),(333,312,43,'2021-08-11 00:00:00'),(380,337,93,'2021-08-11 00:00:00'),(386,25,72,'2021-08-11 00:00:00'),(387,271,99,'2021-08-11 00:00:00'),(433,190,87,'2021-08-11 00:00:00'),(434,256,47,'2021-08-11 00:00:00'),(438,117,35,'2021-08-11 00:00:00'),(496,239,26,'2021-08-11 00:00:00'),(553,331,67,'2021-08-11 00:00:00'),(120,286,56,'2021-08-12 00:00:00'),(145,356,8,'2021-08-12 00:00:00'),(156,258,57,'2021-08-12 00:00:00'),(160,160,35,'2021-08-12 00:00:00'),(190,343,65,'2021-08-12 00:00:00'),(236,118,76,'2021-08-12 00:00:00'),(287,271,74,'2021-08-12 00:00:00'),(289,93,79,'2021-08-12 00:00:00'),(298,20,31,'2021-08-12 00:00:00'),(314,60,56,'2021-08-12 00:00:00'),(329,26,92,'2021-08-12 00:00:00'),(343,106,28,'2021-08-12 00:00:00'),(347,235,41,'2021-08-12 00:00:00'),(368,251,100,'2021-08-12 00:00:00'),(376,63,46,'2021-08-12 00:00:00'),(381,118,78,'2021-08-12 00:00:00'),(395,233,89,'2021-08-12 00:00:00'),(423,204,77,'2021-08-12 00:00:00'),(430,326,34,'2021-08-12 00:00:00'),(493,109,57,'2021-08-12 00:00:00'),(497,132,20,'2021-08-12 00:00:00'),(498,210,79,'2021-08-12 00:00:00'),(502,116,71,'2021-08-12 00:00:00'),(521,228,35,'2021-08-12 00:00:00'),(537,119,60,'2021-08-12 00:00:00'),(547,56,86,'2021-08-12 00:00:00'),(600,161,35,'2021-08-12 00:00:00'),(103,64,28,'2021-08-13 00:00:00'),(113,133,1,'2021-08-13 00:00:00'),(137,43,47,'2021-08-13 00:00:00'),(187,108,19,'2021-08-13 00:00:00'),(304,37,69,'2021-08-13 00:00:00'),(315,193,6,'2021-08-13 00:00:00'),(322,55,24,'2021-08-13 00:00:00'),(329,41,95,'2021-08-13 00:00:00'),(333,109,10,'2021-08-13 00:00:00'),(365,193,76,'2021-08-13 00:00:00'),(366,198,40,'2021-08-13 00:00:00'),(381,173,63,'2021-08-13 00:00:00'),(400,192,36,'2021-08-13 00:00:00'),(408,131,23,'2021-08-13 00:00:00'),(415,251,49,'2021-08-13 00:00:00'),(448,322,97,'2021-08-13 00:00:00'),(455,2,24,'2021-08-13 00:00:00'),(462,61,7,'2021-08-13 00:00:00'),(490,108,96,'2021-08-13 00:00:00'),(518,296,14,'2021-08-13 00:00:00'),(562,259,14,'2021-08-13 00:00:00'),(108,69,41,'2021-08-14 00:00:00'),(126,333,45,'2021-08-14 00:00:00'),(141,263,54,'2021-08-14 00:00:00'),(173,235,48,'2021-08-14 00:00:00'),(176,185,12,'2021-08-14 00:00:00'),(193,194,24,'2021-08-14 00:00:00'),(205,31,43,'2021-08-14 00:00:00'),(210,15,80,'2021-08-14 00:00:00'),(213,310,56,'2021-08-14 00:00:00'),(222,78,42,'2021-08-14 00:00:00'),(239,231,26,'2021-08-14 00:00:00'),(267,279,2,'2021-08-14 00:00:00'),(300,25,82,'2021-08-14 00:00:00'),(345,283,26,'2021-08-14 00:00:00'),(386,277,100,'2021-08-14 00:00:00'),(401,127,90,'2021-08-14 00:00:00'),(406,17,13,'2021-08-14 00:00:00'),(409,252,63,'2021-08-14 00:00:00'),(445,219,27,'2021-08-14 00:00:00'),(481,51,77,'2021-08-14 00:00:00'),(486,131,16,'2021-08-14 00:00:00'),(495,1,15,'2021-08-14 00:00:00'),(508,322,47,'2021-08-14 00:00:00'),(592,184,58,'2021-08-14 00:00:00'),(600,252,82,'2021-08-14 00:00:00'),(116,41,30,'2021-08-15 00:00:00'),(148,168,69,'2021-08-15 00:00:00'),(185,193,50,'2021-08-15 00:00:00'),(196,68,24,'2021-08-15 00:00:00'),(202,67,44,'2021-08-15 00:00:00'),(244,142,10,'2021-08-15 00:00:00'),(249,348,68,'2021-08-15 00:00:00'),(267,322,15,'2021-08-15 00:00:00'),(282,339,13,'2021-08-15 00:00:00'),(283,101,42,'2021-08-15 00:00:00'),(325,201,36,'2021-08-15 00:00:00'),(327,39,17,'2021-08-15 00:00:00'),(339,81,53,'2021-08-15 00:00:00'),(353,183,44,'2021-08-15 00:00:00'),(387,199,59,'2021-08-15 00:00:00'),(433,282,43,'2021-08-15 00:00:00'),(448,5,20,'2021-08-15 00:00:00'),(454,358,23,'2021-08-15 00:00:00'),(485,271,99,'2021-08-15 00:00:00'),(526,21,96,'2021-08-15 00:00:00'),(538,204,96,'2021-08-15 00:00:00'),(555,313,89,'2021-08-15 00:00:00'),(571,88,26,'2021-08-15 00:00:00'),(575,189,17,'2021-08-15 00:00:00'),(586,255,52,'2021-08-15 00:00:00'),(599,261,34,'2021-08-15 00:00:00'),(108,31,94,'2021-08-16 00:00:00'),(129,208,85,'2021-08-16 00:00:00'),(133,332,24,'2021-08-16 00:00:00'),(150,231,29,'2021-08-16 00:00:00'),(169,250,19,'2021-08-16 00:00:00'),(189,70,31,'2021-08-16 00:00:00'),(214,146,26,'2021-08-16 00:00:00'),(264,246,15,'2021-08-16 00:00:00'),(268,235,10,'2021-08-16 00:00:00'),(285,237,57,'2021-08-16 00:00:00'),(372,21,13,'2021-08-16 00:00:00'),(399,56,31,'2021-08-16 00:00:00'),(399,347,96,'2021-08-16 00:00:00'),(431,334,19,'2021-08-16 00:00:00'),(484,23,78,'2021-08-16 00:00:00'),(519,302,33,'2021-08-16 00:00:00'),(538,335,86,'2021-08-16 00:00:00'),(559,343,10,'2021-08-16 00:00:00'),(590,191,4,'2021-08-16 00:00:00'),(109,308,92,'2021-08-17 00:00:00'),(146,74,19,'2021-08-17 00:00:00'),(199,308,31,'2021-08-17 00:00:00'),(210,90,88,'2021-08-17 00:00:00'),(251,310,86,'2021-08-17 00:00:00'),(276,254,46,'2021-08-17 00:00:00'),(323,286,53,'2021-08-17 00:00:00'),(338,221,93,'2021-08-17 00:00:00'),(342,104,68,'2021-08-17 00:00:00'),(383,9,11,'2021-08-17 00:00:00'),(410,184,3,'2021-08-17 00:00:00'),(452,36,69,'2021-08-17 00:00:00'),(476,108,83,'2021-08-17 00:00:00'),(512,126,1,'2021-08-17 00:00:00'),(512,182,45,'2021-08-17 00:00:00'),(556,79,59,'2021-08-17 00:00:00'),(579,4,72,'2021-08-17 00:00:00'),(220,206,51,'2021-08-18 00:00:00'),(226,218,67,'2021-08-18 00:00:00'),(253,324,20,'2021-08-18 00:00:00'),(270,28,98,'2021-08-18 00:00:00'),(295,25,73,'2021-08-18 00:00:00'),(316,24,11,'2021-08-18 00:00:00'),(342,100,27,'2021-08-18 00:00:00'),(395,2,43,'2021-08-18 00:00:00'),(418,292,75,'2021-08-18 00:00:00'),(427,86,38,'2021-08-18 00:00:00'),(430,77,3,'2021-08-18 00:00:00'),(441,354,85,'2021-08-18 00:00:00'),(446,220,43,'2021-08-18 00:00:00'),(474,314,12,'2021-08-18 00:00:00'),(475,56,30,'2021-08-18 00:00:00'),(527,240,31,'2021-08-18 00:00:00'),(143,73,77,'2021-08-19 00:00:00'),(156,266,25,'2021-08-19 00:00:00'),(164,14,40,'2021-08-19 00:00:00'),(171,4,24,'2021-08-19 00:00:00'),(173,144,2,'2021-08-19 00:00:00'),(196,332,30,'2021-08-19 00:00:00'),(197,104,51,'2021-08-19 00:00:00'),(205,225,30,'2021-08-19 00:00:00'),(212,266,82,'2021-08-19 00:00:00'),(213,223,43,'2021-08-19 00:00:00'),(221,279,94,'2021-08-19 00:00:00'),(231,56,54,'2021-08-19 00:00:00'),(252,249,9,'2021-08-19 00:00:00'),(281,35,100,'2021-08-19 00:00:00'),(291,40,81,'2021-08-19 00:00:00'),(300,190,20,'2021-08-19 00:00:00'),(332,265,25,'2021-08-19 00:00:00'),(394,173,68,'2021-08-19 00:00:00'),(403,355,53,'2021-08-19 00:00:00'),(407,167,75,'2021-08-19 00:00:00'),(432,258,25,'2021-08-19 00:00:00'),(447,4,76,'2021-08-19 00:00:00'),(459,126,39,'2021-08-19 00:00:00'),(466,313,42,'2021-08-19 00:00:00'),(508,133,80,'2021-08-19 00:00:00'),(538,330,44,'2021-08-19 00:00:00'),(545,142,29,'2021-08-19 00:00:00'),(565,62,14,'2021-08-19 00:00:00'),(570,44,35,'2021-08-19 00:00:00'),(571,72,30,'2021-08-19 00:00:00'),(581,8,25,'2021-08-19 00:00:00'),(125,245,76,'2021-08-20 00:00:00'),(128,136,38,'2021-08-20 00:00:00'),(150,343,80,'2021-08-20 00:00:00'),(188,139,100,'2021-08-20 00:00:00'),(217,259,9,'2021-08-20 00:00:00'),(233,21,53,'2021-08-20 00:00:00'),(255,24,8,'2021-08-20 00:00:00'),(300,4,80,'2021-08-20 00:00:00'),(301,185,79,'2021-08-20 00:00:00'),(327,268,43,'2021-08-20 00:00:00'),(415,93,7,'2021-08-20 00:00:00'),(436,354,67,'2021-08-20 00:00:00'),(458,141,13,'2021-08-20 00:00:00'),(463,307,79,'2021-08-20 00:00:00'),(484,306,19,'2021-08-20 00:00:00'),(485,193,56,'2021-08-20 00:00:00'),(548,2,39,'2021-08-20 00:00:00'),(575,122,72,'2021-08-20 00:00:00'),(600,285,53,'2021-08-20 00:00:00'),(117,318,30,'2021-08-21 00:00:00'),(173,258,89,'2021-08-21 00:00:00'),(178,134,42,'2021-08-21 00:00:00'),(181,93,51,'2021-08-21 00:00:00'),(184,18,72,'2021-08-21 00:00:00'),(185,165,34,'2021-08-21 00:00:00'),(274,262,88,'2021-08-21 00:00:00'),(298,67,7,'2021-08-21 00:00:00'),(307,344,94,'2021-08-21 00:00:00'),(312,91,88,'2021-08-21 00:00:00'),(444,102,11,'2021-08-21 00:00:00'),(456,321,24,'2021-08-21 00:00:00'),(495,65,64,'2021-08-21 00:00:00'),(510,130,54,'2021-08-21 00:00:00'),(515,340,83,'2021-08-21 00:00:00'),(517,266,3,'2021-08-21 00:00:00'),(539,55,77,'2021-08-21 00:00:00'),(110,225,19,'2021-08-22 00:00:00'),(194,139,2,'2021-08-22 00:00:00'),(221,3,98,'2021-08-22 00:00:00'),(297,55,51,'2021-08-22 00:00:00'),(300,296,83,'2021-08-22 00:00:00'),(315,283,67,'2021-08-22 00:00:00'),(316,26,21,'2021-08-22 00:00:00'),(347,270,66,'2021-08-22 00:00:00'),(367,335,90,'2021-08-22 00:00:00'),(390,45,39,'2021-08-22 00:00:00'),(396,1,69,'2021-08-22 00:00:00'),(449,278,27,'2021-08-22 00:00:00'),(476,282,66,'2021-08-22 00:00:00'),(517,271,51,'2021-08-22 00:00:00'),(520,77,69,'2021-08-22 00:00:00'),(533,275,75,'2021-08-22 00:00:00'),(538,168,95,'2021-08-22 00:00:00'),(539,228,64,'2021-08-22 00:00:00'),(574,296,71,'2021-08-22 00:00:00'),(125,303,47,'2021-08-23 00:00:00'),(143,188,70,'2021-08-23 00:00:00'),(149,222,80,'2021-08-23 00:00:00'),(151,30,61,'2021-08-23 00:00:00'),(203,277,58,'2021-08-23 00:00:00'),(265,153,98,'2021-08-23 00:00:00'),(275,358,30,'2021-08-23 00:00:00'),(299,49,24,'2021-08-23 00:00:00'),(322,74,87,'2021-08-23 00:00:00'),(334,220,60,'2021-08-23 00:00:00'),(426,27,5,'2021-08-23 00:00:00'),(484,48,39,'2021-08-23 00:00:00'),(489,46,23,'2021-08-23 00:00:00'),(506,239,99,'2021-08-23 00:00:00'),(517,118,59,'2021-08-23 00:00:00'),(542,170,60,'2021-08-23 00:00:00'),(576,219,3,'2021-08-23 00:00:00'),(579,199,24,'2021-08-23 00:00:00'),(584,142,39,'2021-08-23 00:00:00'),(584,13,56,'2021-08-23 00:00:00'),(133,149,16,'2021-08-24 00:00:00'),(146,333,11,'2021-08-24 00:00:00'),(177,77,56,'2021-08-24 00:00:00'),(187,165,30,'2021-08-24 00:00:00'),(196,320,60,'2021-08-24 00:00:00'),(200,317,76,'2021-08-24 00:00:00'),(204,43,32,'2021-08-24 00:00:00'),(220,208,98,'2021-08-24 00:00:00'),(295,250,39,'2021-08-24 00:00:00'),(309,114,23,'2021-08-24 00:00:00'),(321,188,80,'2021-08-24 00:00:00'),(323,24,71,'2021-08-24 00:00:00'),(334,228,55,'2021-08-24 00:00:00'),(349,351,51,'2021-08-24 00:00:00'),(354,95,35,'2021-08-24 00:00:00'),(360,17,25,'2021-08-24 00:00:00'),(361,346,40,'2021-08-24 00:00:00'),(374,100,23,'2021-08-24 00:00:00'),(378,319,62,'2021-08-24 00:00:00'),(453,140,27,'2021-08-24 00:00:00'),(465,234,51,'2021-08-24 00:00:00'),(470,41,4,'2021-08-24 00:00:00'),(478,346,46,'2021-08-24 00:00:00'),(479,154,30,'2021-08-24 00:00:00'),(490,133,40,'2021-08-24 00:00:00'),(494,96,87,'2021-08-24 00:00:00'),(498,34,17,'2021-08-24 00:00:00'),(554,43,95,'2021-08-24 00:00:00'),(104,251,92,'2021-08-25 00:00:00'),(170,334,46,'2021-08-25 00:00:00'),(193,68,63,'2021-08-25 00:00:00'),(221,171,70,'2021-08-25 00:00:00'),(252,359,39,'2021-08-25 00:00:00'),(262,288,22,'2021-08-25 00:00:00'),(266,18,54,'2021-08-25 00:00:00'),(281,12,86,'2021-08-25 00:00:00'),(291,45,55,'2021-08-25 00:00:00'),(302,9,27,'2021-08-25 00:00:00'),(329,307,71,'2021-08-25 00:00:00'),(399,333,24,'2021-08-25 00:00:00'),(420,266,59,'2021-08-25 00:00:00'),(428,253,67,'2021-08-25 00:00:00'),(430,321,91,'2021-08-25 00:00:00'),(470,61,36,'2021-08-25 00:00:00'),(482,241,22,'2021-08-25 00:00:00'),(510,286,87,'2021-08-25 00:00:00'),(540,267,60,'2021-08-25 00:00:00'),(585,216,59,'2021-08-25 00:00:00'),(589,115,55,'2021-08-25 00:00:00'),(131,15,51,'2021-08-26 00:00:00'),(151,36,96,'2021-08-26 00:00:00'),(155,63,7,'2021-08-26 00:00:00'),(172,197,21,'2021-08-26 00:00:00'),(189,43,19,'2021-08-26 00:00:00'),(253,61,95,'2021-08-26 00:00:00'),(314,133,31,'2021-08-26 00:00:00'),(354,322,76,'2021-08-26 00:00:00'),(430,35,99,'2021-08-26 00:00:00'),(431,98,76,'2021-08-26 00:00:00'),(451,253,81,'2021-08-26 00:00:00'),(453,109,80,'2021-08-26 00:00:00'),(118,209,12,'2021-08-27 00:00:00'),(126,278,82,'2021-08-27 00:00:00'),(143,84,51,'2021-08-27 00:00:00'),(175,23,7,'2021-08-27 00:00:00'),(238,276,49,'2021-08-27 00:00:00'),(242,70,30,'2021-08-27 00:00:00'),(251,106,49,'2021-08-27 00:00:00'),(308,311,66,'2021-08-27 00:00:00'),(324,321,67,'2021-08-27 00:00:00'),(334,22,37,'2021-08-27 00:00:00'),(358,83,83,'2021-08-27 00:00:00'),(371,177,29,'2021-08-27 00:00:00'),(386,236,66,'2021-08-27 00:00:00'),(435,119,48,'2021-08-27 00:00:00'),(461,228,56,'2021-08-27 00:00:00'),(492,98,2,'2021-08-27 00:00:00'),(511,161,69,'2021-08-27 00:00:00'),(519,30,15,'2021-08-27 00:00:00'),(534,335,5,'2021-08-27 00:00:00'),(578,235,43,'2021-08-27 00:00:00'),(582,250,51,'2021-08-27 00:00:00'),(103,186,17,'2021-08-28 00:00:00'),(120,320,96,'2021-08-28 00:00:00'),(133,2,73,'2021-08-28 00:00:00'),(180,80,90,'2021-08-28 00:00:00'),(182,215,6,'2021-08-28 00:00:00'),(196,322,49,'2021-08-28 00:00:00'),(206,95,2,'2021-08-28 00:00:00'),(232,189,71,'2021-08-28 00:00:00'),(264,156,13,'2021-08-28 00:00:00'),(282,303,7,'2021-08-28 00:00:00'),(297,88,48,'2021-08-28 00:00:00'),(308,244,98,'2021-08-28 00:00:00'),(312,82,95,'2021-08-28 00:00:00'),(318,52,11,'2021-08-28 00:00:00'),(326,71,15,'2021-08-28 00:00:00'),(326,269,37,'2021-08-28 00:00:00'),(332,301,65,'2021-08-28 00:00:00'),(356,107,48,'2021-08-28 00:00:00'),(417,107,26,'2021-08-28 00:00:00'),(418,316,35,'2021-08-28 00:00:00'),(421,263,90,'2021-08-28 00:00:00'),(464,141,58,'2021-08-28 00:00:00'),(472,153,69,'2021-08-28 00:00:00'),(480,299,74,'2021-08-28 00:00:00'),(504,149,80,'2021-08-28 00:00:00'),(545,227,20,'2021-08-28 00:00:00'),(132,171,28,'2021-08-29 00:00:00'),(161,270,10,'2021-08-29 00:00:00'),(161,320,59,'2021-08-29 00:00:00'),(208,277,45,'2021-08-29 00:00:00'),(229,295,56,'2021-08-29 00:00:00'),(233,25,86,'2021-08-29 00:00:00'),(238,348,29,'2021-08-29 00:00:00'),(271,147,48,'2021-08-29 00:00:00'),(272,297,39,'2021-08-29 00:00:00'),(330,35,71,'2021-08-29 00:00:00'),(331,355,27,'2021-08-29 00:00:00'),(382,70,65,'2021-08-29 00:00:00'),(389,184,10,'2021-08-29 00:00:00'),(391,157,11,'2021-08-29 00:00:00'),(400,152,19,'2021-08-29 00:00:00'),(420,295,71,'2021-08-29 00:00:00'),(430,128,83,'2021-08-29 00:00:00'),(473,321,4,'2021-08-29 00:00:00'),(477,341,83,'2021-08-29 00:00:00'),(484,165,77,'2021-08-29 00:00:00'),(535,343,27,'2021-08-29 00:00:00'),(537,168,7,'2021-08-29 00:00:00'),(555,41,55,'2021-08-29 00:00:00'),(558,256,36,'2021-08-29 00:00:00'),(591,26,44,'2021-08-29 00:00:00'),(109,99,48,'2021-08-30 00:00:00'),(132,125,58,'2021-08-30 00:00:00'),(145,251,39,'2021-08-30 00:00:00'),(168,166,24,'2021-08-30 00:00:00'),(175,315,21,'2021-08-30 00:00:00'),(179,310,61,'2021-08-30 00:00:00'),(190,18,78,'2021-08-30 00:00:00'),(212,237,73,'2021-08-30 00:00:00'),(247,40,70,'2021-08-30 00:00:00'),(313,75,58,'2021-08-30 00:00:00'),(336,33,89,'2021-08-30 00:00:00'),(338,35,47,'2021-08-30 00:00:00'),(352,24,8,'2021-08-30 00:00:00'),(358,345,88,'2021-08-30 00:00:00'),(368,136,37,'2021-08-30 00:00:00'),(376,199,18,'2021-08-30 00:00:00'),(405,257,89,'2021-08-30 00:00:00'),(433,237,74,'2021-08-30 00:00:00'),(438,226,82,'2021-08-30 00:00:00'),(468,274,43,'2021-08-30 00:00:00'),(476,342,78,'2021-08-30 00:00:00'),(507,34,39,'2021-08-30 00:00:00'),(526,288,93,'2021-08-30 00:00:00'),(585,46,46,'2021-08-30 00:00:00'),(585,39,98,'2021-08-30 00:00:00'),(598,280,80,'2021-08-30 00:00:00'),(116,295,98,'2021-08-31 00:00:00'),(122,165,28,'2021-08-31 00:00:00'),(152,167,68,'2021-08-31 00:00:00'),(243,359,86,'2021-08-31 00:00:00'),(245,28,69,'2021-08-31 00:00:00'),(247,234,82,'2021-08-31 00:00:00'),(269,46,59,'2021-08-31 00:00:00'),(284,78,24,'2021-08-31 00:00:00'),(287,92,87,'2021-08-31 00:00:00'),(310,132,55,'2021-08-31 00:00:00'),(311,55,69,'2021-08-31 00:00:00'),(316,181,21,'2021-08-31 00:00:00'),(330,297,70,'2021-08-31 00:00:00'),(344,254,34,'2021-08-31 00:00:00'),(372,305,4,'2021-08-31 00:00:00'),(382,19,61,'2021-08-31 00:00:00'),(401,5,43,'2021-08-31 00:00:00'),(441,119,88,'2021-08-31 00:00:00'),(466,22,80,'2021-08-31 00:00:00'),(476,354,45,'2021-08-31 00:00:00'),(498,150,44,'2021-08-31 00:00:00'),(513,329,54,'2021-08-31 00:00:00'),(527,73,58,'2021-08-31 00:00:00'),(557,83,61,'2021-08-31 00:00:00'),(598,318,60,'2021-08-31 00:00:00'),(104,267,75,'2021-09-01 00:00:00'),(114,114,8,'2021-09-01 00:00:00'),(253,201,75,'2021-09-01 00:00:00'),(268,8,8,'2021-09-01 00:00:00'),(274,233,75,'2021-09-01 00:00:00'),(280,292,63,'2021-09-01 00:00:00'),(291,207,77,'2021-09-01 00:00:00'),(334,7,7,'2021-09-01 00:00:00'),(351,125,49,'2021-09-01 00:00:00'),(391,47,83,'2021-09-01 00:00:00'),(410,125,3,'2021-09-01 00:00:00'),(422,249,76,'2021-09-01 00:00:00'),(457,332,8,'2021-09-01 00:00:00'),(468,14,50,'2021-09-01 00:00:00'),(486,78,44,'2021-09-01 00:00:00'),(539,337,35,'2021-09-01 00:00:00'),(111,346,84,'2021-09-02 00:00:00'),(156,212,58,'2021-09-02 00:00:00'),(175,91,56,'2021-09-02 00:00:00'),(199,142,90,'2021-09-02 00:00:00'),(271,290,48,'2021-09-02 00:00:00'),(289,321,71,'2021-09-02 00:00:00'),(299,229,18,'2021-09-02 00:00:00'),(309,12,83,'2021-09-02 00:00:00'),(321,295,86,'2021-09-02 00:00:00'),(325,131,37,'2021-09-02 00:00:00'),(327,220,49,'2021-09-02 00:00:00'),(339,101,22,'2021-09-02 00:00:00'),(365,7,13,'2021-09-02 00:00:00'),(375,44,60,'2021-09-02 00:00:00'),(394,94,75,'2021-09-02 00:00:00'),(409,79,49,'2021-09-02 00:00:00'),(426,239,67,'2021-09-02 00:00:00'),(426,333,71,'2021-09-02 00:00:00'),(475,273,11,'2021-09-02 00:00:00'),(504,117,10,'2021-09-02 00:00:00'),(521,265,90,'2021-09-02 00:00:00'),(530,274,76,'2021-09-02 00:00:00'),(532,196,96,'2021-09-02 00:00:00'),(544,58,28,'2021-09-02 00:00:00'),(565,345,42,'2021-09-02 00:00:00'),(580,108,85,'2021-09-02 00:00:00'),(136,47,72,'2021-09-03 00:00:00'),(141,336,75,'2021-09-03 00:00:00'),(165,57,5,'2021-09-03 00:00:00'),(231,168,2,'2021-09-03 00:00:00'),(249,149,15,'2021-09-03 00:00:00'),(251,267,54,'2021-09-03 00:00:00'),(271,236,41,'2021-09-03 00:00:00'),(381,12,62,'2021-09-03 00:00:00'),(398,76,52,'2021-09-03 00:00:00'),(411,341,39,'2021-09-03 00:00:00'),(420,67,66,'2021-09-03 00:00:00'),(432,6,28,'2021-09-03 00:00:00'),(495,144,23,'2021-09-03 00:00:00'),(520,275,43,'2021-09-03 00:00:00'),(526,125,76,'2021-09-03 00:00:00'),(551,341,82,'2021-09-03 00:00:00'),(577,71,97,'2021-09-03 00:00:00'),(580,280,29,'2021-09-03 00:00:00'),(600,262,34,'2021-09-03 00:00:00'),(123,143,25,'2021-09-04 00:00:00'),(155,159,86,'2021-09-04 00:00:00'),(192,230,59,'2021-09-04 00:00:00'),(200,219,25,'2021-09-04 00:00:00'),(243,310,64,'2021-09-04 00:00:00'),(246,215,47,'2021-09-04 00:00:00'),(264,196,64,'2021-09-04 00:00:00'),(265,51,8,'2021-09-04 00:00:00'),(267,197,45,'2021-09-04 00:00:00'),(285,71,55,'2021-09-04 00:00:00'),(298,155,44,'2021-09-04 00:00:00'),(307,220,31,'2021-09-04 00:00:00'),(310,245,33,'2021-09-04 00:00:00'),(323,89,86,'2021-09-04 00:00:00'),(327,337,62,'2021-09-04 00:00:00'),(384,103,32,'2021-09-04 00:00:00'),(386,244,88,'2021-09-04 00:00:00'),(393,179,49,'2021-09-04 00:00:00'),(397,168,75,'2021-09-04 00:00:00'),(403,28,23,'2021-09-04 00:00:00'),(461,91,48,'2021-09-04 00:00:00'),(466,120,77,'2021-09-04 00:00:00'),(521,117,50,'2021-09-04 00:00:00'),(523,16,53,'2021-09-04 00:00:00'),(582,113,100,'2021-09-04 00:00:00'),(594,311,10,'2021-09-04 00:00:00'),(594,205,93,'2021-09-04 00:00:00'),(115,147,30,'2021-09-05 00:00:00'),(129,302,54,'2021-09-05 00:00:00'),(161,55,27,'2021-09-05 00:00:00'),(170,265,38,'2021-09-05 00:00:00'),(211,350,28,'2021-09-05 00:00:00'),(213,313,6,'2021-09-05 00:00:00'),(219,210,61,'2021-09-05 00:00:00'),(370,242,99,'2021-09-05 00:00:00'),(371,153,36,'2021-09-05 00:00:00'),(371,204,60,'2021-09-05 00:00:00'),(381,115,63,'2021-09-05 00:00:00'),(391,258,8,'2021-09-05 00:00:00'),(411,221,40,'2021-09-05 00:00:00'),(413,129,10,'2021-09-05 00:00:00'),(426,42,73,'2021-09-05 00:00:00'),(447,232,52,'2021-09-05 00:00:00'),(457,47,66,'2021-09-05 00:00:00'),(488,155,79,'2021-09-05 00:00:00'),(550,67,90,'2021-09-05 00:00:00'),(589,200,32,'2021-09-05 00:00:00'),(189,217,23,'2021-09-06 00:00:00'),(216,259,35,'2021-09-06 00:00:00'),(225,93,34,'2021-09-06 00:00:00'),(240,207,25,'2021-09-06 00:00:00'),(286,217,74,'2021-09-06 00:00:00'),(294,244,100,'2021-09-06 00:00:00'),(308,138,71,'2021-09-06 00:00:00'),(314,233,38,'2021-09-06 00:00:00'),(331,52,52,'2021-09-06 00:00:00'),(338,267,49,'2021-09-06 00:00:00'),(350,46,38,'2021-09-06 00:00:00'),(392,168,55,'2021-09-06 00:00:00'),(396,91,30,'2021-09-06 00:00:00'),(432,240,88,'2021-09-06 00:00:00'),(435,124,81,'2021-09-06 00:00:00'),(489,345,70,'2021-09-06 00:00:00'),(516,214,96,'2021-09-06 00:00:00'),(560,30,58,'2021-09-06 00:00:00'),(130,261,60,'2021-09-07 00:00:00'),(155,67,46,'2021-09-07 00:00:00'),(209,2,97,'2021-09-07 00:00:00'),(215,123,58,'2021-09-07 00:00:00'),(227,323,62,'2021-09-07 00:00:00'),(237,340,69,'2021-09-07 00:00:00'),(244,65,28,'2021-09-07 00:00:00'),(256,345,83,'2021-09-07 00:00:00'),(324,61,32,'2021-09-07 00:00:00'),(328,158,9,'2021-09-07 00:00:00'),(376,318,100,'2021-09-07 00:00:00'),(388,170,12,'2021-09-07 00:00:00'),(452,290,39,'2021-09-07 00:00:00'),(517,283,67,'2021-09-07 00:00:00'),(520,205,7,'2021-09-07 00:00:00'),(530,245,68,'2021-09-07 00:00:00'),(535,267,73,'2021-09-07 00:00:00'),(583,84,46,'2021-09-07 00:00:00'),(584,91,21,'2021-09-07 00:00:00'),(589,101,37,'2021-09-07 00:00:00'),(107,302,66,'2021-09-08 00:00:00'),(129,155,37,'2021-09-08 00:00:00'),(137,167,82,'2021-09-08 00:00:00'),(175,250,1,'2021-09-08 00:00:00'),(180,253,70,'2021-09-08 00:00:00'),(184,42,53,'2021-09-08 00:00:00'),(190,130,33,'2021-09-08 00:00:00'),(217,230,33,'2021-09-08 00:00:00'),(220,101,20,'2021-09-08 00:00:00'),(233,221,15,'2021-09-08 00:00:00'),(244,176,33,'2021-09-08 00:00:00'),(255,199,33,'2021-09-08 00:00:00'),(292,41,82,'2021-09-08 00:00:00'),(294,26,1,'2021-09-08 00:00:00'),(295,149,44,'2021-09-08 00:00:00'),(300,172,19,'2021-09-08 00:00:00'),(320,228,97,'2021-09-08 00:00:00'),(325,12,52,'2021-09-08 00:00:00'),(341,212,1,'2021-09-08 00:00:00'),(367,33,7,'2021-09-08 00:00:00'),(372,182,99,'2021-09-08 00:00:00'),(448,274,57,'2021-09-08 00:00:00'),(475,143,29,'2021-09-08 00:00:00'),(481,199,31,'2021-09-08 00:00:00'),(514,162,36,'2021-09-08 00:00:00'),(558,179,27,'2021-09-08 00:00:00'),(567,325,42,'2021-09-08 00:00:00'),(572,18,17,'2021-09-08 00:00:00'),(588,349,99,'2021-09-08 00:00:00'),(103,212,91,'2021-09-09 00:00:00'),(132,336,90,'2021-09-09 00:00:00'),(143,19,68,'2021-09-09 00:00:00'),(193,290,17,'2021-09-09 00:00:00'),(201,208,89,'2021-09-09 00:00:00'),(220,253,36,'2021-09-09 00:00:00'),(232,213,87,'2021-09-09 00:00:00'),(240,178,80,'2021-09-09 00:00:00'),(261,60,72,'2021-09-09 00:00:00'),(290,305,98,'2021-09-09 00:00:00'),(295,163,57,'2021-09-09 00:00:00'),(341,165,98,'2021-09-09 00:00:00'),(352,270,59,'2021-09-09 00:00:00'),(354,266,85,'2021-09-09 00:00:00'),(370,164,68,'2021-09-09 00:00:00'),(406,164,9,'2021-09-09 00:00:00'),(445,294,59,'2021-09-09 00:00:00'),(486,327,89,'2021-09-09 00:00:00'),(495,354,34,'2021-09-09 00:00:00'),(513,138,89,'2021-09-09 00:00:00'),(520,12,29,'2021-09-09 00:00:00'),(561,229,4,'2021-09-09 00:00:00'),(586,72,42,'2021-09-09 00:00:00'),(115,184,12,'2021-09-10 00:00:00'),(119,275,40,'2021-09-10 00:00:00'),(121,237,8,'2021-09-10 00:00:00'),(141,83,15,'2021-09-10 00:00:00'),(167,220,95,'2021-09-10 00:00:00'),(178,205,14,'2021-09-10 00:00:00'),(222,185,83,'2021-09-10 00:00:00'),(228,190,16,'2021-09-10 00:00:00'),(256,238,79,'2021-09-10 00:00:00'),(270,124,67,'2021-09-10 00:00:00'),(316,261,62,'2021-09-10 00:00:00'),(327,341,68,'2021-09-10 00:00:00'),(382,286,37,'2021-09-10 00:00:00'),(390,225,38,'2021-09-10 00:00:00'),(396,291,48,'2021-09-10 00:00:00'),(418,81,50,'2021-09-10 00:00:00'),(420,188,100,'2021-09-10 00:00:00'),(430,298,2,'2021-09-10 00:00:00'),(435,64,1,'2021-09-10 00:00:00'),(522,248,98,'2021-09-10 00:00:00'),(523,138,34,'2021-09-10 00:00:00'),(571,44,11,'2021-09-10 00:00:00'),(572,30,72,'2021-09-10 00:00:00'),(578,149,71,'2021-09-10 00:00:00'),(591,21,44,'2021-09-10 00:00:00'),(592,32,76,'2021-09-10 00:00:00'),(596,107,95,'2021-09-10 00:00:00'),(599,172,46,'2021-09-10 00:00:00'),(103,318,39,'2021-09-11 00:00:00'),(186,142,47,'2021-09-11 00:00:00'),(187,1,27,'2021-09-11 00:00:00'),(204,99,76,'2021-09-11 00:00:00'),(215,278,11,'2021-09-11 00:00:00'),(225,313,55,'2021-09-11 00:00:00'),(271,96,31,'2021-09-11 00:00:00'),(308,93,7,'2021-09-11 00:00:00'),(326,291,36,'2021-09-11 00:00:00'),(327,57,31,'2021-09-11 00:00:00'),(353,171,8,'2021-09-11 00:00:00'),(376,94,66,'2021-09-11 00:00:00'),(429,56,58,'2021-09-11 00:00:00'),(443,149,90,'2021-09-11 00:00:00'),(448,277,50,'2021-09-11 00:00:00'),(453,322,41,'2021-09-11 00:00:00'),(464,183,33,'2021-09-11 00:00:00'),(482,272,85,'2021-09-11 00:00:00'),(484,59,100,'2021-09-11 00:00:00'),(537,62,91,'2021-09-11 00:00:00'),(190,104,45,'2021-09-12 00:00:00'),(193,322,73,'2021-09-12 00:00:00'),(196,253,54,'2021-09-12 00:00:00'),(219,177,48,'2021-09-12 00:00:00'),(222,57,24,'2021-09-12 00:00:00'),(227,41,65,'2021-09-12 00:00:00'),(274,174,87,'2021-09-12 00:00:00'),(400,5,75,'2021-09-12 00:00:00'),(404,330,85,'2021-09-12 00:00:00'),(407,282,72,'2021-09-12 00:00:00'),(410,31,12,'2021-09-12 00:00:00'),(437,27,62,'2021-09-12 00:00:00'),(448,19,38,'2021-09-12 00:00:00'),(467,86,39,'2021-09-12 00:00:00'),(472,48,53,'2021-09-12 00:00:00'),(480,1,74,'2021-09-12 00:00:00'),(539,306,19,'2021-09-12 00:00:00'),(539,325,34,'2021-09-12 00:00:00'),(542,113,87,'2021-09-12 00:00:00'),(547,110,90,'2021-09-12 00:00:00'),(549,168,69,'2021-09-12 00:00:00'),(550,46,16,'2021-09-12 00:00:00'),(558,216,81,'2021-09-12 00:00:00'),(578,24,100,'2021-09-12 00:00:00'),(586,302,66,'2021-09-12 00:00:00'),(594,143,67,'2021-09-12 00:00:00'),(116,11,69,'2021-09-13 00:00:00'),(173,118,78,'2021-09-13 00:00:00'),(179,206,27,'2021-09-13 00:00:00'),(186,260,63,'2021-09-13 00:00:00'),(198,57,71,'2021-09-13 00:00:00'),(203,223,94,'2021-09-13 00:00:00'),(213,65,4,'2021-09-13 00:00:00'),(222,342,50,'2021-09-13 00:00:00'),(230,287,63,'2021-09-13 00:00:00'),(289,177,83,'2021-09-13 00:00:00'),(290,118,77,'2021-09-13 00:00:00'),(294,116,52,'2021-09-13 00:00:00'),(300,299,15,'2021-09-13 00:00:00'),(302,89,69,'2021-09-13 00:00:00'),(303,286,45,'2021-09-13 00:00:00'),(330,192,27,'2021-09-13 00:00:00'),(335,194,91,'2021-09-13 00:00:00'),(375,73,1,'2021-09-13 00:00:00'),(378,183,94,'2021-09-13 00:00:00'),(395,290,8,'2021-09-13 00:00:00'),(400,121,26,'2021-09-13 00:00:00'),(404,230,77,'2021-09-13 00:00:00'),(411,144,58,'2021-09-13 00:00:00'),(423,26,85,'2021-09-13 00:00:00'),(424,291,77,'2021-09-13 00:00:00'),(426,108,68,'2021-09-13 00:00:00'),(427,288,86,'2021-09-13 00:00:00'),(455,101,67,'2021-09-13 00:00:00'),(467,52,2,'2021-09-13 00:00:00'),(471,282,25,'2021-09-13 00:00:00'),(483,324,99,'2021-09-13 00:00:00'),(494,352,64,'2021-09-13 00:00:00'),(510,125,54,'2021-09-13 00:00:00'),(510,122,68,'2021-09-13 00:00:00'),(512,146,41,'2021-09-13 00:00:00'),(549,196,25,'2021-09-13 00:00:00'),(550,290,57,'2021-09-13 00:00:00'),(553,125,79,'2021-09-13 00:00:00'),(581,344,46,'2021-09-13 00:00:00'),(593,209,45,'2021-09-13 00:00:00'),(600,211,39,'2021-09-13 00:00:00'),(600,201,94,'2021-09-13 00:00:00'),(114,296,75,'2021-09-14 00:00:00'),(124,278,74,'2021-09-14 00:00:00'),(125,313,77,'2021-09-14 00:00:00'),(143,248,72,'2021-09-14 00:00:00'),(161,292,9,'2021-09-14 00:00:00'),(207,205,54,'2021-09-14 00:00:00'),(246,215,19,'2021-09-14 00:00:00'),(253,190,33,'2021-09-14 00:00:00'),(269,331,83,'2021-09-14 00:00:00'),(379,251,89,'2021-09-14 00:00:00'),(409,55,4,'2021-09-14 00:00:00'),(442,265,6,'2021-09-14 00:00:00'),(495,6,38,'2021-09-14 00:00:00'),(511,20,68,'2021-09-14 00:00:00'),(560,184,23,'2021-09-14 00:00:00'),(562,108,99,'2021-09-14 00:00:00'),(573,227,39,'2021-09-14 00:00:00'),(588,251,58,'2021-09-14 00:00:00'),(133,16,74,'2021-09-15 00:00:00'),(140,281,27,'2021-09-15 00:00:00'),(173,186,81,'2021-09-15 00:00:00'),(176,255,4,'2021-09-15 00:00:00'),(184,47,17,'2021-09-15 00:00:00'),(189,133,93,'2021-09-15 00:00:00'),(238,21,22,'2021-09-15 00:00:00'),(276,359,66,'2021-09-15 00:00:00'),(304,1,2,'2021-09-15 00:00:00'),(336,307,100,'2021-09-15 00:00:00'),(362,109,12,'2021-09-15 00:00:00'),(392,215,11,'2021-09-15 00:00:00'),(405,72,59,'2021-09-15 00:00:00'),(432,112,11,'2021-09-15 00:00:00'),(458,227,39,'2021-09-15 00:00:00'),(460,186,64,'2021-09-15 00:00:00'),(462,162,58,'2021-09-15 00:00:00'),(478,337,67,'2021-09-15 00:00:00'),(508,233,30,'2021-09-15 00:00:00'),(519,117,46,'2021-09-15 00:00:00'),(523,71,53,'2021-09-15 00:00:00'),(525,306,3,'2021-09-15 00:00:00'),(586,166,75,'2021-09-15 00:00:00'),(591,264,96,'2021-09-15 00:00:00'),(170,115,67,'2021-09-16 00:00:00'),(194,153,48,'2021-09-16 00:00:00'),(198,335,10,'2021-09-16 00:00:00'),(250,49,8,'2021-09-16 00:00:00'),(277,70,58,'2021-09-16 00:00:00'),(291,158,20,'2021-09-16 00:00:00'),(331,41,4,'2021-09-16 00:00:00'),(397,134,82,'2021-09-16 00:00:00'),(445,290,11,'2021-09-16 00:00:00'),(514,101,19,'2021-09-16 00:00:00'),(519,131,78,'2021-09-16 00:00:00'),(562,173,98,'2021-09-16 00:00:00'),(596,304,68,'2021-09-16 00:00:00'),(132,296,41,'2021-09-17 00:00:00'),(148,94,56,'2021-09-17 00:00:00'),(150,58,26,'2021-09-17 00:00:00'),(199,86,69,'2021-09-17 00:00:00'),(210,236,46,'2021-09-17 00:00:00'),(318,261,65,'2021-09-17 00:00:00'),(331,275,41,'2021-09-17 00:00:00'),(343,62,64,'2021-09-17 00:00:00'),(352,323,94,'2021-09-17 00:00:00'),(366,59,32,'2021-09-17 00:00:00'),(371,68,25,'2021-09-17 00:00:00'),(373,241,58,'2021-09-17 00:00:00'),(373,310,60,'2021-09-17 00:00:00'),(499,285,90,'2021-09-17 00:00:00'),(517,258,89,'2021-09-17 00:00:00'),(558,145,28,'2021-09-17 00:00:00'),(577,233,90,'2021-09-17 00:00:00'),(584,197,65,'2021-09-17 00:00:00'),(161,61,55,'2021-09-18 00:00:00'),(252,26,14,'2021-09-18 00:00:00'),(271,192,72,'2021-09-18 00:00:00'),(280,49,49,'2021-09-18 00:00:00'),(312,288,48,'2021-09-18 00:00:00'),(327,13,2,'2021-09-18 00:00:00'),(342,337,88,'2021-09-18 00:00:00'),(359,281,38,'2021-09-18 00:00:00'),(369,283,51,'2021-09-18 00:00:00'),(375,333,97,'2021-09-18 00:00:00'),(395,155,81,'2021-09-18 00:00:00'),(425,299,65,'2021-09-18 00:00:00'),(446,153,44,'2021-09-18 00:00:00'),(454,213,50,'2021-09-18 00:00:00'),(469,107,45,'2021-09-18 00:00:00'),(481,175,100,'2021-09-18 00:00:00'),(498,275,65,'2021-09-18 00:00:00'),(528,140,58,'2021-09-18 00:00:00'),(535,76,75,'2021-09-18 00:00:00'),(577,52,87,'2021-09-18 00:00:00'),(580,245,26,'2021-09-18 00:00:00'),(580,323,79,'2021-09-18 00:00:00'),(587,134,81,'2021-09-18 00:00:00'),(192,210,90,'2021-09-19 00:00:00'),(209,186,32,'2021-09-19 00:00:00'),(291,188,54,'2021-09-19 00:00:00'),(307,326,93,'2021-09-19 00:00:00'),(312,32,4,'2021-09-19 00:00:00'),(344,343,28,'2021-09-19 00:00:00'),(357,290,60,'2021-09-19 00:00:00'),(390,171,10,'2021-09-19 00:00:00'),(411,49,63,'2021-09-19 00:00:00'),(424,306,75,'2021-09-19 00:00:00'),(450,97,69,'2021-09-19 00:00:00'),(463,107,60,'2021-09-19 00:00:00'),(483,65,70,'2021-09-19 00:00:00'),(488,43,96,'2021-09-19 00:00:00'),(530,180,78,'2021-09-19 00:00:00'),(533,27,36,'2021-09-19 00:00:00'),(536,82,47,'2021-09-19 00:00:00'),(564,327,83,'2021-09-19 00:00:00'),(566,19,60,'2021-09-19 00:00:00'),(590,197,76,'2021-09-19 00:00:00'),(594,142,3,'2021-09-19 00:00:00'),(112,143,62,'2021-09-20 00:00:00'),(116,185,95,'2021-09-20 00:00:00'),(149,234,48,'2021-09-20 00:00:00'),(169,357,1,'2021-09-20 00:00:00'),(169,104,46,'2021-09-20 00:00:00'),(239,49,92,'2021-09-20 00:00:00'),(261,5,6,'2021-09-20 00:00:00'),(263,221,68,'2021-09-20 00:00:00'),(269,333,32,'2021-09-20 00:00:00'),(273,343,24,'2021-09-20 00:00:00'),(301,256,70,'2021-09-20 00:00:00'),(328,156,9,'2021-09-20 00:00:00'),(385,332,95,'2021-09-20 00:00:00'),(417,113,84,'2021-09-20 00:00:00'),(446,92,61,'2021-09-20 00:00:00'),(454,235,98,'2021-09-20 00:00:00'),(486,329,31,'2021-09-20 00:00:00'),(488,334,56,'2021-09-20 00:00:00'),(512,282,92,'2021-09-20 00:00:00'),(550,199,12,'2021-09-20 00:00:00'),(559,212,75,'2021-09-20 00:00:00'),(567,204,23,'2021-09-20 00:00:00'),(130,302,64,'2021-09-21 00:00:00'),(178,87,87,'2021-09-21 00:00:00'),(224,140,3,'2021-09-21 00:00:00'),(250,19,43,'2021-09-21 00:00:00'),(264,336,9,'2021-09-21 00:00:00'),(271,160,59,'2021-09-21 00:00:00'),(283,195,7,'2021-09-21 00:00:00'),(328,321,63,'2021-09-21 00:00:00'),(330,221,21,'2021-09-21 00:00:00'),(332,52,26,'2021-09-21 00:00:00'),(354,248,2,'2021-09-21 00:00:00'),(367,145,1,'2021-09-21 00:00:00'),(369,190,100,'2021-09-21 00:00:00'),(386,179,21,'2021-09-21 00:00:00'),(404,6,84,'2021-09-21 00:00:00'),(410,98,30,'2021-09-21 00:00:00'),(456,17,23,'2021-09-21 00:00:00'),(498,69,63,'2021-09-21 00:00:00'),(546,175,99,'2021-09-21 00:00:00'),(566,231,30,'2021-09-21 00:00:00'),(568,181,22,'2021-09-21 00:00:00'),(595,112,43,'2021-09-21 00:00:00'),(104,167,81,'2021-09-22 00:00:00'),(120,298,61,'2021-09-22 00:00:00'),(121,134,24,'2021-09-22 00:00:00'),(182,56,3,'2021-09-22 00:00:00'),(212,174,91,'2021-09-22 00:00:00'),(218,349,79,'2021-09-22 00:00:00'),(247,223,26,'2021-09-22 00:00:00'),(254,142,38,'2021-09-22 00:00:00'),(259,294,42,'2021-09-22 00:00:00'),(288,323,64,'2021-09-22 00:00:00'),(302,23,29,'2021-09-22 00:00:00'),(307,162,90,'2021-09-22 00:00:00'),(395,201,16,'2021-09-22 00:00:00'),(403,166,24,'2021-09-22 00:00:00'),(438,29,62,'2021-09-22 00:00:00'),(453,357,92,'2021-09-22 00:00:00'),(454,111,82,'2021-09-22 00:00:00'),(491,350,37,'2021-09-22 00:00:00'),(516,87,72,'2021-09-22 00:00:00'),(110,270,10,'2021-09-23 00:00:00'),(153,161,52,'2021-09-23 00:00:00'),(198,350,36,'2021-09-23 00:00:00'),(220,302,48,'2021-09-23 00:00:00'),(233,7,15,'2021-09-23 00:00:00'),(243,193,19,'2021-09-23 00:00:00'),(267,115,52,'2021-09-23 00:00:00'),(304,86,89,'2021-09-23 00:00:00'),(311,341,36,'2021-09-23 00:00:00'),(325,141,24,'2021-09-23 00:00:00'),(415,91,17,'2021-09-23 00:00:00'),(499,40,40,'2021-09-23 00:00:00'),(499,169,89,'2021-09-23 00:00:00'),(524,353,21,'2021-09-23 00:00:00'),(593,82,9,'2021-09-23 00:00:00'),(593,331,48,'2021-09-23 00:00:00'),(121,97,16,'2021-09-24 00:00:00'),(136,130,13,'2021-09-24 00:00:00'),(168,311,29,'2021-09-24 00:00:00'),(177,224,42,'2021-09-24 00:00:00'),(182,310,30,'2021-09-24 00:00:00'),(194,52,24,'2021-09-24 00:00:00'),(199,69,68,'2021-09-24 00:00:00'),(217,247,26,'2021-09-24 00:00:00'),(231,113,67,'2021-09-24 00:00:00'),(234,51,98,'2021-09-24 00:00:00'),(249,346,21,'2021-09-24 00:00:00'),(262,232,24,'2021-09-24 00:00:00'),(294,38,9,'2021-09-24 00:00:00'),(296,113,44,'2021-09-24 00:00:00'),(300,50,84,'2021-09-24 00:00:00'),(318,330,27,'2021-09-24 00:00:00'),(370,146,50,'2021-09-24 00:00:00'),(374,216,63,'2021-09-24 00:00:00'),(425,124,81,'2021-09-24 00:00:00'),(440,249,43,'2021-09-24 00:00:00'),(450,305,40,'2021-09-24 00:00:00'),(467,130,53,'2021-09-24 00:00:00'),(495,13,32,'2021-09-24 00:00:00'),(506,200,16,'2021-09-24 00:00:00'),(549,115,30,'2021-09-24 00:00:00'),(578,109,63,'2021-09-24 00:00:00'),(587,287,72,'2021-09-24 00:00:00'),(124,182,83,'2021-09-25 00:00:00'),(130,141,1,'2021-09-25 00:00:00'),(137,105,56,'2021-09-25 00:00:00'),(146,51,70,'2021-09-25 00:00:00'),(203,202,81,'2021-09-25 00:00:00'),(256,301,80,'2021-09-25 00:00:00'),(267,82,31,'2021-09-25 00:00:00'),(273,319,100,'2021-09-25 00:00:00'),(283,25,86,'2021-09-25 00:00:00'),(296,88,12,'2021-09-25 00:00:00'),(328,24,41,'2021-09-25 00:00:00'),(336,15,48,'2021-09-25 00:00:00'),(411,220,15,'2021-09-25 00:00:00'),(464,15,76,'2021-09-25 00:00:00'),(473,32,26,'2021-09-25 00:00:00'),(482,212,12,'2021-09-25 00:00:00'),(495,312,59,'2021-09-25 00:00:00'),(514,138,67,'2021-09-25 00:00:00'),(537,90,37,'2021-09-25 00:00:00'),(576,352,22,'2021-09-25 00:00:00'),(102,33,88,'2021-09-26 00:00:00'),(170,58,66,'2021-09-26 00:00:00'),(173,251,48,'2021-09-26 00:00:00'),(191,183,30,'2021-09-26 00:00:00'),(212,355,10,'2021-09-26 00:00:00'),(242,331,97,'2021-09-26 00:00:00'),(301,105,24,'2021-09-26 00:00:00'),(303,251,92,'2021-09-26 00:00:00'),(332,354,47,'2021-09-26 00:00:00'),(347,195,7,'2021-09-26 00:00:00'),(408,300,86,'2021-09-26 00:00:00'),(416,327,35,'2021-09-26 00:00:00'),(442,87,52,'2021-09-26 00:00:00'),(479,142,12,'2021-09-26 00:00:00'),(480,200,100,'2021-09-26 00:00:00'),(497,139,45,'2021-09-26 00:00:00'),(522,20,88,'2021-09-26 00:00:00'),(544,198,16,'2021-09-26 00:00:00'),(563,69,84,'2021-09-26 00:00:00'),(592,50,30,'2021-09-26 00:00:00'),(104,167,94,'2021-09-27 00:00:00'),(119,132,2,'2021-09-27 00:00:00'),(120,207,18,'2021-09-27 00:00:00'),(147,107,33,'2021-09-27 00:00:00'),(150,240,26,'2021-09-27 00:00:00'),(175,353,65,'2021-09-27 00:00:00'),(227,146,39,'2021-09-27 00:00:00'),(260,5,54,'2021-09-27 00:00:00'),(264,358,79,'2021-09-27 00:00:00'),(269,49,54,'2021-09-27 00:00:00'),(303,348,53,'2021-09-27 00:00:00'),(330,285,73,'2021-09-27 00:00:00'),(358,106,37,'2021-09-27 00:00:00'),(358,278,63,'2021-09-27 00:00:00'),(361,119,75,'2021-09-27 00:00:00'),(416,137,43,'2021-09-27 00:00:00'),(436,253,75,'2021-09-27 00:00:00'),(441,253,49,'2021-09-27 00:00:00'),(471,188,70,'2021-09-27 00:00:00'),(490,241,16,'2021-09-27 00:00:00'),(497,267,58,'2021-09-27 00:00:00'),(498,184,3,'2021-09-27 00:00:00'),(500,276,24,'2021-09-27 00:00:00'),(518,239,18,'2021-09-27 00:00:00'),(549,357,85,'2021-09-27 00:00:00'),(571,76,68,'2021-09-27 00:00:00'),(111,185,12,'2021-09-28 00:00:00'),(156,216,73,'2021-09-28 00:00:00'),(199,34,58,'2021-09-28 00:00:00'),(221,313,58,'2021-09-28 00:00:00'),(223,2,75,'2021-09-28 00:00:00'),(313,2,63,'2021-09-28 00:00:00'),(327,181,78,'2021-09-28 00:00:00'),(371,259,98,'2021-09-28 00:00:00'),(413,29,64,'2021-09-28 00:00:00'),(437,122,100,'2021-09-28 00:00:00'),(439,27,81,'2021-09-28 00:00:00'),(440,4,27,'2021-09-28 00:00:00'),(457,41,8,'2021-09-28 00:00:00'),(463,212,99,'2021-09-28 00:00:00'),(486,284,73,'2021-09-28 00:00:00'),(495,308,40,'2021-09-28 00:00:00'),(558,35,64,'2021-09-28 00:00:00'),(576,151,40,'2021-09-28 00:00:00'),(156,203,18,'2021-09-29 00:00:00'),(178,283,32,'2021-09-29 00:00:00'),(179,340,49,'2021-09-29 00:00:00'),(189,83,57,'2021-09-29 00:00:00'),(211,259,4,'2021-09-29 00:00:00'),(250,165,78,'2021-09-29 00:00:00'),(262,326,61,'2021-09-29 00:00:00'),(263,174,83,'2021-09-29 00:00:00'),(279,38,57,'2021-09-29 00:00:00'),(295,60,22,'2021-09-29 00:00:00'),(327,11,3,'2021-09-29 00:00:00'),(327,291,24,'2021-09-29 00:00:00'),(330,176,14,'2021-09-29 00:00:00'),(342,101,18,'2021-09-29 00:00:00'),(358,176,70,'2021-09-29 00:00:00'),(426,185,4,'2021-09-29 00:00:00'),(435,41,25,'2021-09-29 00:00:00'),(443,94,4,'2021-09-29 00:00:00'),(488,225,23,'2021-09-29 00:00:00'),(503,86,30,'2021-09-29 00:00:00'),(509,87,78,'2021-09-29 00:00:00'),(528,130,23,'2021-09-29 00:00:00'),(547,278,36,'2021-09-29 00:00:00'),(551,82,76,'2021-09-29 00:00:00'),(566,141,48,'2021-09-29 00:00:00'),(103,20,57,'2021-09-30 00:00:00'),(129,77,9,'2021-09-30 00:00:00'),(171,324,95,'2021-09-30 00:00:00'),(231,232,51,'2021-09-30 00:00:00'),(244,64,74,'2021-09-30 00:00:00'),(251,197,20,'2021-09-30 00:00:00'),(262,114,54,'2021-09-30 00:00:00'),(277,29,86,'2021-09-30 00:00:00'),(281,237,81,'2021-09-30 00:00:00'),(350,310,44,'2021-09-30 00:00:00'),(360,151,100,'2021-09-30 00:00:00'),(389,319,6,'2021-09-30 00:00:00'),(395,11,6,'2021-09-30 00:00:00'),(400,291,13,'2021-09-30 00:00:00'),(408,10,66,'2021-09-30 00:00:00'),(431,204,15,'2021-09-30 00:00:00'),(433,55,54,'2021-09-30 00:00:00'),(438,266,93,'2021-09-30 00:00:00'),(442,31,4,'2021-09-30 00:00:00'),(454,132,27,'2021-09-30 00:00:00'),(454,328,96,'2021-09-30 00:00:00'),(489,245,60,'2021-09-30 00:00:00'),(506,28,41,'2021-09-30 00:00:00'),(524,148,65,'2021-09-30 00:00:00'),(534,9,75,'2021-09-30 00:00:00'),(539,222,13,'2021-09-30 00:00:00'),(551,200,29,'2021-09-30 00:00:00'),(573,355,34,'2021-09-30 00:00:00'),(594,139,55,'2021-09-30 00:00:00'),(109,71,100,'2021-10-01 00:00:00'),(118,264,80,'2021-10-01 00:00:00'),(129,98,59,'2021-10-01 00:00:00'),(134,33,39,'2021-10-01 00:00:00'),(161,29,80,'2021-10-01 00:00:00'),(216,300,90,'2021-10-01 00:00:00'),(218,190,77,'2021-10-01 00:00:00'),(231,251,71,'2021-10-01 00:00:00'),(254,75,88,'2021-10-01 00:00:00'),(257,186,78,'2021-10-01 00:00:00'),(296,303,82,'2021-10-01 00:00:00'),(327,320,28,'2021-10-01 00:00:00'),(337,1,29,'2021-10-01 00:00:00'),(448,155,86,'2021-10-01 00:00:00'),(489,74,52,'2021-10-01 00:00:00'),(496,45,59,'2021-10-01 00:00:00'),(513,231,34,'2021-10-01 00:00:00'),(516,322,42,'2021-10-01 00:00:00'),(550,302,21,'2021-10-01 00:00:00'),(561,288,50,'2021-10-01 00:00:00'),(572,145,31,'2021-10-01 00:00:00'),(579,192,98,'2021-10-01 00:00:00'),(591,257,11,'2021-10-01 00:00:00'),(208,141,56,'2021-10-02 00:00:00'),(209,291,53,'2021-10-02 00:00:00'),(226,65,53,'2021-10-02 00:00:00'),(313,176,17,'2021-10-02 00:00:00'),(361,335,11,'2021-10-02 00:00:00'),(377,357,66,'2021-10-02 00:00:00'),(385,321,62,'2021-10-02 00:00:00'),(459,168,72,'2021-10-02 00:00:00'),(464,64,71,'2021-10-02 00:00:00'),(469,174,50,'2021-10-02 00:00:00'),(537,73,91,'2021-10-02 00:00:00'),(108,292,5,'2021-10-03 00:00:00'),(111,293,43,'2021-10-03 00:00:00'),(159,244,69,'2021-10-03 00:00:00'),(176,74,55,'2021-10-03 00:00:00'),(192,317,30,'2021-10-03 00:00:00'),(234,138,55,'2021-10-03 00:00:00'),(264,297,99,'2021-10-03 00:00:00'),(361,58,3,'2021-10-03 00:00:00'),(370,319,47,'2021-10-03 00:00:00'),(370,127,60,'2021-10-03 00:00:00'),(374,350,22,'2021-10-03 00:00:00'),(375,173,5,'2021-10-03 00:00:00'),(376,255,94,'2021-10-03 00:00:00'),(413,257,84,'2021-10-03 00:00:00'),(445,95,44,'2021-10-03 00:00:00'),(447,286,45,'2021-10-03 00:00:00'),(455,245,99,'2021-10-03 00:00:00'),(489,358,9,'2021-10-03 00:00:00'),(560,305,73,'2021-10-03 00:00:00'),(562,55,72,'2021-10-03 00:00:00'),(573,26,79,'2021-10-03 00:00:00'),(116,328,5,'2021-10-04 00:00:00'),(145,94,19,'2021-10-04 00:00:00'),(157,175,67,'2021-10-04 00:00:00'),(164,112,2,'2021-10-04 00:00:00'),(167,82,76,'2021-10-04 00:00:00'),(170,77,8,'2021-10-04 00:00:00'),(178,287,85,'2021-10-04 00:00:00'),(208,303,85,'2021-10-04 00:00:00'),(213,171,6,'2021-10-04 00:00:00'),(233,277,43,'2021-10-04 00:00:00'),(236,155,54,'2021-10-04 00:00:00'),(261,110,31,'2021-10-04 00:00:00'),(275,275,90,'2021-10-04 00:00:00'),(282,117,67,'2021-10-04 00:00:00'),(348,299,70,'2021-10-04 00:00:00'),(353,291,60,'2021-10-04 00:00:00'),(362,202,94,'2021-10-04 00:00:00'),(376,209,17,'2021-10-04 00:00:00'),(388,264,88,'2021-10-04 00:00:00'),(395,37,62,'2021-10-04 00:00:00'),(401,104,85,'2021-10-04 00:00:00'),(430,321,86,'2021-10-04 00:00:00'),(456,60,9,'2021-10-04 00:00:00'),(497,22,15,'2021-10-04 00:00:00'),(523,318,55,'2021-10-04 00:00:00'),(542,37,100,'2021-10-04 00:00:00'),(557,140,24,'2021-10-04 00:00:00'),(560,164,97,'2021-10-04 00:00:00'),(562,48,68,'2021-10-04 00:00:00'),(589,263,21,'2021-10-04 00:00:00'),(146,288,53,'2021-10-05 00:00:00'),(247,180,75,'2021-10-05 00:00:00'),(277,189,51,'2021-10-05 00:00:00'),(280,273,50,'2021-10-05 00:00:00'),(321,128,50,'2021-10-05 00:00:00'),(361,6,73,'2021-10-05 00:00:00'),(419,8,86,'2021-10-05 00:00:00'),(463,269,30,'2021-10-05 00:00:00'),(487,209,32,'2021-10-05 00:00:00'),(496,40,16,'2021-10-05 00:00:00'),(510,182,96,'2021-10-05 00:00:00'),(525,103,56,'2021-10-05 00:00:00'),(550,278,8,'2021-10-05 00:00:00'),(574,245,95,'2021-10-05 00:00:00'),(577,161,66,'2021-10-05 00:00:00'),(111,39,59,'2021-10-06 00:00:00'),(128,11,32,'2021-10-06 00:00:00'),(137,293,79,'2021-10-06 00:00:00'),(138,210,85,'2021-10-06 00:00:00'),(141,285,55,'2021-10-06 00:00:00'),(171,132,69,'2021-10-06 00:00:00'),(190,196,66,'2021-10-06 00:00:00'),(208,213,78,'2021-10-06 00:00:00'),(220,102,31,'2021-10-06 00:00:00'),(223,128,11,'2021-10-06 00:00:00'),(244,18,65,'2021-10-06 00:00:00'),(244,263,68,'2021-10-06 00:00:00'),(247,257,90,'2021-10-06 00:00:00'),(260,123,4,'2021-10-06 00:00:00'),(278,128,41,'2021-10-06 00:00:00'),(302,218,7,'2021-10-06 00:00:00'),(320,117,75,'2021-10-06 00:00:00'),(325,323,57,'2021-10-06 00:00:00'),(382,337,70,'2021-10-06 00:00:00'),(391,62,64,'2021-10-06 00:00:00'),(494,225,26,'2021-10-06 00:00:00'),(503,319,30,'2021-10-06 00:00:00'),(506,289,31,'2021-10-06 00:00:00'),(506,238,72,'2021-10-06 00:00:00'),(595,86,90,'2021-10-06 00:00:00'),(101,43,43,'2021-10-07 00:00:00'),(127,34,26,'2021-10-07 00:00:00'),(133,95,88,'2021-10-07 00:00:00'),(144,58,54,'2021-10-07 00:00:00'),(151,264,58,'2021-10-07 00:00:00'),(152,226,74,'2021-10-07 00:00:00'),(168,316,9,'2021-10-07 00:00:00'),(204,234,76,'2021-10-07 00:00:00'),(216,181,56,'2021-10-07 00:00:00'),(271,251,70,'2021-10-07 00:00:00'),(279,299,47,'2021-10-07 00:00:00'),(290,280,9,'2021-10-07 00:00:00'),(304,131,98,'2021-10-07 00:00:00'),(323,1,16,'2021-10-07 00:00:00'),(325,180,60,'2021-10-07 00:00:00'),(330,199,94,'2021-10-07 00:00:00'),(339,20,9,'2021-10-07 00:00:00'),(407,43,53,'2021-10-07 00:00:00'),(416,154,44,'2021-10-07 00:00:00'),(434,41,53,'2021-10-07 00:00:00'),(445,20,73,'2021-10-07 00:00:00'),(473,68,16,'2021-10-07 00:00:00'),(502,84,60,'2021-10-07 00:00:00'),(585,149,95,'2021-10-07 00:00:00'),(587,108,65,'2021-10-07 00:00:00'),(587,219,70,'2021-10-07 00:00:00'),(590,210,58,'2021-10-07 00:00:00'),(593,157,9,'2021-10-07 00:00:00'),(134,247,22,'2021-10-08 00:00:00'),(138,359,59,'2021-10-08 00:00:00'),(173,193,75,'2021-10-08 00:00:00'),(200,269,79,'2021-10-08 00:00:00'),(235,293,15,'2021-10-08 00:00:00'),(253,178,80,'2021-10-08 00:00:00'),(255,313,65,'2021-10-08 00:00:00'),(378,354,26,'2021-10-08 00:00:00'),(434,108,64,'2021-10-08 00:00:00'),(454,121,71,'2021-10-08 00:00:00'),(463,190,34,'2021-10-08 00:00:00'),(472,54,49,'2021-10-08 00:00:00'),(482,320,11,'2021-10-08 00:00:00'),(483,218,65,'2021-10-08 00:00:00'),(532,122,86,'2021-10-08 00:00:00'),(541,178,91,'2021-10-08 00:00:00'),(546,139,32,'2021-10-08 00:00:00'),(576,274,43,'2021-10-08 00:00:00'),(581,165,88,'2021-10-08 00:00:00'),(582,204,56,'2021-10-08 00:00:00'),(586,115,58,'2021-10-08 00:00:00'),(590,243,25,'2021-10-08 00:00:00'),(597,213,16,'2021-10-08 00:00:00'),(106,100,22,'2021-10-09 00:00:00'),(114,139,13,'2021-10-09 00:00:00'),(124,269,73,'2021-10-09 00:00:00'),(134,32,92,'2021-10-09 00:00:00'),(138,241,15,'2021-10-09 00:00:00'),(153,321,73,'2021-10-09 00:00:00'),(180,14,34,'2021-10-09 00:00:00'),(184,128,93,'2021-10-09 00:00:00'),(193,156,95,'2021-10-09 00:00:00'),(210,211,51,'2021-10-09 00:00:00'),(261,236,35,'2021-10-09 00:00:00'),(276,45,7,'2021-10-09 00:00:00'),(432,106,27,'2021-10-09 00:00:00'),(443,89,37,'2021-10-09 00:00:00'),(446,42,26,'2021-10-09 00:00:00'),(448,91,93,'2021-10-09 00:00:00'),(462,310,28,'2021-10-09 00:00:00'),(465,265,18,'2021-10-09 00:00:00'),(468,24,77,'2021-10-09 00:00:00'),(474,68,16,'2021-10-09 00:00:00'),(475,52,92,'2021-10-09 00:00:00'),(510,88,58,'2021-10-09 00:00:00'),(545,71,82,'2021-10-09 00:00:00'),(559,229,29,'2021-10-09 00:00:00'),(573,119,80,'2021-10-09 00:00:00'),(590,301,88,'2021-10-09 00:00:00'),(129,249,53,'2021-10-10 00:00:00'),(149,4,12,'2021-10-10 00:00:00'),(152,242,52,'2021-10-10 00:00:00'),(153,325,75,'2021-10-10 00:00:00'),(166,307,54,'2021-10-10 00:00:00'),(210,210,97,'2021-10-10 00:00:00'),(275,276,76,'2021-10-10 00:00:00'),(295,83,50,'2021-10-10 00:00:00'),(308,247,77,'2021-10-10 00:00:00'),(352,13,56,'2021-10-10 00:00:00'),(427,59,27,'2021-10-10 00:00:00'),(457,158,22,'2021-10-10 00:00:00'),(503,339,52,'2021-10-10 00:00:00'),(536,15,24,'2021-10-10 00:00:00'),(556,103,3,'2021-10-10 00:00:00'),(590,87,73,'2021-10-10 00:00:00'),(597,186,19,'2021-10-10 00:00:00'),(118,200,83,'2021-10-11 00:00:00'),(136,336,14,'2021-10-11 00:00:00'),(136,222,54,'2021-10-11 00:00:00'),(142,63,25,'2021-10-11 00:00:00'),(152,142,26,'2021-10-11 00:00:00'),(179,169,90,'2021-10-11 00:00:00'),(190,235,43,'2021-10-11 00:00:00'),(220,233,14,'2021-10-11 00:00:00'),(262,14,69,'2021-10-11 00:00:00'),(288,211,53,'2021-10-11 00:00:00'),(302,126,3,'2021-10-11 00:00:00'),(340,15,69,'2021-10-11 00:00:00'),(362,148,46,'2021-10-11 00:00:00'),(369,69,68,'2021-10-11 00:00:00'),(371,326,5,'2021-10-11 00:00:00'),(382,212,80,'2021-10-11 00:00:00'),(416,223,68,'2021-10-11 00:00:00'),(436,12,100,'2021-10-11 00:00:00'),(460,34,55,'2021-10-11 00:00:00'),(500,246,64,'2021-10-11 00:00:00'),(506,307,69,'2021-10-11 00:00:00'),(514,82,33,'2021-10-11 00:00:00'),(538,120,38,'2021-10-11 00:00:00'),(542,26,21,'2021-10-11 00:00:00'),(108,118,75,'2021-10-12 00:00:00'),(138,7,62,'2021-10-12 00:00:00'),(144,288,19,'2021-10-12 00:00:00'),(162,338,15,'2021-10-12 00:00:00'),(175,196,7,'2021-10-12 00:00:00'),(186,166,48,'2021-10-12 00:00:00'),(189,69,50,'2021-10-12 00:00:00'),(254,307,54,'2021-10-12 00:00:00'),(256,231,37,'2021-10-12 00:00:00'),(257,56,94,'2021-10-12 00:00:00'),(273,121,32,'2021-10-12 00:00:00'),(282,43,91,'2021-10-12 00:00:00'),(300,120,88,'2021-10-12 00:00:00'),(305,251,57,'2021-10-12 00:00:00'),(324,5,64,'2021-10-12 00:00:00'),(334,93,79,'2021-10-12 00:00:00'),(345,83,68,'2021-10-12 00:00:00'),(347,6,2,'2021-10-12 00:00:00'),(371,233,28,'2021-10-12 00:00:00'),(377,47,77,'2021-10-12 00:00:00'),(510,357,91,'2021-10-12 00:00:00'),(522,242,88,'2021-10-12 00:00:00'),(588,323,18,'2021-10-12 00:00:00'),(590,180,27,'2021-10-12 00:00:00'),(591,142,13,'2021-10-12 00:00:00'),(109,100,58,'2021-10-13 00:00:00'),(148,82,11,'2021-10-13 00:00:00'),(243,120,10,'2021-10-13 00:00:00'),(261,333,33,'2021-10-13 00:00:00'),(274,141,19,'2021-10-13 00:00:00'),(277,289,10,'2021-10-13 00:00:00'),(286,18,22,'2021-10-13 00:00:00'),(289,13,29,'2021-10-13 00:00:00'),(331,42,9,'2021-10-13 00:00:00'),(363,136,56,'2021-10-13 00:00:00'),(375,200,98,'2021-10-13 00:00:00'),(381,125,15,'2021-10-13 00:00:00'),(388,134,45,'2021-10-13 00:00:00'),(396,349,14,'2021-10-13 00:00:00'),(423,86,53,'2021-10-13 00:00:00'),(432,114,91,'2021-10-13 00:00:00'),(442,265,60,'2021-10-13 00:00:00'),(484,282,45,'2021-10-13 00:00:00'),(486,335,55,'2021-10-13 00:00:00'),(494,200,56,'2021-10-13 00:00:00'),(566,218,65,'2021-10-13 00:00:00'),(596,359,21,'2021-10-13 00:00:00'),(111,284,45,'2021-10-14 00:00:00'),(146,138,70,'2021-10-14 00:00:00'),(155,84,77,'2021-10-14 00:00:00'),(160,225,90,'2021-10-14 00:00:00'),(179,48,88,'2021-10-14 00:00:00'),(185,98,66,'2021-10-14 00:00:00'),(187,56,89,'2021-10-14 00:00:00'),(195,244,28,'2021-10-14 00:00:00'),(214,83,44,'2021-10-14 00:00:00'),(229,245,57,'2021-10-14 00:00:00'),(283,161,43,'2021-10-14 00:00:00'),(327,111,19,'2021-10-14 00:00:00'),(352,190,91,'2021-10-14 00:00:00'),(382,110,43,'2021-10-14 00:00:00'),(396,56,12,'2021-10-14 00:00:00'),(407,112,80,'2021-10-14 00:00:00'),(418,260,60,'2021-10-14 00:00:00'),(422,216,14,'2021-10-14 00:00:00'),(455,160,26,'2021-10-14 00:00:00'),(464,270,65,'2021-10-14 00:00:00'),(495,8,76,'2021-10-14 00:00:00'),(512,121,33,'2021-10-14 00:00:00'),(543,227,61,'2021-10-14 00:00:00'),(572,269,16,'2021-10-14 00:00:00'),(572,46,38,'2021-10-14 00:00:00'),(580,200,43,'2021-10-14 00:00:00'),(126,84,51,'2021-10-15 00:00:00'),(127,131,81,'2021-10-15 00:00:00'),(155,71,15,'2021-10-15 00:00:00'),(224,100,85,'2021-10-15 00:00:00'),(239,30,58,'2021-10-15 00:00:00'),(306,327,96,'2021-10-15 00:00:00'),(328,352,13,'2021-10-15 00:00:00'),(346,149,37,'2021-10-15 00:00:00'),(378,52,48,'2021-10-15 00:00:00'),(389,208,9,'2021-10-15 00:00:00'),(406,153,88,'2021-10-15 00:00:00'),(439,305,79,'2021-10-15 00:00:00'),(447,11,85,'2021-10-15 00:00:00'),(465,247,11,'2021-10-15 00:00:00'),(472,21,18,'2021-10-15 00:00:00'),(500,99,31,'2021-10-15 00:00:00'),(509,172,81,'2021-10-15 00:00:00'),(517,189,67,'2021-10-15 00:00:00'),(523,180,6,'2021-10-15 00:00:00'),(530,221,75,'2021-10-15 00:00:00'),(570,88,27,'2021-10-15 00:00:00'),(580,260,45,'2021-10-15 00:00:00'),(582,99,57,'2021-10-15 00:00:00'),(597,310,15,'2021-10-15 00:00:00'),(130,207,78,'2021-10-16 00:00:00'),(165,189,38,'2021-10-16 00:00:00'),(170,352,87,'2021-10-16 00:00:00'),(212,21,31,'2021-10-16 00:00:00'),(216,356,10,'2021-10-16 00:00:00'),(239,303,37,'2021-10-16 00:00:00'),(251,19,93,'2021-10-16 00:00:00'),(272,85,16,'2021-10-16 00:00:00'),(296,185,48,'2021-10-16 00:00:00'),(309,329,38,'2021-10-16 00:00:00'),(317,99,78,'2021-10-16 00:00:00'),(326,71,61,'2021-10-16 00:00:00'),(328,311,88,'2021-10-16 00:00:00'),(394,60,100,'2021-10-16 00:00:00'),(403,261,72,'2021-10-16 00:00:00'),(404,275,17,'2021-10-16 00:00:00'),(420,16,35,'2021-10-16 00:00:00'),(433,72,7,'2021-10-16 00:00:00'),(436,219,80,'2021-10-16 00:00:00'),(460,298,22,'2021-10-16 00:00:00'),(469,82,48,'2021-10-16 00:00:00'),(516,241,67,'2021-10-16 00:00:00'),(553,247,100,'2021-10-16 00:00:00'),(561,349,25,'2021-10-16 00:00:00'),(570,268,7,'2021-10-16 00:00:00'),(575,316,30,'2021-10-16 00:00:00'),(581,136,14,'2021-10-16 00:00:00'),(581,205,85,'2021-10-16 00:00:00'),(113,26,24,'2021-10-17 00:00:00'),(114,66,38,'2021-10-17 00:00:00'),(141,7,21,'2021-10-17 00:00:00'),(144,29,65,'2021-10-17 00:00:00'),(160,331,95,'2021-10-17 00:00:00'),(216,49,35,'2021-10-17 00:00:00'),(219,176,77,'2021-10-17 00:00:00'),(252,37,82,'2021-10-17 00:00:00'),(265,261,84,'2021-10-17 00:00:00'),(294,64,51,'2021-10-17 00:00:00'),(295,178,10,'2021-10-17 00:00:00'),(301,202,31,'2021-10-17 00:00:00'),(309,126,53,'2021-10-17 00:00:00'),(325,43,82,'2021-10-17 00:00:00'),(356,193,27,'2021-10-17 00:00:00'),(390,151,57,'2021-10-17 00:00:00'),(424,57,70,'2021-10-17 00:00:00'),(424,70,88,'2021-10-17 00:00:00'),(449,215,32,'2021-10-17 00:00:00'),(453,160,72,'2021-10-17 00:00:00'),(480,114,44,'2021-10-17 00:00:00'),(483,264,2,'2021-10-17 00:00:00'),(495,201,50,'2021-10-17 00:00:00'),(496,351,77,'2021-10-17 00:00:00'),(546,60,82,'2021-10-17 00:00:00'),(550,294,84,'2021-10-17 00:00:00'),(571,146,3,'2021-10-17 00:00:00'),(590,199,2,'2021-10-17 00:00:00'),(592,293,55,'2021-10-17 00:00:00'),(119,323,22,'2021-10-18 00:00:00'),(121,76,54,'2021-10-18 00:00:00'),(123,141,81,'2021-10-18 00:00:00'),(147,242,82,'2021-10-18 00:00:00'),(166,280,90,'2021-10-18 00:00:00'),(169,338,89,'2021-10-18 00:00:00'),(173,282,63,'2021-10-18 00:00:00'),(189,92,37,'2021-10-18 00:00:00'),(284,356,16,'2021-10-18 00:00:00'),(287,244,46,'2021-10-18 00:00:00'),(313,143,47,'2021-10-18 00:00:00'),(318,328,72,'2021-10-18 00:00:00'),(319,107,17,'2021-10-18 00:00:00'),(358,90,64,'2021-10-18 00:00:00'),(368,311,48,'2021-10-18 00:00:00'),(397,41,64,'2021-10-18 00:00:00'),(400,153,49,'2021-10-18 00:00:00'),(446,261,50,'2021-10-18 00:00:00'),(456,112,87,'2021-10-18 00:00:00'),(466,111,19,'2021-10-18 00:00:00'),(467,2,75,'2021-10-18 00:00:00'),(520,62,75,'2021-10-18 00:00:00'),(537,261,13,'2021-10-18 00:00:00'),(542,39,67,'2021-10-18 00:00:00'),(543,279,63,'2021-10-18 00:00:00'),(551,151,7,'2021-10-18 00:00:00'),(580,329,34,'2021-10-18 00:00:00'),(102,352,75,'2021-10-19 00:00:00'),(103,328,41,'2021-10-19 00:00:00'),(191,263,98,'2021-10-19 00:00:00'),(205,163,88,'2021-10-19 00:00:00'),(216,26,58,'2021-10-19 00:00:00'),(219,106,34,'2021-10-19 00:00:00'),(251,131,77,'2021-10-19 00:00:00'),(281,225,54,'2021-10-19 00:00:00'),(288,253,30,'2021-10-19 00:00:00'),(343,40,82,'2021-10-19 00:00:00'),(343,191,88,'2021-10-19 00:00:00'),(348,238,73,'2021-10-19 00:00:00'),(361,238,20,'2021-10-19 00:00:00'),(383,85,29,'2021-10-19 00:00:00'),(401,351,56,'2021-10-19 00:00:00'),(412,133,62,'2021-10-19 00:00:00'),(420,198,12,'2021-10-19 00:00:00'),(436,344,81,'2021-10-19 00:00:00'),(448,280,33,'2021-10-19 00:00:00'),(473,238,87,'2021-10-19 00:00:00'),(535,300,34,'2021-10-19 00:00:00'),(539,174,54,'2021-10-19 00:00:00'),(542,124,39,'2021-10-19 00:00:00'),(579,259,39,'2021-10-19 00:00:00'),(579,355,88,'2021-10-19 00:00:00'),(105,73,60,'2021-10-20 00:00:00'),(127,62,36,'2021-10-20 00:00:00'),(160,100,34,'2021-10-20 00:00:00'),(235,47,11,'2021-10-20 00:00:00'),(342,9,100,'2021-10-20 00:00:00'),(377,264,77,'2021-10-20 00:00:00'),(378,323,96,'2021-10-20 00:00:00'),(384,97,80,'2021-10-20 00:00:00'),(420,48,21,'2021-10-20 00:00:00'),(436,96,12,'2021-10-20 00:00:00'),(440,74,74,'2021-10-20 00:00:00'),(492,213,30,'2021-10-20 00:00:00'),(492,40,45,'2021-10-20 00:00:00'),(517,72,55,'2021-10-20 00:00:00'),(525,147,12,'2021-10-20 00:00:00'),(579,31,78,'2021-10-20 00:00:00'),(585,199,29,'2021-10-20 00:00:00'),(597,189,54,'2021-10-20 00:00:00'),(111,94,38,'2021-10-21 00:00:00'),(126,174,63,'2021-10-21 00:00:00'),(163,169,45,'2021-10-21 00:00:00'),(169,129,86,'2021-10-21 00:00:00'),(196,89,49,'2021-10-21 00:00:00'),(223,11,85,'2021-10-21 00:00:00'),(228,256,77,'2021-10-21 00:00:00'),(241,293,5,'2021-10-21 00:00:00'),(241,177,67,'2021-10-21 00:00:00'),(267,88,2,'2021-10-21 00:00:00'),(285,211,91,'2021-10-21 00:00:00'),(340,328,80,'2021-10-21 00:00:00'),(385,127,82,'2021-10-21 00:00:00'),(387,29,46,'2021-10-21 00:00:00'),(448,52,91,'2021-10-21 00:00:00'),(460,67,53,'2021-10-21 00:00:00'),(466,217,98,'2021-10-21 00:00:00'),(500,84,49,'2021-10-21 00:00:00'),(511,13,75,'2021-10-21 00:00:00'),(528,358,88,'2021-10-21 00:00:00'),(534,8,26,'2021-10-21 00:00:00'),(558,297,100,'2021-10-21 00:00:00'),(102,89,53,'2021-10-22 00:00:00'),(122,281,59,'2021-10-22 00:00:00'),(138,6,79,'2021-10-22 00:00:00'),(149,298,68,'2021-10-22 00:00:00'),(167,256,12,'2021-10-22 00:00:00'),(184,9,37,'2021-10-22 00:00:00'),(215,310,89,'2021-10-22 00:00:00'),(271,304,63,'2021-10-22 00:00:00'),(276,318,99,'2021-10-22 00:00:00'),(286,245,11,'2021-10-22 00:00:00'),(300,183,24,'2021-10-22 00:00:00'),(303,117,4,'2021-10-22 00:00:00'),(305,188,11,'2021-10-22 00:00:00'),(323,351,92,'2021-10-22 00:00:00'),(340,91,72,'2021-10-22 00:00:00'),(366,203,53,'2021-10-22 00:00:00'),(369,161,92,'2021-10-22 00:00:00'),(403,20,11,'2021-10-22 00:00:00'),(404,238,2,'2021-10-22 00:00:00'),(412,41,92,'2021-10-22 00:00:00'),(444,79,36,'2021-10-22 00:00:00'),(448,228,91,'2021-10-22 00:00:00'),(496,86,30,'2021-10-22 00:00:00'),(515,146,14,'2021-10-22 00:00:00'),(529,58,82,'2021-10-22 00:00:00'),(540,76,68,'2021-10-22 00:00:00'),(566,168,81,'2021-10-22 00:00:00'),(577,327,78,'2021-10-22 00:00:00'),(598,267,2,'2021-10-22 00:00:00'),(138,109,75,'2021-10-23 00:00:00'),(142,133,33,'2021-10-23 00:00:00'),(145,82,78,'2021-10-23 00:00:00'),(164,338,14,'2021-10-23 00:00:00'),(185,189,91,'2021-10-23 00:00:00'),(191,340,71,'2021-10-23 00:00:00'),(201,332,15,'2021-10-23 00:00:00'),(210,9,86,'2021-10-23 00:00:00'),(225,254,59,'2021-10-23 00:00:00'),(228,350,89,'2021-10-23 00:00:00'),(258,330,58,'2021-10-23 00:00:00'),(275,87,59,'2021-10-23 00:00:00'),(281,117,4,'2021-10-23 00:00:00'),(292,173,17,'2021-10-23 00:00:00'),(310,252,100,'2021-10-23 00:00:00'),(311,187,25,'2021-10-23 00:00:00'),(323,180,57,'2021-10-23 00:00:00'),(369,225,63,'2021-10-23 00:00:00'),(394,289,29,'2021-10-23 00:00:00'),(415,242,15,'2021-10-23 00:00:00'),(417,148,38,'2021-10-23 00:00:00'),(474,261,29,'2021-10-23 00:00:00'),(498,332,11,'2021-10-23 00:00:00'),(514,329,28,'2021-10-23 00:00:00'),(546,116,10,'2021-10-23 00:00:00'),(590,169,32,'2021-10-23 00:00:00'),(592,246,84,'2021-10-23 00:00:00'),(596,149,26,'2021-10-23 00:00:00'),(126,165,33,'2021-10-24 00:00:00'),(146,287,75,'2021-10-24 00:00:00'),(162,47,70,'2021-10-24 00:00:00'),(182,348,58,'2021-10-24 00:00:00'),(186,304,23,'2021-10-24 00:00:00'),(186,24,54,'2021-10-24 00:00:00'),(202,285,5,'2021-10-24 00:00:00'),(245,108,10,'2021-10-24 00:00:00'),(251,219,76,'2021-10-24 00:00:00'),(276,130,4,'2021-10-24 00:00:00'),(331,109,45,'2021-10-24 00:00:00'),(331,9,48,'2021-10-24 00:00:00'),(338,115,46,'2021-10-24 00:00:00'),(357,119,37,'2021-10-24 00:00:00'),(368,50,91,'2021-10-24 00:00:00'),(374,197,79,'2021-10-24 00:00:00'),(385,213,16,'2021-10-24 00:00:00'),(385,186,33,'2021-10-24 00:00:00'),(400,7,17,'2021-10-24 00:00:00'),(465,34,40,'2021-10-24 00:00:00'),(470,32,62,'2021-10-24 00:00:00'),(534,331,14,'2021-10-24 00:00:00'),(548,16,9,'2021-10-24 00:00:00'),(559,297,26,'2021-10-24 00:00:00'),(565,130,92,'2021-10-24 00:00:00'),(568,287,56,'2021-10-24 00:00:00'),(572,298,61,'2021-10-24 00:00:00'),(106,18,12,'2021-10-25 00:00:00'),(158,154,19,'2021-10-25 00:00:00'),(171,225,36,'2021-10-25 00:00:00'),(208,326,20,'2021-10-25 00:00:00'),(238,227,95,'2021-10-25 00:00:00'),(291,165,32,'2021-10-25 00:00:00'),(348,267,57,'2021-10-25 00:00:00'),(373,114,95,'2021-10-25 00:00:00'),(391,269,41,'2021-10-25 00:00:00'),(405,247,78,'2021-10-25 00:00:00'),(413,107,1,'2021-10-25 00:00:00'),(421,301,74,'2021-10-25 00:00:00'),(433,68,99,'2021-10-25 00:00:00'),(451,232,14,'2021-10-25 00:00:00'),(497,297,29,'2021-10-25 00:00:00'),(507,123,31,'2021-10-25 00:00:00'),(565,60,7,'2021-10-25 00:00:00'),(570,8,29,'2021-10-25 00:00:00'),(145,304,94,'2021-10-26 00:00:00'),(160,158,44,'2021-10-26 00:00:00'),(178,245,100,'2021-10-26 00:00:00'),(182,136,96,'2021-10-26 00:00:00'),(202,97,60,'2021-10-26 00:00:00'),(208,312,67,'2021-10-26 00:00:00'),(214,270,32,'2021-10-26 00:00:00'),(218,146,24,'2021-10-26 00:00:00'),(234,1,50,'2021-10-26 00:00:00'),(254,327,13,'2021-10-26 00:00:00'),(295,352,95,'2021-10-26 00:00:00'),(304,274,48,'2021-10-26 00:00:00'),(308,357,58,'2021-10-26 00:00:00'),(338,53,41,'2021-10-26 00:00:00'),(399,259,83,'2021-10-26 00:00:00'),(462,348,32,'2021-10-26 00:00:00'),(529,355,20,'2021-10-26 00:00:00'),(556,184,45,'2021-10-26 00:00:00'),(563,241,31,'2021-10-26 00:00:00'),(594,158,26,'2021-10-26 00:00:00'),(113,289,41,'2021-10-27 00:00:00'),(166,51,9,'2021-10-27 00:00:00'),(177,154,99,'2021-10-27 00:00:00'),(179,359,11,'2021-10-27 00:00:00'),(209,119,40,'2021-10-27 00:00:00'),(218,323,35,'2021-10-27 00:00:00'),(294,347,1,'2021-10-27 00:00:00'),(309,215,15,'2021-10-27 00:00:00'),(338,224,81,'2021-10-27 00:00:00'),(341,245,75,'2021-10-27 00:00:00'),(345,61,51,'2021-10-27 00:00:00'),(382,260,22,'2021-10-27 00:00:00'),(436,91,77,'2021-10-27 00:00:00'),(440,38,52,'2021-10-27 00:00:00'),(445,163,2,'2021-10-27 00:00:00'),(516,208,72,'2021-10-27 00:00:00'),(573,303,33,'2021-10-27 00:00:00'),(595,127,34,'2021-10-27 00:00:00'),(112,249,31,'2021-10-28 00:00:00'),(115,269,58,'2021-10-28 00:00:00'),(164,178,25,'2021-10-28 00:00:00'),(192,37,93,'2021-10-28 00:00:00'),(206,270,97,'2021-10-28 00:00:00'),(213,305,93,'2021-10-28 00:00:00'),(258,70,72,'2021-10-28 00:00:00'),(260,127,83,'2021-10-28 00:00:00'),(269,343,46,'2021-10-28 00:00:00'),(283,305,78,'2021-10-28 00:00:00'),(360,178,28,'2021-10-28 00:00:00'),(405,30,51,'2021-10-28 00:00:00'),(420,107,6,'2021-10-28 00:00:00'),(423,58,61,'2021-10-28 00:00:00'),(434,296,16,'2021-10-28 00:00:00'),(437,25,76,'2021-10-28 00:00:00'),(485,136,98,'2021-10-28 00:00:00'),(515,250,81,'2021-10-28 00:00:00'),(538,29,17,'2021-10-28 00:00:00'),(551,343,46,'2021-10-28 00:00:00'),(599,89,54,'2021-10-28 00:00:00'),(113,257,24,'2021-10-29 00:00:00'),(168,168,68,'2021-10-29 00:00:00'),(210,328,25,'2021-10-29 00:00:00'),(222,172,52,'2021-10-29 00:00:00'),(254,145,78,'2021-10-29 00:00:00'),(283,191,25,'2021-10-29 00:00:00'),(314,110,53,'2021-10-29 00:00:00'),(352,41,29,'2021-10-29 00:00:00'),(362,340,77,'2021-10-29 00:00:00'),(369,1,41,'2021-10-29 00:00:00'),(400,5,8,'2021-10-29 00:00:00'),(465,124,41,'2021-10-29 00:00:00'),(476,39,37,'2021-10-29 00:00:00'),(517,298,35,'2021-10-29 00:00:00'),(531,292,41,'2021-10-29 00:00:00'),(578,111,31,'2021-10-29 00:00:00'),(117,52,36,'2021-10-30 00:00:00'),(151,42,52,'2021-10-30 00:00:00'),(160,30,50,'2021-10-30 00:00:00'),(179,356,29,'2021-10-30 00:00:00'),(238,196,76,'2021-10-30 00:00:00'),(239,231,62,'2021-10-30 00:00:00'),(246,229,97,'2021-10-30 00:00:00'),(263,15,65,'2021-10-30 00:00:00'),(271,332,5,'2021-10-30 00:00:00'),(294,359,43,'2021-10-30 00:00:00'),(297,306,59,'2021-10-30 00:00:00'),(324,187,15,'2021-10-30 00:00:00'),(333,230,51,'2021-10-30 00:00:00'),(342,74,49,'2021-10-30 00:00:00'),(363,156,25,'2021-10-30 00:00:00'),(419,173,45,'2021-10-30 00:00:00'),(571,130,82,'2021-10-30 00:00:00'),(586,297,45,'2021-10-30 00:00:00'),(122,171,88,'2021-10-31 00:00:00'),(187,299,39,'2021-10-31 00:00:00'),(255,277,17,'2021-10-31 00:00:00'),(284,192,37,'2021-10-31 00:00:00'),(290,156,11,'2021-10-31 00:00:00'),(296,174,76,'2021-10-31 00:00:00'),(305,78,4,'2021-10-31 00:00:00'),(351,191,60,'2021-10-31 00:00:00'),(378,328,78,'2021-10-31 00:00:00'),(419,249,1,'2021-10-31 00:00:00'),(469,143,28,'2021-10-31 00:00:00'),(469,301,31,'2021-10-31 00:00:00'),(496,28,79,'2021-10-31 00:00:00'),(544,320,26,'2021-10-31 00:00:00'),(581,78,100,'2021-10-31 00:00:00'),(598,59,93,'2021-10-31 00:00:00'),(113,355,96,'2021-11-01 00:00:00'),(133,70,72,'2021-11-01 00:00:00'),(144,278,31,'2021-11-01 00:00:00'),(155,47,24,'2021-11-01 00:00:00'),(160,293,98,'2021-11-01 00:00:00'),(178,173,99,'2021-11-01 00:00:00'),(200,158,93,'2021-11-01 00:00:00'),(334,100,69,'2021-11-01 00:00:00'),(365,25,99,'2021-11-01 00:00:00'),(387,336,82,'2021-11-01 00:00:00'),(390,158,89,'2021-11-01 00:00:00'),(395,301,10,'2021-11-01 00:00:00'),(400,274,55,'2021-11-01 00:00:00'),(409,119,5,'2021-11-01 00:00:00'),(422,184,4,'2021-11-01 00:00:00'),(436,239,69,'2021-11-01 00:00:00'),(439,320,36,'2021-11-01 00:00:00'),(443,188,67,'2021-11-01 00:00:00'),(467,343,75,'2021-11-01 00:00:00'),(468,24,91,'2021-11-01 00:00:00'),(482,178,62,'2021-11-01 00:00:00'),(500,224,90,'2021-11-01 00:00:00'),(562,323,84,'2021-11-01 00:00:00'),(104,333,88,'2021-11-02 00:00:00'),(127,46,99,'2021-11-02 00:00:00'),(173,125,23,'2021-11-02 00:00:00'),(183,45,38,'2021-11-02 00:00:00'),(206,312,55,'2021-11-02 00:00:00'),(208,18,87,'2021-11-02 00:00:00'),(219,292,31,'2021-11-02 00:00:00'),(231,339,82,'2021-11-02 00:00:00'),(311,207,74,'2021-11-02 00:00:00'),(327,117,17,'2021-11-02 00:00:00'),(334,134,80,'2021-11-02 00:00:00'),(389,88,51,'2021-11-02 00:00:00'),(392,52,100,'2021-11-02 00:00:00'),(404,17,90,'2021-11-02 00:00:00'),(453,4,5,'2021-11-02 00:00:00'),(460,256,34,'2021-11-02 00:00:00'),(542,224,100,'2021-11-02 00:00:00'),(556,40,63,'2021-11-02 00:00:00'),(141,356,42,'2021-11-03 00:00:00'),(161,128,69,'2021-11-03 00:00:00'),(194,45,70,'2021-11-03 00:00:00'),(246,169,84,'2021-11-03 00:00:00'),(254,326,66,'2021-11-03 00:00:00'),(255,340,10,'2021-11-03 00:00:00'),(272,297,33,'2021-11-03 00:00:00'),(274,26,33,'2021-11-03 00:00:00'),(288,218,78,'2021-11-03 00:00:00'),(347,131,97,'2021-11-03 00:00:00'),(387,48,7,'2021-11-03 00:00:00'),(407,74,25,'2021-11-03 00:00:00'),(428,253,81,'2021-11-03 00:00:00'),(447,37,7,'2021-11-03 00:00:00'),(464,219,63,'2021-11-03 00:00:00'),(489,160,52,'2021-11-03 00:00:00'),(530,320,44,'2021-11-03 00:00:00'),(533,199,63,'2021-11-03 00:00:00'),(546,73,12,'2021-11-03 00:00:00'),(546,43,19,'2021-11-03 00:00:00'),(568,64,88,'2021-11-03 00:00:00'),(582,216,37,'2021-11-03 00:00:00'),(584,357,33,'2021-11-03 00:00:00'),(107,88,65,'2021-11-04 00:00:00'),(108,354,5,'2021-11-04 00:00:00'),(112,4,51,'2021-11-04 00:00:00'),(127,105,29,'2021-11-04 00:00:00'),(136,311,8,'2021-11-04 00:00:00'),(164,88,13,'2021-11-04 00:00:00'),(181,76,85,'2021-11-04 00:00:00'),(183,283,73,'2021-11-04 00:00:00'),(192,234,53,'2021-11-04 00:00:00'),(197,212,71,'2021-11-04 00:00:00'),(206,251,23,'2021-11-04 00:00:00'),(206,34,95,'2021-11-04 00:00:00'),(229,58,69,'2021-11-04 00:00:00'),(248,287,63,'2021-11-04 00:00:00'),(313,333,100,'2021-11-04 00:00:00'),(368,296,21,'2021-11-04 00:00:00'),(373,164,55,'2021-11-04 00:00:00'),(385,186,82,'2021-11-04 00:00:00'),(507,332,68,'2021-11-04 00:00:00'),(567,259,17,'2021-11-04 00:00:00'),(569,301,72,'2021-11-04 00:00:00'),(585,246,83,'2021-11-04 00:00:00'),(594,23,97,'2021-11-04 00:00:00'),(596,237,35,'2021-11-04 00:00:00'),(116,155,78,'2021-11-05 00:00:00'),(128,269,85,'2021-11-05 00:00:00'),(178,339,53,'2021-11-05 00:00:00'),(204,146,9,'2021-11-05 00:00:00'),(215,215,60,'2021-11-05 00:00:00'),(236,128,11,'2021-11-05 00:00:00'),(294,153,14,'2021-11-05 00:00:00'),(300,335,82,'2021-11-05 00:00:00'),(322,32,83,'2021-11-05 00:00:00'),(345,189,93,'2021-11-05 00:00:00'),(391,358,73,'2021-11-05 00:00:00'),(410,198,38,'2021-11-05 00:00:00'),(415,196,6,'2021-11-05 00:00:00'),(441,105,28,'2021-11-05 00:00:00'),(454,284,91,'2021-11-05 00:00:00'),(482,141,25,'2021-11-05 00:00:00'),(535,181,10,'2021-11-05 00:00:00'),(547,342,88,'2021-11-05 00:00:00'),(565,329,84,'2021-11-05 00:00:00'),(573,71,10,'2021-11-05 00:00:00'),(124,172,79,'2021-11-06 00:00:00'),(159,245,56,'2021-11-06 00:00:00'),(164,257,19,'2021-11-06 00:00:00'),(190,30,95,'2021-11-06 00:00:00'),(210,145,38,'2021-11-06 00:00:00'),(230,354,54,'2021-11-06 00:00:00'),(254,36,72,'2021-11-06 00:00:00'),(257,22,68,'2021-11-06 00:00:00'),(259,254,61,'2021-11-06 00:00:00'),(259,183,81,'2021-11-06 00:00:00'),(310,285,96,'2021-11-06 00:00:00'),(331,329,6,'2021-11-06 00:00:00'),(368,262,76,'2021-11-06 00:00:00'),(374,215,61,'2021-11-06 00:00:00'),(414,83,16,'2021-11-06 00:00:00'),(420,358,46,'2021-11-06 00:00:00'),(454,256,61,'2021-11-06 00:00:00'),(503,238,94,'2021-11-06 00:00:00'),(521,275,8,'2021-11-06 00:00:00'),(535,245,75,'2021-11-06 00:00:00'),(570,246,41,'2021-11-06 00:00:00'),(595,336,42,'2021-11-06 00:00:00'),(113,180,2,'2021-11-07 00:00:00'),(113,111,7,'2021-11-07 00:00:00'),(152,355,66,'2021-11-07 00:00:00'),(156,187,94,'2021-11-07 00:00:00'),(169,240,89,'2021-11-07 00:00:00'),(197,193,48,'2021-11-07 00:00:00'),(229,167,86,'2021-11-07 00:00:00'),(248,321,85,'2021-11-07 00:00:00'),(256,191,70,'2021-11-07 00:00:00'),(277,222,55,'2021-11-07 00:00:00'),(281,334,5,'2021-11-07 00:00:00'),(312,67,72,'2021-11-07 00:00:00'),(331,150,58,'2021-11-07 00:00:00'),(341,137,87,'2021-11-07 00:00:00'),(395,215,67,'2021-11-07 00:00:00'),(416,203,17,'2021-11-07 00:00:00'),(439,92,54,'2021-11-07 00:00:00'),(444,189,21,'2021-11-07 00:00:00'),(477,219,73,'2021-11-07 00:00:00'),(485,200,90,'2021-11-07 00:00:00'),(529,17,96,'2021-11-07 00:00:00'),(574,228,69,'2021-11-07 00:00:00'),(589,276,5,'2021-11-07 00:00:00'),(108,198,58,'2021-11-08 00:00:00'),(149,188,39,'2021-11-08 00:00:00'),(168,138,78,'2021-11-08 00:00:00'),(195,338,74,'2021-11-08 00:00:00'),(239,6,14,'2021-11-08 00:00:00'),(244,233,66,'2021-11-08 00:00:00'),(273,63,23,'2021-11-08 00:00:00'),(278,61,99,'2021-11-08 00:00:00'),(289,234,47,'2021-11-08 00:00:00'),(307,272,84,'2021-11-08 00:00:00'),(312,347,36,'2021-11-08 00:00:00'),(317,223,49,'2021-11-08 00:00:00'),(337,245,27,'2021-11-08 00:00:00'),(371,237,76,'2021-11-08 00:00:00'),(407,142,59,'2021-11-08 00:00:00'),(435,48,69,'2021-11-08 00:00:00'),(444,255,25,'2021-11-08 00:00:00'),(529,79,67,'2021-11-08 00:00:00'),(542,15,85,'2021-11-08 00:00:00'),(560,247,77,'2021-11-08 00:00:00'),(591,293,24,'2021-11-08 00:00:00'),(102,71,11,'2021-11-09 00:00:00'),(103,100,73,'2021-11-09 00:00:00'),(121,220,15,'2021-11-09 00:00:00'),(126,132,32,'2021-11-09 00:00:00'),(132,55,47,'2021-11-09 00:00:00'),(168,340,32,'2021-11-09 00:00:00'),(175,74,84,'2021-11-09 00:00:00'),(228,161,62,'2021-11-09 00:00:00'),(241,49,96,'2021-11-09 00:00:00'),(245,296,84,'2021-11-09 00:00:00'),(297,242,2,'2021-11-09 00:00:00'),(300,130,60,'2021-11-09 00:00:00'),(338,247,9,'2021-11-09 00:00:00'),(347,65,21,'2021-11-09 00:00:00'),(355,348,51,'2021-11-09 00:00:00'),(391,164,34,'2021-11-09 00:00:00'),(417,166,88,'2021-11-09 00:00:00'),(431,228,48,'2021-11-09 00:00:00'),(434,204,64,'2021-11-09 00:00:00'),(464,84,86,'2021-11-09 00:00:00'),(508,291,91,'2021-11-09 00:00:00'),(541,54,77,'2021-11-09 00:00:00'),(542,130,63,'2021-11-09 00:00:00'),(543,139,81,'2021-11-09 00:00:00'),(553,106,62,'2021-11-09 00:00:00'),(554,131,28,'2021-11-09 00:00:00'),(563,59,53,'2021-11-09 00:00:00'),(578,1,95,'2021-11-09 00:00:00'),(581,215,9,'2021-11-09 00:00:00'),(593,323,8,'2021-11-09 00:00:00'),(130,150,18,'2021-11-10 00:00:00'),(155,219,56,'2021-11-10 00:00:00'),(165,108,30,'2021-11-10 00:00:00'),(190,34,24,'2021-11-10 00:00:00'),(206,192,41,'2021-11-10 00:00:00'),(236,318,30,'2021-11-10 00:00:00'),(249,250,24,'2021-11-10 00:00:00'),(379,307,1,'2021-11-10 00:00:00'),(437,320,57,'2021-11-10 00:00:00'),(474,196,70,'2021-11-10 00:00:00'),(477,32,63,'2021-11-10 00:00:00'),(484,317,71,'2021-11-10 00:00:00'),(497,308,69,'2021-11-10 00:00:00'),(521,253,74,'2021-11-10 00:00:00'),(536,107,19,'2021-11-10 00:00:00'),(544,11,60,'2021-11-10 00:00:00'),(559,314,54,'2021-11-10 00:00:00'),(591,185,1,'2021-11-10 00:00:00'),(134,144,43,'2021-11-11 00:00:00'),(146,182,62,'2021-11-11 00:00:00'),(151,320,67,'2021-11-11 00:00:00'),(187,262,69,'2021-11-11 00:00:00'),(211,312,49,'2021-11-11 00:00:00'),(236,323,6,'2021-11-11 00:00:00'),(261,332,16,'2021-11-11 00:00:00'),(263,295,38,'2021-11-11 00:00:00'),(312,165,84,'2021-11-11 00:00:00'),(316,63,82,'2021-11-11 00:00:00'),(324,123,45,'2021-11-11 00:00:00'),(349,73,81,'2021-11-11 00:00:00'),(384,321,13,'2021-11-11 00:00:00'),(386,240,24,'2021-11-11 00:00:00'),(416,96,31,'2021-11-11 00:00:00'),(425,359,91,'2021-11-11 00:00:00'),(475,88,19,'2021-11-11 00:00:00'),(487,172,35,'2021-11-11 00:00:00'),(500,289,4,'2021-11-11 00:00:00'),(517,317,96,'2021-11-11 00:00:00'),(521,345,19,'2021-11-11 00:00:00'),(541,334,35,'2021-11-11 00:00:00'),(578,135,42,'2021-11-11 00:00:00'),(591,202,26,'2021-11-11 00:00:00'),(596,59,14,'2021-11-11 00:00:00'),(142,45,18,'2021-11-12 00:00:00'),(174,204,93,'2021-11-12 00:00:00'),(203,101,68,'2021-11-12 00:00:00'),(245,258,85,'2021-11-12 00:00:00'),(289,176,66,'2021-11-12 00:00:00'),(335,242,89,'2021-11-12 00:00:00'),(343,166,33,'2021-11-12 00:00:00'),(344,340,34,'2021-11-12 00:00:00'),(392,320,2,'2021-11-12 00:00:00'),(410,298,47,'2021-11-12 00:00:00'),(412,358,51,'2021-11-12 00:00:00'),(419,121,34,'2021-11-12 00:00:00'),(437,229,84,'2021-11-12 00:00:00'),(449,218,84,'2021-11-12 00:00:00'),(454,183,43,'2021-11-12 00:00:00'),(459,326,11,'2021-11-12 00:00:00'),(551,53,62,'2021-11-12 00:00:00'),(119,185,86,'2021-11-13 00:00:00'),(146,178,77,'2021-11-13 00:00:00'),(182,297,73,'2021-11-13 00:00:00'),(200,267,57,'2021-11-13 00:00:00'),(219,118,60,'2021-11-13 00:00:00'),(226,18,48,'2021-11-13 00:00:00'),(267,209,38,'2021-11-13 00:00:00'),(288,330,15,'2021-11-13 00:00:00'),(301,226,50,'2021-11-13 00:00:00'),(314,92,22,'2021-11-13 00:00:00'),(348,164,35,'2021-11-13 00:00:00'),(356,76,3,'2021-11-13 00:00:00'),(369,134,68,'2021-11-13 00:00:00'),(391,226,91,'2021-11-13 00:00:00'),(462,166,47,'2021-11-13 00:00:00'),(483,64,80,'2021-11-13 00:00:00'),(500,29,80,'2021-11-13 00:00:00'),(524,267,94,'2021-11-13 00:00:00'),(533,237,30,'2021-11-13 00:00:00'),(536,265,54,'2021-11-13 00:00:00'),(578,95,46,'2021-11-13 00:00:00'),(586,155,87,'2021-11-13 00:00:00'),(600,90,64,'2021-11-13 00:00:00'),(119,1,23,'2021-11-14 00:00:00'),(121,81,8,'2021-11-14 00:00:00'),(123,73,52,'2021-11-14 00:00:00'),(135,121,62,'2021-11-14 00:00:00'),(150,251,65,'2021-11-14 00:00:00'),(170,244,87,'2021-11-14 00:00:00'),(175,38,82,'2021-11-14 00:00:00'),(189,344,80,'2021-11-14 00:00:00'),(199,328,38,'2021-11-14 00:00:00'),(267,259,79,'2021-11-14 00:00:00'),(320,107,69,'2021-11-14 00:00:00'),(328,69,30,'2021-11-14 00:00:00'),(371,314,47,'2021-11-14 00:00:00'),(394,352,86,'2021-11-14 00:00:00'),(428,266,91,'2021-11-14 00:00:00'),(452,356,10,'2021-11-14 00:00:00'),(462,307,76,'2021-11-14 00:00:00'),(467,343,78,'2021-11-14 00:00:00'),(473,308,56,'2021-11-14 00:00:00'),(511,174,13,'2021-11-14 00:00:00'),(101,179,63,'2021-11-15 00:00:00'),(116,146,96,'2021-11-15 00:00:00'),(149,177,66,'2021-11-15 00:00:00'),(163,48,93,'2021-11-15 00:00:00'),(180,242,69,'2021-11-15 00:00:00'),(215,187,10,'2021-11-15 00:00:00'),(216,289,59,'2021-11-15 00:00:00'),(221,3,83,'2021-11-15 00:00:00'),(235,275,98,'2021-11-15 00:00:00'),(259,323,72,'2021-11-15 00:00:00'),(270,204,16,'2021-11-15 00:00:00'),(285,286,54,'2021-11-15 00:00:00'),(347,221,41,'2021-11-15 00:00:00'),(394,213,28,'2021-11-15 00:00:00'),(396,159,65,'2021-11-15 00:00:00'),(412,311,81,'2021-11-15 00:00:00'),(424,146,61,'2021-11-15 00:00:00'),(434,63,4,'2021-11-15 00:00:00'),(441,39,81,'2021-11-15 00:00:00'),(442,149,29,'2021-11-15 00:00:00'),(446,202,35,'2021-11-15 00:00:00'),(447,302,81,'2021-11-15 00:00:00'),(468,137,19,'2021-11-15 00:00:00'),(500,24,19,'2021-11-15 00:00:00'),(516,199,18,'2021-11-15 00:00:00'),(529,181,32,'2021-11-15 00:00:00'),(599,279,43,'2021-11-15 00:00:00'),(132,257,52,'2021-11-16 00:00:00'),(160,11,83,'2021-11-16 00:00:00'),(167,347,29,'2021-11-16 00:00:00'),(177,275,11,'2021-11-16 00:00:00'),(195,326,48,'2021-11-16 00:00:00'),(207,122,38,'2021-11-16 00:00:00'),(226,66,23,'2021-11-16 00:00:00'),(232,96,14,'2021-11-16 00:00:00'),(255,275,7,'2021-11-16 00:00:00'),(256,13,20,'2021-11-16 00:00:00'),(257,204,43,'2021-11-16 00:00:00'),(272,19,39,'2021-11-16 00:00:00'),(280,318,30,'2021-11-16 00:00:00'),(291,2,89,'2021-11-16 00:00:00'),(297,157,24,'2021-11-16 00:00:00'),(306,256,51,'2021-11-16 00:00:00'),(353,105,24,'2021-11-16 00:00:00'),(368,84,35,'2021-11-16 00:00:00'),(384,86,6,'2021-11-16 00:00:00'),(391,359,34,'2021-11-16 00:00:00'),(402,70,96,'2021-11-16 00:00:00'),(406,88,73,'2021-11-16 00:00:00'),(415,112,11,'2021-11-16 00:00:00'),(434,187,100,'2021-11-16 00:00:00'),(435,297,52,'2021-11-16 00:00:00'),(472,297,4,'2021-11-16 00:00:00'),(479,253,57,'2021-11-16 00:00:00'),(543,201,94,'2021-11-16 00:00:00'),(558,224,50,'2021-11-16 00:00:00'),(110,112,13,'2021-11-17 00:00:00'),(130,341,45,'2021-11-17 00:00:00'),(132,43,33,'2021-11-17 00:00:00'),(153,6,69,'2021-11-17 00:00:00'),(181,221,22,'2021-11-17 00:00:00'),(221,83,4,'2021-11-17 00:00:00'),(233,242,97,'2021-11-17 00:00:00'),(235,184,11,'2021-11-17 00:00:00'),(246,143,80,'2021-11-17 00:00:00'),(280,333,35,'2021-11-17 00:00:00'),(286,62,18,'2021-11-17 00:00:00'),(292,232,54,'2021-11-17 00:00:00'),(323,300,60,'2021-11-17 00:00:00'),(412,352,5,'2021-11-17 00:00:00'),(415,270,99,'2021-11-17 00:00:00'),(420,66,65,'2021-11-17 00:00:00'),(431,135,19,'2021-11-17 00:00:00'),(451,35,88,'2021-11-17 00:00:00'),(498,224,61,'2021-11-17 00:00:00'),(554,248,22,'2021-11-17 00:00:00'),(110,170,41,'2021-11-18 00:00:00'),(153,68,41,'2021-11-18 00:00:00'),(245,293,29,'2021-11-18 00:00:00'),(252,95,54,'2021-11-18 00:00:00'),(257,323,93,'2021-11-18 00:00:00'),(302,354,17,'2021-11-18 00:00:00'),(302,285,25,'2021-11-18 00:00:00'),(334,312,44,'2021-11-18 00:00:00'),(371,207,78,'2021-11-18 00:00:00'),(383,289,2,'2021-11-18 00:00:00'),(397,299,78,'2021-11-18 00:00:00'),(409,137,21,'2021-11-18 00:00:00'),(410,193,22,'2021-11-18 00:00:00'),(416,162,18,'2021-11-18 00:00:00'),(510,98,70,'2021-11-18 00:00:00'),(525,269,90,'2021-11-18 00:00:00'),(582,300,19,'2021-11-18 00:00:00'),(595,138,43,'2021-11-18 00:00:00'),(155,107,16,'2021-11-19 00:00:00'),(161,283,34,'2021-11-19 00:00:00'),(168,233,84,'2021-11-19 00:00:00'),(185,280,84,'2021-11-19 00:00:00'),(190,246,36,'2021-11-19 00:00:00'),(197,245,65,'2021-11-19 00:00:00'),(198,143,94,'2021-11-19 00:00:00'),(207,112,100,'2021-11-19 00:00:00'),(209,64,24,'2021-11-19 00:00:00'),(216,201,93,'2021-11-19 00:00:00'),(226,37,50,'2021-11-19 00:00:00'),(231,4,7,'2021-11-19 00:00:00'),(236,234,39,'2021-11-19 00:00:00'),(253,10,35,'2021-11-19 00:00:00'),(261,5,41,'2021-11-19 00:00:00'),(304,232,41,'2021-11-19 00:00:00'),(341,27,21,'2021-11-19 00:00:00'),(345,231,47,'2021-11-19 00:00:00'),(378,272,73,'2021-11-19 00:00:00'),(391,110,45,'2021-11-19 00:00:00'),(422,125,17,'2021-11-19 00:00:00'),(445,305,7,'2021-11-19 00:00:00'),(469,80,97,'2021-11-19 00:00:00'),(489,57,81,'2021-11-19 00:00:00'),(493,338,80,'2021-11-19 00:00:00'),(557,106,17,'2021-11-19 00:00:00'),(577,145,7,'2021-11-19 00:00:00'),(105,86,63,'2021-11-20 00:00:00'),(107,225,78,'2021-11-20 00:00:00'),(114,318,66,'2021-11-20 00:00:00'),(115,189,92,'2021-11-20 00:00:00'),(134,102,55,'2021-11-20 00:00:00'),(134,126,70,'2021-11-20 00:00:00'),(151,241,4,'2021-11-20 00:00:00'),(167,38,78,'2021-11-20 00:00:00'),(175,322,14,'2021-11-20 00:00:00'),(288,240,9,'2021-11-20 00:00:00'),(293,327,63,'2021-11-20 00:00:00'),(304,253,21,'2021-11-20 00:00:00'),(372,342,60,'2021-11-20 00:00:00'),(380,352,38,'2021-11-20 00:00:00'),(386,163,58,'2021-11-20 00:00:00'),(459,285,88,'2021-11-20 00:00:00'),(492,105,96,'2021-11-20 00:00:00'),(505,232,5,'2021-11-20 00:00:00'),(521,186,11,'2021-11-20 00:00:00'),(578,336,17,'2021-11-20 00:00:00'),(584,340,30,'2021-11-20 00:00:00'),(593,256,54,'2021-11-20 00:00:00'),(119,191,96,'2021-11-21 00:00:00'),(141,45,57,'2021-11-21 00:00:00'),(158,249,100,'2021-11-21 00:00:00'),(169,107,57,'2021-11-21 00:00:00'),(170,118,42,'2021-11-21 00:00:00'),(192,5,37,'2021-11-21 00:00:00'),(233,268,74,'2021-11-21 00:00:00'),(265,171,63,'2021-11-21 00:00:00'),(266,196,65,'2021-11-21 00:00:00'),(280,82,97,'2021-11-21 00:00:00'),(301,110,31,'2021-11-21 00:00:00'),(308,93,89,'2021-11-21 00:00:00'),(337,308,69,'2021-11-21 00:00:00'),(341,43,60,'2021-11-21 00:00:00'),(351,56,35,'2021-11-21 00:00:00'),(389,64,81,'2021-11-21 00:00:00'),(399,359,12,'2021-11-21 00:00:00'),(411,198,82,'2021-11-21 00:00:00'),(427,104,99,'2021-11-21 00:00:00'),(429,325,50,'2021-11-21 00:00:00'),(467,175,8,'2021-11-21 00:00:00'),(483,84,44,'2021-11-21 00:00:00'),(541,154,62,'2021-11-21 00:00:00'),(150,225,56,'2021-11-22 00:00:00'),(165,353,22,'2021-11-22 00:00:00'),(180,84,3,'2021-11-22 00:00:00'),(180,283,50,'2021-11-22 00:00:00'),(210,258,54,'2021-11-22 00:00:00'),(229,114,13,'2021-11-22 00:00:00'),(244,7,55,'2021-11-22 00:00:00'),(258,333,70,'2021-11-22 00:00:00'),(258,119,90,'2021-11-22 00:00:00'),(264,256,14,'2021-11-22 00:00:00'),(269,227,68,'2021-11-22 00:00:00'),(278,277,26,'2021-11-22 00:00:00'),(286,52,70,'2021-11-22 00:00:00'),(322,132,63,'2021-11-22 00:00:00'),(343,80,23,'2021-11-22 00:00:00'),(347,283,6,'2021-11-22 00:00:00'),(352,48,12,'2021-11-22 00:00:00'),(387,249,67,'2021-11-22 00:00:00'),(390,47,98,'2021-11-22 00:00:00'),(391,98,55,'2021-11-22 00:00:00'),(405,298,43,'2021-11-22 00:00:00'),(434,293,24,'2021-11-22 00:00:00'),(462,220,91,'2021-11-22 00:00:00'),(467,104,93,'2021-11-22 00:00:00'),(506,113,52,'2021-11-22 00:00:00'),(523,232,69,'2021-11-22 00:00:00'),(536,125,11,'2021-11-22 00:00:00'),(540,60,34,'2021-11-22 00:00:00'),(554,297,62,'2021-11-22 00:00:00'),(576,244,42,'2021-11-22 00:00:00'),(590,250,93,'2021-11-22 00:00:00'),(146,141,43,'2021-11-23 00:00:00'),(147,309,95,'2021-11-23 00:00:00'),(168,291,10,'2021-11-23 00:00:00'),(171,121,54,'2021-11-23 00:00:00'),(180,165,66,'2021-11-23 00:00:00'),(241,20,53,'2021-11-23 00:00:00'),(273,337,54,'2021-11-23 00:00:00'),(292,235,19,'2021-11-23 00:00:00'),(324,270,1,'2021-11-23 00:00:00'),(332,25,89,'2021-11-23 00:00:00'),(357,281,48,'2021-11-23 00:00:00'),(376,118,77,'2021-11-23 00:00:00'),(421,147,71,'2021-11-23 00:00:00'),(440,307,17,'2021-11-23 00:00:00'),(472,257,24,'2021-11-23 00:00:00'),(498,37,7,'2021-11-23 00:00:00'),(516,23,64,'2021-11-23 00:00:00'),(549,243,96,'2021-11-23 00:00:00'),(568,337,45,'2021-11-23 00:00:00'),(104,330,75,'2021-11-24 00:00:00'),(116,218,9,'2021-11-24 00:00:00'),(156,223,94,'2021-11-24 00:00:00'),(199,2,9,'2021-11-24 00:00:00'),(209,95,3,'2021-11-24 00:00:00'),(246,76,66,'2021-11-24 00:00:00'),(256,306,55,'2021-11-24 00:00:00'),(263,282,72,'2021-11-24 00:00:00'),(274,144,33,'2021-11-24 00:00:00'),(276,7,59,'2021-11-24 00:00:00'),(281,243,44,'2021-11-24 00:00:00'),(300,199,47,'2021-11-24 00:00:00'),(309,53,9,'2021-11-24 00:00:00'),(362,333,18,'2021-11-24 00:00:00'),(377,258,38,'2021-11-24 00:00:00'),(387,109,95,'2021-11-24 00:00:00'),(485,196,31,'2021-11-24 00:00:00'),(485,273,42,'2021-11-24 00:00:00'),(497,121,93,'2021-11-24 00:00:00'),(518,130,63,'2021-11-24 00:00:00'),(526,125,24,'2021-11-24 00:00:00'),(577,184,52,'2021-11-24 00:00:00'),(590,118,48,'2021-11-24 00:00:00'),(122,202,7,'2021-11-25 00:00:00'),(170,248,79,'2021-11-25 00:00:00'),(187,326,98,'2021-11-25 00:00:00'),(194,158,11,'2021-11-25 00:00:00'),(245,173,78,'2021-11-25 00:00:00'),(250,170,96,'2021-11-25 00:00:00'),(282,96,97,'2021-11-25 00:00:00'),(288,63,81,'2021-11-25 00:00:00'),(315,307,86,'2021-11-25 00:00:00'),(329,86,88,'2021-11-25 00:00:00'),(368,66,81,'2021-11-25 00:00:00'),(375,229,6,'2021-11-25 00:00:00'),(403,144,29,'2021-11-25 00:00:00'),(423,103,71,'2021-11-25 00:00:00'),(433,82,21,'2021-11-25 00:00:00'),(435,27,74,'2021-11-25 00:00:00'),(437,117,76,'2021-11-25 00:00:00'),(442,272,10,'2021-11-25 00:00:00'),(445,92,45,'2021-11-25 00:00:00'),(507,218,45,'2021-11-25 00:00:00'),(518,191,73,'2021-11-25 00:00:00'),(553,175,40,'2021-11-25 00:00:00'),(580,37,67,'2021-11-25 00:00:00'),(600,341,43,'2021-11-25 00:00:00'),(145,297,48,'2021-11-26 00:00:00'),(147,286,12,'2021-11-26 00:00:00'),(170,235,100,'2021-11-26 00:00:00'),(185,324,32,'2021-11-26 00:00:00'),(193,14,84,'2021-11-26 00:00:00'),(240,254,92,'2021-11-26 00:00:00'),(257,220,64,'2021-11-26 00:00:00'),(266,115,87,'2021-11-26 00:00:00'),(272,259,57,'2021-11-26 00:00:00'),(344,204,44,'2021-11-26 00:00:00'),(354,6,91,'2021-11-26 00:00:00'),(362,151,79,'2021-11-26 00:00:00'),(410,53,78,'2021-11-26 00:00:00'),(423,353,8,'2021-11-26 00:00:00'),(431,122,74,'2021-11-26 00:00:00'),(439,117,84,'2021-11-26 00:00:00'),(455,53,46,'2021-11-26 00:00:00'),(467,176,19,'2021-11-26 00:00:00'),(527,86,93,'2021-11-26 00:00:00'),(546,125,77,'2021-11-26 00:00:00'),(593,277,68,'2021-11-26 00:00:00'),(119,68,47,'2021-11-27 00:00:00'),(121,266,35,'2021-11-27 00:00:00'),(162,110,44,'2021-11-27 00:00:00'),(164,107,2,'2021-11-27 00:00:00'),(168,75,32,'2021-11-27 00:00:00'),(181,81,25,'2021-11-27 00:00:00'),(226,168,15,'2021-11-27 00:00:00'),(282,160,24,'2021-11-27 00:00:00'),(283,90,61,'2021-11-27 00:00:00'),(300,308,24,'2021-11-27 00:00:00'),(308,93,15,'2021-11-27 00:00:00'),(334,75,8,'2021-11-27 00:00:00'),(387,201,11,'2021-11-27 00:00:00'),(400,16,20,'2021-11-27 00:00:00'),(430,115,83,'2021-11-27 00:00:00'),(450,89,18,'2021-11-27 00:00:00'),(456,197,20,'2021-11-27 00:00:00'),(462,282,58,'2021-11-27 00:00:00'),(469,336,74,'2021-11-27 00:00:00'),(476,313,10,'2021-11-27 00:00:00'),(500,239,78,'2021-11-27 00:00:00'),(535,255,55,'2021-11-27 00:00:00'),(539,95,11,'2021-11-27 00:00:00'),(554,72,9,'2021-11-27 00:00:00'),(573,70,52,'2021-11-27 00:00:00'),(104,266,35,'2021-11-28 00:00:00'),(133,316,95,'2021-11-28 00:00:00'),(140,13,13,'2021-11-28 00:00:00'),(151,74,99,'2021-11-28 00:00:00'),(166,230,30,'2021-11-28 00:00:00'),(166,326,44,'2021-11-28 00:00:00'),(179,218,75,'2021-11-28 00:00:00'),(189,249,29,'2021-11-28 00:00:00'),(194,230,89,'2021-11-28 00:00:00'),(212,233,84,'2021-11-28 00:00:00'),(216,160,27,'2021-11-28 00:00:00'),(225,11,59,'2021-11-28 00:00:00'),(268,335,30,'2021-11-28 00:00:00'),(276,304,36,'2021-11-28 00:00:00'),(277,191,68,'2021-11-28 00:00:00'),(316,77,87,'2021-11-28 00:00:00'),(317,350,57,'2021-11-28 00:00:00'),(364,32,82,'2021-11-28 00:00:00'),(391,27,9,'2021-11-28 00:00:00'),(391,26,12,'2021-11-28 00:00:00'),(391,332,30,'2021-11-28 00:00:00'),(394,21,47,'2021-11-28 00:00:00'),(396,315,52,'2021-11-28 00:00:00'),(418,253,32,'2021-11-28 00:00:00'),(516,123,56,'2021-11-28 00:00:00'),(525,145,29,'2021-11-28 00:00:00'),(534,106,17,'2021-11-28 00:00:00'),(536,70,49,'2021-11-28 00:00:00'),(536,110,72,'2021-11-28 00:00:00'),(546,328,80,'2021-11-28 00:00:00'),(558,313,42,'2021-11-28 00:00:00'),(566,134,47,'2021-11-28 00:00:00'),(568,21,90,'2021-11-28 00:00:00'),(107,220,72,'2021-11-29 00:00:00'),(204,336,89,'2021-11-29 00:00:00'),(249,261,90,'2021-11-29 00:00:00'),(268,131,96,'2021-11-29 00:00:00'),(319,213,40,'2021-11-29 00:00:00'),(340,111,28,'2021-11-29 00:00:00'),(419,157,29,'2021-11-29 00:00:00'),(451,51,74,'2021-11-29 00:00:00'),(455,322,5,'2021-11-29 00:00:00'),(466,188,58,'2021-11-29 00:00:00'),(488,16,81,'2021-11-29 00:00:00'),(530,4,46,'2021-11-29 00:00:00'),(538,4,86,'2021-11-29 00:00:00'),(541,330,6,'2021-11-29 00:00:00'),(554,218,24,'2021-11-29 00:00:00'),(566,108,64,'2021-11-29 00:00:00'),(104,280,51,'2021-11-30 00:00:00'),(120,20,9,'2021-11-30 00:00:00'),(131,39,70,'2021-11-30 00:00:00'),(278,73,4,'2021-11-30 00:00:00'),(315,178,84,'2021-11-30 00:00:00'),(339,275,54,'2021-11-30 00:00:00'),(381,240,49,'2021-11-30 00:00:00'),(401,337,49,'2021-11-30 00:00:00'),(422,60,28,'2021-11-30 00:00:00'),(459,11,19,'2021-11-30 00:00:00'),(460,213,14,'2021-11-30 00:00:00'),(488,137,94,'2021-11-30 00:00:00'),(521,242,60,'2021-11-30 00:00:00'),(525,112,19,'2021-11-30 00:00:00'),(568,36,55,'2021-11-30 00:00:00'),(581,288,35,'2021-11-30 00:00:00'),(165,26,83,'2021-12-01 00:00:00'),(189,45,72,'2021-12-01 00:00:00'),(201,280,92,'2021-12-01 00:00:00'),(239,295,4,'2021-12-01 00:00:00'),(239,306,65,'2021-12-01 00:00:00'),(258,320,85,'2021-12-01 00:00:00'),(265,16,92,'2021-12-01 00:00:00'),(286,339,57,'2021-12-01 00:00:00'),(292,341,90,'2021-12-01 00:00:00'),(349,21,87,'2021-12-01 00:00:00'),(351,208,10,'2021-12-01 00:00:00'),(398,338,61,'2021-12-01 00:00:00'),(425,173,68,'2021-12-01 00:00:00'),(452,244,33,'2021-12-01 00:00:00'),(455,336,4,'2021-12-01 00:00:00'),(548,117,39,'2021-12-01 00:00:00'),(549,218,5,'2021-12-01 00:00:00'),(596,305,84,'2021-12-01 00:00:00'),(134,310,21,'2021-12-02 00:00:00'),(135,248,30,'2021-12-02 00:00:00'),(151,347,33,'2021-12-02 00:00:00'),(196,126,52,'2021-12-02 00:00:00'),(216,278,63,'2021-12-02 00:00:00'),(231,213,19,'2021-12-02 00:00:00'),(254,177,99,'2021-12-02 00:00:00'),(261,223,60,'2021-12-02 00:00:00'),(271,306,30,'2021-12-02 00:00:00'),(278,69,43,'2021-12-02 00:00:00'),(288,143,42,'2021-12-02 00:00:00'),(300,206,33,'2021-12-02 00:00:00'),(311,211,94,'2021-12-02 00:00:00'),(332,309,17,'2021-12-02 00:00:00'),(370,136,85,'2021-12-02 00:00:00'),(380,353,13,'2021-12-02 00:00:00'),(398,326,86,'2021-12-02 00:00:00'),(399,206,46,'2021-12-02 00:00:00'),(430,269,56,'2021-12-02 00:00:00'),(431,278,18,'2021-12-02 00:00:00'),(447,168,27,'2021-12-02 00:00:00'),(488,91,75,'2021-12-02 00:00:00'),(515,178,41,'2021-12-02 00:00:00'),(516,239,6,'2021-12-02 00:00:00'),(516,137,64,'2021-12-02 00:00:00'),(533,322,90,'2021-12-02 00:00:00'),(541,180,85,'2021-12-02 00:00:00'),(545,38,67,'2021-12-02 00:00:00'),(556,336,66,'2021-12-02 00:00:00'),(562,187,73,'2021-12-02 00:00:00'),(105,93,16,'2021-12-03 00:00:00'),(124,277,89,'2021-12-03 00:00:00'),(159,164,72,'2021-12-03 00:00:00'),(170,207,100,'2021-12-03 00:00:00'),(185,173,5,'2021-12-03 00:00:00'),(218,98,26,'2021-12-03 00:00:00'),(237,152,21,'2021-12-03 00:00:00'),(263,313,22,'2021-12-03 00:00:00'),(338,11,16,'2021-12-03 00:00:00'),(338,244,63,'2021-12-03 00:00:00'),(359,241,72,'2021-12-03 00:00:00'),(362,345,7,'2021-12-03 00:00:00'),(364,101,3,'2021-12-03 00:00:00'),(369,303,71,'2021-12-03 00:00:00'),(383,315,66,'2021-12-03 00:00:00'),(409,261,37,'2021-12-03 00:00:00'),(440,256,22,'2021-12-03 00:00:00'),(501,317,27,'2021-12-03 00:00:00'),(507,183,15,'2021-12-03 00:00:00'),(514,265,1,'2021-12-03 00:00:00'),(546,63,99,'2021-12-03 00:00:00'),(595,355,54,'2021-12-03 00:00:00'),(179,331,3,'2021-12-04 00:00:00'),(192,83,100,'2021-12-04 00:00:00'),(221,66,48,'2021-12-04 00:00:00'),(257,131,10,'2021-12-04 00:00:00'),(258,90,91,'2021-12-04 00:00:00'),(306,165,41,'2021-12-04 00:00:00'),(314,266,30,'2021-12-04 00:00:00'),(359,219,16,'2021-12-04 00:00:00'),(384,304,38,'2021-12-04 00:00:00'),(399,187,12,'2021-12-04 00:00:00'),(400,79,80,'2021-12-04 00:00:00'),(410,287,20,'2021-12-04 00:00:00'),(438,318,94,'2021-12-04 00:00:00'),(454,223,70,'2021-12-04 00:00:00'),(475,12,87,'2021-12-04 00:00:00'),(530,149,85,'2021-12-04 00:00:00'),(583,293,18,'2021-12-04 00:00:00'),(114,259,82,'2021-12-05 00:00:00'),(116,341,22,'2021-12-05 00:00:00'),(143,257,92,'2021-12-05 00:00:00'),(186,232,19,'2021-12-05 00:00:00'),(333,132,35,'2021-12-05 00:00:00'),(350,113,98,'2021-12-05 00:00:00'),(432,136,86,'2021-12-05 00:00:00'),(435,31,54,'2021-12-05 00:00:00'),(438,334,93,'2021-12-05 00:00:00'),(456,307,5,'2021-12-05 00:00:00'),(503,163,82,'2021-12-05 00:00:00'),(527,357,70,'2021-12-05 00:00:00'),(592,159,25,'2021-12-05 00:00:00'),(205,62,41,'2021-12-06 00:00:00'),(230,5,11,'2021-12-06 00:00:00'),(242,94,13,'2021-12-06 00:00:00'),(255,127,93,'2021-12-06 00:00:00'),(286,160,73,'2021-12-06 00:00:00'),(311,153,50,'2021-12-06 00:00:00'),(318,245,21,'2021-12-06 00:00:00'),(343,339,67,'2021-12-06 00:00:00'),(359,247,32,'2021-12-06 00:00:00'),(367,230,37,'2021-12-06 00:00:00'),(391,270,16,'2021-12-06 00:00:00'),(394,35,72,'2021-12-06 00:00:00'),(446,74,9,'2021-12-06 00:00:00'),(481,258,99,'2021-12-06 00:00:00'),(486,70,52,'2021-12-06 00:00:00'),(491,101,51,'2021-12-06 00:00:00'),(517,125,89,'2021-12-06 00:00:00'),(134,151,44,'2021-12-07 00:00:00'),(140,84,70,'2021-12-07 00:00:00'),(150,108,23,'2021-12-07 00:00:00'),(152,57,46,'2021-12-07 00:00:00'),(181,12,17,'2021-12-07 00:00:00'),(182,335,30,'2021-12-07 00:00:00'),(195,29,5,'2021-12-07 00:00:00'),(237,174,32,'2021-12-07 00:00:00'),(241,340,13,'2021-12-07 00:00:00'),(241,220,58,'2021-12-07 00:00:00'),(271,184,24,'2021-12-07 00:00:00'),(284,193,1,'2021-12-07 00:00:00'),(284,89,93,'2021-12-07 00:00:00'),(316,353,29,'2021-12-07 00:00:00'),(335,93,29,'2021-12-07 00:00:00'),(340,83,32,'2021-12-07 00:00:00'),(365,249,68,'2021-12-07 00:00:00'),(438,246,8,'2021-12-07 00:00:00'),(471,303,77,'2021-12-07 00:00:00'),(472,319,76,'2021-12-07 00:00:00'),(486,95,20,'2021-12-07 00:00:00'),(501,63,94,'2021-12-07 00:00:00'),(517,202,2,'2021-12-07 00:00:00'),(576,358,20,'2021-12-07 00:00:00'),(586,268,25,'2021-12-07 00:00:00'),(592,94,72,'2021-12-07 00:00:00'),(597,130,77,'2021-12-07 00:00:00'),(599,121,100,'2021-12-07 00:00:00'),(103,110,18,'2021-12-08 00:00:00'),(104,189,7,'2021-12-08 00:00:00'),(140,273,9,'2021-12-08 00:00:00'),(145,182,43,'2021-12-08 00:00:00'),(162,171,10,'2021-12-08 00:00:00'),(186,16,99,'2021-12-08 00:00:00'),(196,18,41,'2021-12-08 00:00:00'),(318,59,58,'2021-12-08 00:00:00'),(331,132,75,'2021-12-08 00:00:00'),(334,121,25,'2021-12-08 00:00:00'),(336,145,95,'2021-12-08 00:00:00'),(343,90,40,'2021-12-08 00:00:00'),(379,357,37,'2021-12-08 00:00:00'),(387,248,11,'2021-12-08 00:00:00'),(442,229,1,'2021-12-08 00:00:00'),(452,193,98,'2021-12-08 00:00:00'),(467,193,51,'2021-12-08 00:00:00'),(520,204,36,'2021-12-08 00:00:00'),(545,4,14,'2021-12-08 00:00:00'),(101,359,20,'2021-12-09 00:00:00'),(151,170,94,'2021-12-09 00:00:00'),(165,284,17,'2021-12-09 00:00:00'),(177,20,92,'2021-12-09 00:00:00'),(188,140,81,'2021-12-09 00:00:00'),(209,146,11,'2021-12-09 00:00:00'),(212,354,71,'2021-12-09 00:00:00'),(214,22,39,'2021-12-09 00:00:00'),(255,293,48,'2021-12-09 00:00:00'),(259,249,14,'2021-12-09 00:00:00'),(266,251,86,'2021-12-09 00:00:00'),(302,113,48,'2021-12-09 00:00:00'),(308,308,14,'2021-12-09 00:00:00'),(322,7,80,'2021-12-09 00:00:00'),(355,13,57,'2021-12-09 00:00:00'),(358,2,47,'2021-12-09 00:00:00'),(360,318,37,'2021-12-09 00:00:00'),(407,345,36,'2021-12-09 00:00:00'),(426,10,43,'2021-12-09 00:00:00'),(469,182,79,'2021-12-09 00:00:00'),(549,60,100,'2021-12-09 00:00:00'),(567,331,96,'2021-12-09 00:00:00'),(110,105,68,'2021-12-10 00:00:00'),(137,10,64,'2021-12-10 00:00:00'),(169,37,14,'2021-12-10 00:00:00'),(169,313,49,'2021-12-10 00:00:00'),(176,322,100,'2021-12-10 00:00:00'),(209,327,94,'2021-12-10 00:00:00'),(308,344,49,'2021-12-10 00:00:00'),(333,227,15,'2021-12-10 00:00:00'),(356,343,80,'2021-12-10 00:00:00'),(391,288,18,'2021-12-10 00:00:00'),(400,306,77,'2021-12-10 00:00:00'),(410,357,13,'2021-12-10 00:00:00'),(421,245,62,'2021-12-10 00:00:00'),(434,124,62,'2021-12-10 00:00:00'),(457,100,5,'2021-12-10 00:00:00'),(463,150,8,'2021-12-10 00:00:00'),(498,111,61,'2021-12-10 00:00:00'),(517,112,15,'2021-12-10 00:00:00'),(157,248,95,'2021-12-11 00:00:00'),(180,39,76,'2021-12-11 00:00:00'),(186,55,99,'2021-12-11 00:00:00'),(191,78,23,'2021-12-11 00:00:00'),(201,262,100,'2021-12-11 00:00:00'),(233,117,59,'2021-12-11 00:00:00'),(294,16,20,'2021-12-11 00:00:00'),(340,69,98,'2021-12-11 00:00:00'),(352,243,64,'2021-12-11 00:00:00'),(377,299,67,'2021-12-11 00:00:00'),(389,211,65,'2021-12-11 00:00:00'),(414,144,75,'2021-12-11 00:00:00'),(428,276,99,'2021-12-11 00:00:00'),(449,289,34,'2021-12-11 00:00:00'),(473,317,24,'2021-12-11 00:00:00'),(501,110,71,'2021-12-11 00:00:00'),(509,279,99,'2021-12-11 00:00:00'),(542,170,62,'2021-12-11 00:00:00'),(561,45,20,'2021-12-11 00:00:00'),(582,277,98,'2021-12-11 00:00:00'),(120,100,88,'2021-12-12 00:00:00'),(121,25,45,'2021-12-12 00:00:00'),(124,327,98,'2021-12-12 00:00:00'),(137,53,18,'2021-12-12 00:00:00'),(141,293,24,'2021-12-12 00:00:00'),(209,357,60,'2021-12-12 00:00:00'),(221,63,74,'2021-12-12 00:00:00'),(222,278,8,'2021-12-12 00:00:00'),(264,271,35,'2021-12-12 00:00:00'),(268,251,27,'2021-12-12 00:00:00'),(277,224,69,'2021-12-12 00:00:00'),(296,177,23,'2021-12-12 00:00:00'),(316,323,94,'2021-12-12 00:00:00'),(325,208,5,'2021-12-12 00:00:00'),(338,40,20,'2021-12-12 00:00:00'),(340,281,53,'2021-12-12 00:00:00'),(354,150,71,'2021-12-12 00:00:00'),(557,62,81,'2021-12-12 00:00:00'),(588,112,72,'2021-12-12 00:00:00'),(132,307,67,'2021-12-13 00:00:00'),(140,210,23,'2021-12-13 00:00:00'),(149,85,28,'2021-12-13 00:00:00'),(186,50,62,'2021-12-13 00:00:00'),(188,258,19,'2021-12-13 00:00:00'),(240,47,71,'2021-12-13 00:00:00'),(255,139,14,'2021-12-13 00:00:00'),(256,61,25,'2021-12-13 00:00:00'),(260,97,99,'2021-12-13 00:00:00'),(269,55,94,'2021-12-13 00:00:00'),(284,245,74,'2021-12-13 00:00:00'),(307,103,58,'2021-12-13 00:00:00'),(332,98,90,'2021-12-13 00:00:00'),(347,154,45,'2021-12-13 00:00:00'),(376,141,83,'2021-12-13 00:00:00'),(432,330,36,'2021-12-13 00:00:00'),(439,338,82,'2021-12-13 00:00:00'),(458,8,87,'2021-12-13 00:00:00'),(464,294,47,'2021-12-13 00:00:00'),(474,346,33,'2021-12-13 00:00:00'),(479,63,43,'2021-12-13 00:00:00'),(485,243,26,'2021-12-13 00:00:00'),(547,190,16,'2021-12-13 00:00:00'),(576,296,83,'2021-12-13 00:00:00'),(591,157,7,'2021-12-13 00:00:00'),(112,200,66,'2021-12-14 00:00:00'),(127,10,29,'2021-12-14 00:00:00'),(193,234,46,'2021-12-14 00:00:00'),(201,161,18,'2021-12-14 00:00:00'),(211,184,56,'2021-12-14 00:00:00'),(261,104,34,'2021-12-14 00:00:00'),(276,212,40,'2021-12-14 00:00:00'),(284,66,95,'2021-12-14 00:00:00'),(303,111,65,'2021-12-14 00:00:00'),(423,232,15,'2021-12-14 00:00:00'),(461,312,9,'2021-12-14 00:00:00'),(478,83,68,'2021-12-14 00:00:00'),(492,5,92,'2021-12-14 00:00:00'),(536,216,7,'2021-12-14 00:00:00'),(552,159,20,'2021-12-14 00:00:00'),(562,32,6,'2021-12-14 00:00:00'),(115,298,33,'2021-12-15 00:00:00'),(139,16,57,'2021-12-15 00:00:00'),(142,76,82,'2021-12-15 00:00:00'),(153,213,14,'2021-12-15 00:00:00'),(158,345,98,'2021-12-15 00:00:00'),(171,66,72,'2021-12-15 00:00:00'),(180,230,54,'2021-12-15 00:00:00'),(254,141,21,'2021-12-15 00:00:00'),(254,177,22,'2021-12-15 00:00:00'),(256,184,98,'2021-12-15 00:00:00'),(259,145,52,'2021-12-15 00:00:00'),(265,329,26,'2021-12-15 00:00:00'),(272,215,5,'2021-12-15 00:00:00'),(274,159,65,'2021-12-15 00:00:00'),(276,37,89,'2021-12-15 00:00:00'),(330,90,47,'2021-12-15 00:00:00'),(337,68,40,'2021-12-15 00:00:00'),(407,99,21,'2021-12-15 00:00:00'),(467,242,83,'2021-12-15 00:00:00'),(484,314,11,'2021-12-15 00:00:00'),(491,286,41,'2021-12-15 00:00:00'),(503,156,96,'2021-12-15 00:00:00'),(511,251,40,'2021-12-15 00:00:00'),(518,282,48,'2021-12-15 00:00:00'),(521,142,18,'2021-12-15 00:00:00'),(106,2,54,'2021-12-16 00:00:00'),(139,110,99,'2021-12-16 00:00:00'),(158,329,66,'2021-12-16 00:00:00'),(176,309,90,'2021-12-16 00:00:00'),(177,355,77,'2021-12-16 00:00:00'),(190,355,84,'2021-12-16 00:00:00'),(197,13,44,'2021-12-16 00:00:00'),(242,72,3,'2021-12-16 00:00:00'),(261,235,23,'2021-12-16 00:00:00'),(264,166,69,'2021-12-16 00:00:00'),(265,282,1,'2021-12-16 00:00:00'),(267,51,85,'2021-12-16 00:00:00'),(280,136,21,'2021-12-16 00:00:00'),(313,321,36,'2021-12-16 00:00:00'),(329,7,92,'2021-12-16 00:00:00'),(357,273,31,'2021-12-16 00:00:00'),(422,90,63,'2021-12-16 00:00:00'),(439,231,73,'2021-12-16 00:00:00'),(448,160,96,'2021-12-16 00:00:00'),(487,9,31,'2021-12-16 00:00:00'),(546,261,73,'2021-12-16 00:00:00'),(558,342,20,'2021-12-16 00:00:00'),(559,147,98,'2021-12-16 00:00:00'),(563,355,93,'2021-12-16 00:00:00'),(579,291,85,'2021-12-16 00:00:00'),(590,209,59,'2021-12-16 00:00:00'),(123,49,45,'2021-12-17 00:00:00'),(199,166,38,'2021-12-17 00:00:00'),(215,29,35,'2021-12-17 00:00:00'),(254,274,61,'2021-12-17 00:00:00'),(272,272,57,'2021-12-17 00:00:00'),(279,185,97,'2021-12-17 00:00:00'),(290,267,58,'2021-12-17 00:00:00'),(318,162,61,'2021-12-17 00:00:00'),(335,144,3,'2021-12-17 00:00:00'),(360,149,44,'2021-12-17 00:00:00'),(385,19,97,'2021-12-17 00:00:00'),(392,280,85,'2021-12-17 00:00:00'),(460,353,66,'2021-12-17 00:00:00'),(462,278,55,'2021-12-17 00:00:00'),(468,103,29,'2021-12-17 00:00:00'),(469,167,18,'2021-12-17 00:00:00'),(553,88,42,'2021-12-17 00:00:00'),(578,19,82,'2021-12-17 00:00:00'),(590,107,30,'2021-12-17 00:00:00'),(119,218,23,'2021-12-18 00:00:00'),(163,90,90,'2021-12-18 00:00:00'),(243,44,12,'2021-12-18 00:00:00'),(296,222,78,'2021-12-18 00:00:00'),(333,316,7,'2021-12-18 00:00:00'),(351,19,98,'2021-12-18 00:00:00'),(371,208,62,'2021-12-18 00:00:00'),(391,333,88,'2021-12-18 00:00:00'),(426,186,91,'2021-12-18 00:00:00'),(428,183,43,'2021-12-18 00:00:00'),(457,33,8,'2021-12-18 00:00:00'),(459,59,86,'2021-12-18 00:00:00'),(495,7,63,'2021-12-18 00:00:00'),(523,110,52,'2021-12-18 00:00:00'),(555,1,23,'2021-12-18 00:00:00'),(579,280,7,'2021-12-18 00:00:00'),(581,32,89,'2021-12-18 00:00:00'),(113,304,42,'2021-12-19 00:00:00'),(116,21,67,'2021-12-19 00:00:00'),(142,81,79,'2021-12-19 00:00:00'),(153,23,65,'2021-12-19 00:00:00'),(166,246,24,'2021-12-19 00:00:00'),(173,35,83,'2021-12-19 00:00:00'),(177,244,86,'2021-12-19 00:00:00'),(179,260,37,'2021-12-19 00:00:00'),(180,1,83,'2021-12-19 00:00:00'),(211,51,25,'2021-12-19 00:00:00'),(211,206,71,'2021-12-19 00:00:00'),(214,8,41,'2021-12-19 00:00:00'),(232,107,34,'2021-12-19 00:00:00'),(245,194,18,'2021-12-19 00:00:00'),(258,137,54,'2021-12-19 00:00:00'),(277,51,13,'2021-12-19 00:00:00'),(297,156,76,'2021-12-19 00:00:00'),(305,145,64,'2021-12-19 00:00:00'),(319,345,21,'2021-12-19 00:00:00'),(337,114,67,'2021-12-19 00:00:00'),(354,233,53,'2021-12-19 00:00:00'),(401,220,37,'2021-12-19 00:00:00'),(432,31,85,'2021-12-19 00:00:00'),(447,204,47,'2021-12-19 00:00:00'),(461,213,75,'2021-12-19 00:00:00'),(470,292,2,'2021-12-19 00:00:00'),(484,346,100,'2021-12-19 00:00:00'),(514,237,15,'2021-12-19 00:00:00'),(542,286,62,'2021-12-19 00:00:00'),(557,118,16,'2021-12-19 00:00:00'),(574,66,51,'2021-12-19 00:00:00'),(137,115,24,'2021-12-20 00:00:00'),(145,99,86,'2021-12-20 00:00:00'),(166,351,94,'2021-12-20 00:00:00'),(180,121,41,'2021-12-20 00:00:00'),(198,336,92,'2021-12-20 00:00:00'),(287,335,27,'2021-12-20 00:00:00'),(331,32,69,'2021-12-20 00:00:00'),(363,59,31,'2021-12-20 00:00:00'),(365,332,71,'2021-12-20 00:00:00'),(423,343,8,'2021-12-20 00:00:00'),(469,215,13,'2021-12-20 00:00:00'),(475,2,14,'2021-12-20 00:00:00'),(501,221,58,'2021-12-20 00:00:00'),(516,34,5,'2021-12-20 00:00:00'),(546,283,84,'2021-12-20 00:00:00'),(547,128,78,'2021-12-20 00:00:00'),(559,186,82,'2021-12-20 00:00:00'),(586,144,66,'2021-12-20 00:00:00'),(118,217,57,'2021-12-21 00:00:00'),(169,37,40,'2021-12-21 00:00:00'),(177,94,12,'2021-12-21 00:00:00'),(177,232,22,'2021-12-21 00:00:00'),(218,95,55,'2021-12-21 00:00:00'),(225,117,89,'2021-12-21 00:00:00'),(252,158,86,'2021-12-21 00:00:00'),(276,277,96,'2021-12-21 00:00:00'),(281,33,28,'2021-12-21 00:00:00'),(301,320,17,'2021-12-21 00:00:00'),(329,148,89,'2021-12-21 00:00:00'),(336,59,63,'2021-12-21 00:00:00'),(354,220,37,'2021-12-21 00:00:00'),(364,297,21,'2021-12-21 00:00:00'),(373,255,82,'2021-12-21 00:00:00'),(388,24,32,'2021-12-21 00:00:00'),(395,80,84,'2021-12-21 00:00:00'),(421,113,38,'2021-12-21 00:00:00'),(422,57,11,'2021-12-21 00:00:00'),(503,284,64,'2021-12-21 00:00:00'),(506,346,57,'2021-12-21 00:00:00'),(511,127,88,'2021-12-21 00:00:00'),(530,172,60,'2021-12-21 00:00:00'),(537,200,12,'2021-12-21 00:00:00'),(550,183,78,'2021-12-21 00:00:00'),(567,186,26,'2021-12-21 00:00:00'),(594,316,28,'2021-12-21 00:00:00'),(596,218,99,'2021-12-21 00:00:00'),(128,352,6,'2021-12-22 00:00:00'),(158,208,83,'2021-12-22 00:00:00'),(173,196,87,'2021-12-22 00:00:00'),(196,52,85,'2021-12-22 00:00:00'),(201,190,9,'2021-12-22 00:00:00'),(272,303,28,'2021-12-22 00:00:00'),(276,327,86,'2021-12-22 00:00:00'),(290,227,66,'2021-12-22 00:00:00'),(304,285,96,'2021-12-22 00:00:00'),(307,341,38,'2021-12-22 00:00:00'),(341,162,38,'2021-12-22 00:00:00'),(343,147,55,'2021-12-22 00:00:00'),(364,302,28,'2021-12-22 00:00:00'),(378,91,35,'2021-12-22 00:00:00'),(393,323,28,'2021-12-22 00:00:00'),(406,320,34,'2021-12-22 00:00:00'),(441,322,58,'2021-12-22 00:00:00'),(479,173,88,'2021-12-22 00:00:00'),(518,264,47,'2021-12-22 00:00:00'),(541,276,68,'2021-12-22 00:00:00'),(547,130,95,'2021-12-22 00:00:00'),(554,354,26,'2021-12-22 00:00:00'),(555,140,73,'2021-12-22 00:00:00'),(569,5,61,'2021-12-22 00:00:00'),(575,105,85,'2021-12-22 00:00:00'),(577,253,67,'2021-12-22 00:00:00'),(108,127,96,'2021-12-23 00:00:00'),(135,123,66,'2021-12-23 00:00:00'),(140,107,97,'2021-12-23 00:00:00'),(231,248,5,'2021-12-23 00:00:00'),(232,305,92,'2021-12-23 00:00:00'),(262,313,88,'2021-12-23 00:00:00'),(270,268,70,'2021-12-23 00:00:00'),(336,197,80,'2021-12-23 00:00:00'),(352,67,96,'2021-12-23 00:00:00'),(392,34,7,'2021-12-23 00:00:00'),(417,349,43,'2021-12-23 00:00:00'),(440,7,82,'2021-12-23 00:00:00'),(522,280,68,'2021-12-23 00:00:00'),(544,173,8,'2021-12-23 00:00:00'),(554,64,98,'2021-12-23 00:00:00'),(567,141,18,'2021-12-23 00:00:00'),(569,71,91,'2021-12-23 00:00:00'),(110,21,57,'2021-12-24 00:00:00'),(114,355,94,'2021-12-24 00:00:00'),(155,274,64,'2021-12-24 00:00:00'),(187,237,2,'2021-12-24 00:00:00'),(187,166,88,'2021-12-24 00:00:00'),(196,52,61,'2021-12-24 00:00:00'),(208,267,24,'2021-12-24 00:00:00'),(250,142,12,'2021-12-24 00:00:00'),(259,78,15,'2021-12-24 00:00:00'),(261,316,86,'2021-12-24 00:00:00'),(282,82,8,'2021-12-24 00:00:00'),(284,326,6,'2021-12-24 00:00:00'),(311,107,23,'2021-12-24 00:00:00'),(350,247,8,'2021-12-24 00:00:00'),(368,252,65,'2021-12-24 00:00:00'),(376,320,41,'2021-12-24 00:00:00'),(376,279,91,'2021-12-24 00:00:00'),(386,222,70,'2021-12-24 00:00:00'),(398,213,91,'2021-12-24 00:00:00'),(406,176,96,'2021-12-24 00:00:00'),(422,35,79,'2021-12-24 00:00:00'),(458,348,55,'2021-12-24 00:00:00'),(479,129,31,'2021-12-24 00:00:00'),(502,132,78,'2021-12-24 00:00:00'),(503,348,91,'2021-12-24 00:00:00'),(515,49,25,'2021-12-24 00:00:00'),(522,199,49,'2021-12-24 00:00:00'),(538,12,81,'2021-12-24 00:00:00'),(559,334,56,'2021-12-24 00:00:00'),(580,40,12,'2021-12-24 00:00:00'),(591,287,67,'2021-12-24 00:00:00'),(592,4,42,'2021-12-24 00:00:00'),(130,200,96,'2021-12-25 00:00:00'),(152,228,45,'2021-12-25 00:00:00'),(162,110,41,'2021-12-25 00:00:00'),(199,285,74,'2021-12-25 00:00:00'),(312,12,26,'2021-12-25 00:00:00'),(321,274,57,'2021-12-25 00:00:00'),(321,298,73,'2021-12-25 00:00:00'),(344,245,80,'2021-12-25 00:00:00'),(345,79,96,'2021-12-25 00:00:00'),(349,220,72,'2021-12-25 00:00:00'),(358,246,86,'2021-12-25 00:00:00'),(362,251,90,'2021-12-25 00:00:00'),(394,211,38,'2021-12-25 00:00:00'),(428,7,11,'2021-12-25 00:00:00'),(441,90,49,'2021-12-25 00:00:00'),(441,356,87,'2021-12-25 00:00:00'),(464,342,46,'2021-12-25 00:00:00'),(472,337,35,'2021-12-25 00:00:00'),(503,36,39,'2021-12-25 00:00:00'),(527,352,40,'2021-12-25 00:00:00'),(533,25,7,'2021-12-25 00:00:00'),(547,248,15,'2021-12-25 00:00:00'),(553,75,65,'2021-12-25 00:00:00'),(561,4,15,'2021-12-25 00:00:00'),(584,152,17,'2021-12-25 00:00:00'),(584,117,82,'2021-12-25 00:00:00'),(128,70,77,'2021-12-26 00:00:00'),(170,224,21,'2021-12-26 00:00:00'),(206,158,14,'2021-12-26 00:00:00'),(222,3,61,'2021-12-26 00:00:00'),(245,226,79,'2021-12-26 00:00:00'),(280,171,44,'2021-12-26 00:00:00'),(311,122,16,'2021-12-26 00:00:00'),(333,226,21,'2021-12-26 00:00:00'),(356,18,29,'2021-12-26 00:00:00'),(363,154,73,'2021-12-26 00:00:00'),(379,211,6,'2021-12-26 00:00:00'),(379,168,72,'2021-12-26 00:00:00'),(403,171,96,'2021-12-26 00:00:00'),(440,65,93,'2021-12-26 00:00:00'),(447,83,67,'2021-12-26 00:00:00'),(448,9,16,'2021-12-26 00:00:00'),(552,324,33,'2021-12-26 00:00:00'),(571,53,56,'2021-12-26 00:00:00'),(574,249,15,'2021-12-26 00:00:00'),(101,166,35,'2021-12-27 00:00:00'),(168,92,11,'2021-12-27 00:00:00'),(170,276,99,'2021-12-27 00:00:00'),(173,136,61,'2021-12-27 00:00:00'),(175,107,9,'2021-12-27 00:00:00'),(189,228,72,'2021-12-27 00:00:00'),(209,8,3,'2021-12-27 00:00:00'),(210,173,19,'2021-12-27 00:00:00'),(274,15,95,'2021-12-27 00:00:00'),(284,257,18,'2021-12-27 00:00:00'),(286,64,73,'2021-12-27 00:00:00'),(340,56,97,'2021-12-27 00:00:00'),(350,318,93,'2021-12-27 00:00:00'),(368,253,83,'2021-12-27 00:00:00'),(369,246,19,'2021-12-27 00:00:00'),(374,241,54,'2021-12-27 00:00:00'),(399,189,89,'2021-12-27 00:00:00'),(405,335,70,'2021-12-27 00:00:00'),(426,190,83,'2021-12-27 00:00:00'),(440,188,81,'2021-12-27 00:00:00'),(461,47,1,'2021-12-27 00:00:00'),(506,278,12,'2021-12-27 00:00:00'),(507,297,33,'2021-12-27 00:00:00'),(539,310,62,'2021-12-27 00:00:00'),(568,116,36,'2021-12-27 00:00:00'),(581,192,29,'2021-12-27 00:00:00'),(592,70,78,'2021-12-27 00:00:00'),(104,94,44,'2021-12-28 00:00:00'),(152,158,14,'2021-12-28 00:00:00'),(153,267,5,'2021-12-28 00:00:00'),(187,38,44,'2021-12-28 00:00:00'),(197,291,15,'2021-12-28 00:00:00'),(198,144,63,'2021-12-28 00:00:00'),(212,174,71,'2021-12-28 00:00:00'),(214,218,56,'2021-12-28 00:00:00'),(226,202,76,'2021-12-28 00:00:00'),(247,78,69,'2021-12-28 00:00:00'),(253,78,8,'2021-12-28 00:00:00'),(261,51,70,'2021-12-28 00:00:00'),(289,307,91,'2021-12-28 00:00:00'),(300,286,80,'2021-12-28 00:00:00'),(310,257,78,'2021-12-28 00:00:00'),(320,338,27,'2021-12-28 00:00:00'),(321,289,91,'2021-12-28 00:00:00'),(331,242,26,'2021-12-28 00:00:00'),(342,324,15,'2021-12-28 00:00:00'),(345,144,70,'2021-12-28 00:00:00'),(364,157,29,'2021-12-28 00:00:00'),(365,240,29,'2021-12-28 00:00:00'),(367,304,20,'2021-12-28 00:00:00'),(479,252,19,'2021-12-28 00:00:00'),(495,194,51,'2021-12-28 00:00:00'),(502,218,47,'2021-12-28 00:00:00'),(523,266,70,'2021-12-28 00:00:00'),(549,276,32,'2021-12-28 00:00:00'),(561,218,11,'2021-12-28 00:00:00'),(104,190,65,'2021-12-29 00:00:00'),(151,303,22,'2021-12-29 00:00:00'),(156,211,7,'2021-12-29 00:00:00'),(277,337,70,'2021-12-29 00:00:00'),(304,12,26,'2021-12-29 00:00:00'),(348,141,37,'2021-12-29 00:00:00'),(372,158,50,'2021-12-29 00:00:00'),(388,232,85,'2021-12-29 00:00:00'),(392,338,8,'2021-12-29 00:00:00'),(418,295,9,'2021-12-29 00:00:00'),(422,143,25,'2021-12-29 00:00:00'),(452,21,20,'2021-12-29 00:00:00'),(463,205,54,'2021-12-29 00:00:00'),(481,290,22,'2021-12-29 00:00:00'),(485,120,45,'2021-12-29 00:00:00'),(508,301,66,'2021-12-29 00:00:00'),(531,4,2,'2021-12-29 00:00:00'),(531,349,40,'2021-12-29 00:00:00'),(178,312,56,'2021-12-30 00:00:00'),(179,225,24,'2021-12-30 00:00:00'),(188,279,16,'2021-12-30 00:00:00'),(204,263,72,'2021-12-30 00:00:00'),(239,160,22,'2021-12-30 00:00:00'),(241,220,2,'2021-12-30 00:00:00'),(271,350,23,'2021-12-30 00:00:00'),(272,269,14,'2021-12-30 00:00:00'),(280,58,9,'2021-12-30 00:00:00'),(283,124,92,'2021-12-30 00:00:00'),(291,248,53,'2021-12-30 00:00:00'),(316,43,52,'2021-12-30 00:00:00'),(331,49,49,'2021-12-30 00:00:00'),(349,180,89,'2021-12-30 00:00:00'),(371,216,60,'2021-12-30 00:00:00'),(389,90,55,'2021-12-30 00:00:00'),(437,41,2,'2021-12-30 00:00:00'),(466,188,48,'2021-12-30 00:00:00'),(469,261,26,'2021-12-30 00:00:00'),(493,231,8,'2021-12-30 00:00:00'),(493,339,70,'2021-12-30 00:00:00'),(515,289,51,'2021-12-30 00:00:00'),(518,196,42,'2021-12-30 00:00:00'),(584,106,62,'2021-12-30 00:00:00'),(107,119,100,'2021-12-31 00:00:00'),(116,207,50,'2021-12-31 00:00:00'),(147,221,64,'2021-12-31 00:00:00'),(178,244,13,'2021-12-31 00:00:00'),(188,82,20,'2021-12-31 00:00:00'),(193,183,69,'2021-12-31 00:00:00'),(216,83,93,'2021-12-31 00:00:00'),(230,301,8,'2021-12-31 00:00:00'),(231,259,77,'2021-12-31 00:00:00'),(254,313,4,'2021-12-31 00:00:00'),(266,190,26,'2021-12-31 00:00:00'),(302,322,41,'2021-12-31 00:00:00'),(304,16,97,'2021-12-31 00:00:00'),(319,156,48,'2021-12-31 00:00:00'),(336,228,40,'2021-12-31 00:00:00'),(354,58,65,'2021-12-31 00:00:00'),(359,275,17,'2021-12-31 00:00:00'),(365,78,42,'2021-12-31 00:00:00'),(367,44,36,'2021-12-31 00:00:00'),(409,266,51,'2021-12-31 00:00:00'),(450,223,29,'2021-12-31 00:00:00'),(532,235,17,'2021-12-31 00:00:00'),(571,89,99,'2021-12-31 00:00:00'),(102,30,92,'2022-01-01 00:00:00'),(104,151,95,'2022-01-01 00:00:00'),(124,346,65,'2022-01-01 00:00:00'),(151,78,66,'2022-01-01 00:00:00'),(156,71,37,'2022-01-01 00:00:00'),(161,122,42,'2022-01-01 00:00:00'),(167,251,52,'2022-01-01 00:00:00'),(173,62,81,'2022-01-01 00:00:00'),(174,185,33,'2022-01-01 00:00:00'),(180,288,59,'2022-01-01 00:00:00'),(191,31,91,'2022-01-01 00:00:00'),(215,83,61,'2022-01-01 00:00:00'),(275,133,75,'2022-01-01 00:00:00'),(305,100,90,'2022-01-01 00:00:00'),(324,316,75,'2022-01-01 00:00:00'),(332,277,24,'2022-01-01 00:00:00'),(346,7,62,'2022-01-01 00:00:00'),(372,299,75,'2022-01-01 00:00:00'),(390,5,25,'2022-01-01 00:00:00'),(416,328,8,'2022-01-01 00:00:00'),(425,313,46,'2022-01-01 00:00:00'),(434,131,41,'2022-01-01 00:00:00'),(442,119,47,'2022-01-01 00:00:00'),(444,124,95,'2022-01-01 00:00:00'),(446,12,97,'2022-01-01 00:00:00'),(477,188,19,'2022-01-01 00:00:00'),(506,90,18,'2022-01-01 00:00:00'),(512,60,90,'2022-01-01 00:00:00'),(518,14,53,'2022-01-01 00:00:00'),(520,303,78,'2022-01-01 00:00:00'),(530,232,63,'2022-01-01 00:00:00'),(555,25,75,'2022-01-01 00:00:00'),(567,55,19,'2022-01-01 00:00:00'),(584,254,73,'2022-01-01 00:00:00'),(586,49,46,'2022-01-01 00:00:00'),(121,316,13,'2022-01-02 00:00:00'),(122,255,86,'2022-01-02 00:00:00'),(145,324,6,'2022-01-02 00:00:00'),(156,186,92,'2022-01-02 00:00:00'),(207,301,93,'2022-01-02 00:00:00'),(230,307,82,'2022-01-02 00:00:00'),(231,62,77,'2022-01-02 00:00:00'),(250,251,100,'2022-01-02 00:00:00'),(283,250,66,'2022-01-02 00:00:00'),(290,327,8,'2022-01-02 00:00:00'),(296,40,18,'2022-01-02 00:00:00'),(296,345,53,'2022-01-02 00:00:00'),(354,96,84,'2022-01-02 00:00:00'),(375,260,95,'2022-01-02 00:00:00'),(386,36,90,'2022-01-02 00:00:00'),(423,158,38,'2022-01-02 00:00:00'),(440,98,31,'2022-01-02 00:00:00'),(447,292,93,'2022-01-02 00:00:00'),(468,176,98,'2022-01-02 00:00:00'),(469,226,95,'2022-01-02 00:00:00'),(476,309,83,'2022-01-02 00:00:00'),(536,299,83,'2022-01-02 00:00:00'),(541,270,1,'2022-01-02 00:00:00'),(544,165,12,'2022-01-02 00:00:00'),(591,91,26,'2022-01-02 00:00:00'),(192,226,91,'2022-01-03 00:00:00'),(220,167,10,'2022-01-03 00:00:00'),(225,207,26,'2022-01-03 00:00:00'),(225,278,29,'2022-01-03 00:00:00'),(241,158,92,'2022-01-03 00:00:00'),(244,333,59,'2022-01-03 00:00:00'),(287,11,36,'2022-01-03 00:00:00'),(312,228,35,'2022-01-03 00:00:00'),(313,115,33,'2022-01-03 00:00:00'),(319,253,55,'2022-01-03 00:00:00'),(344,296,18,'2022-01-03 00:00:00'),(359,78,77,'2022-01-03 00:00:00'),(402,180,81,'2022-01-03 00:00:00'),(420,282,100,'2022-01-03 00:00:00'),(424,6,83,'2022-01-03 00:00:00'),(434,149,69,'2022-01-03 00:00:00'),(468,44,95,'2022-01-03 00:00:00'),(534,358,83,'2022-01-03 00:00:00'),(587,139,46,'2022-01-03 00:00:00'),(122,274,90,'2022-01-04 00:00:00'),(127,247,50,'2022-01-04 00:00:00'),(141,332,65,'2022-01-04 00:00:00'),(237,324,1,'2022-01-04 00:00:00'),(243,32,90,'2022-01-04 00:00:00'),(253,247,42,'2022-01-04 00:00:00'),(274,31,42,'2022-01-04 00:00:00'),(308,180,33,'2022-01-04 00:00:00'),(329,125,24,'2022-01-04 00:00:00'),(333,324,43,'2022-01-04 00:00:00'),(352,118,38,'2022-01-04 00:00:00'),(356,298,43,'2022-01-04 00:00:00'),(364,183,73,'2022-01-04 00:00:00'),(436,188,73,'2022-01-04 00:00:00'),(478,63,12,'2022-01-04 00:00:00'),(507,195,73,'2022-01-04 00:00:00'),(510,342,2,'2022-01-04 00:00:00'),(544,299,96,'2022-01-04 00:00:00'),(548,323,85,'2022-01-04 00:00:00'),(577,175,17,'2022-01-04 00:00:00'),(600,229,38,'2022-01-04 00:00:00'),(101,291,39,'2022-01-05 00:00:00'),(110,50,59,'2022-01-05 00:00:00'),(121,283,87,'2022-01-05 00:00:00'),(176,359,8,'2022-01-05 00:00:00'),(215,176,78,'2022-01-05 00:00:00'),(229,256,4,'2022-01-05 00:00:00'),(233,113,56,'2022-01-05 00:00:00'),(241,199,100,'2022-01-05 00:00:00'),(372,65,2,'2022-01-05 00:00:00'),(377,211,1,'2022-01-05 00:00:00'),(434,104,99,'2022-01-05 00:00:00'),(460,60,5,'2022-01-05 00:00:00'),(470,120,16,'2022-01-05 00:00:00'),(475,37,62,'2022-01-05 00:00:00'),(518,62,96,'2022-01-05 00:00:00'),(557,42,4,'2022-01-05 00:00:00'),(578,277,61,'2022-01-05 00:00:00'),(598,314,93,'2022-01-05 00:00:00'),(101,296,93,'2022-01-06 00:00:00'),(143,205,12,'2022-01-06 00:00:00'),(174,56,96,'2022-01-06 00:00:00'),(209,345,49,'2022-01-06 00:00:00'),(271,259,79,'2022-01-06 00:00:00'),(278,212,74,'2022-01-06 00:00:00'),(300,73,61,'2022-01-06 00:00:00'),(331,205,11,'2022-01-06 00:00:00'),(346,26,21,'2022-01-06 00:00:00'),(360,359,58,'2022-01-06 00:00:00'),(362,145,72,'2022-01-06 00:00:00'),(403,165,47,'2022-01-06 00:00:00'),(415,184,63,'2022-01-06 00:00:00'),(433,80,27,'2022-01-06 00:00:00'),(437,192,18,'2022-01-06 00:00:00'),(521,56,17,'2022-01-06 00:00:00'),(530,245,54,'2022-01-06 00:00:00'),(530,87,80,'2022-01-06 00:00:00'),(543,223,98,'2022-01-06 00:00:00'),(107,232,66,'2022-01-07 00:00:00'),(126,1,96,'2022-01-07 00:00:00'),(130,21,73,'2022-01-07 00:00:00'),(137,347,7,'2022-01-07 00:00:00'),(138,41,12,'2022-01-07 00:00:00'),(206,160,56,'2022-01-07 00:00:00'),(220,331,39,'2022-01-07 00:00:00'),(296,27,31,'2022-01-07 00:00:00'),(309,22,82,'2022-01-07 00:00:00'),(317,31,84,'2022-01-07 00:00:00'),(319,269,100,'2022-01-07 00:00:00'),(320,65,7,'2022-01-07 00:00:00'),(338,311,71,'2022-01-07 00:00:00'),(369,144,53,'2022-01-07 00:00:00'),(380,329,30,'2022-01-07 00:00:00'),(420,216,20,'2022-01-07 00:00:00'),(433,201,2,'2022-01-07 00:00:00'),(498,301,67,'2022-01-07 00:00:00'),(552,302,16,'2022-01-07 00:00:00'),(553,352,14,'2022-01-07 00:00:00'),(200,224,84,'2022-01-08 00:00:00'),(201,223,96,'2022-01-08 00:00:00'),(215,171,94,'2022-01-08 00:00:00'),(229,25,51,'2022-01-08 00:00:00'),(246,42,9,'2022-01-08 00:00:00'),(246,130,96,'2022-01-08 00:00:00'),(344,87,64,'2022-01-08 00:00:00'),(357,219,37,'2022-01-08 00:00:00'),(369,3,69,'2022-01-08 00:00:00'),(387,203,85,'2022-01-08 00:00:00'),(411,2,90,'2022-01-08 00:00:00'),(411,293,93,'2022-01-08 00:00:00'),(450,212,51,'2022-01-08 00:00:00'),(474,80,49,'2022-01-08 00:00:00'),(495,133,34,'2022-01-08 00:00:00'),(497,83,79,'2022-01-08 00:00:00'),(543,97,26,'2022-01-08 00:00:00'),(547,48,13,'2022-01-08 00:00:00'),(547,339,36,'2022-01-08 00:00:00'),(560,300,4,'2022-01-08 00:00:00'),(117,302,2,'2022-01-09 00:00:00'),(141,90,37,'2022-01-09 00:00:00'),(185,34,26,'2022-01-09 00:00:00'),(229,166,33,'2022-01-09 00:00:00'),(236,331,20,'2022-01-09 00:00:00'),(293,348,98,'2022-01-09 00:00:00'),(306,180,12,'2022-01-09 00:00:00'),(370,34,40,'2022-01-09 00:00:00'),(382,152,67,'2022-01-09 00:00:00'),(440,268,19,'2022-01-09 00:00:00'),(452,35,43,'2022-01-09 00:00:00'),(468,275,54,'2022-01-09 00:00:00'),(476,236,32,'2022-01-09 00:00:00'),(496,16,47,'2022-01-09 00:00:00'),(532,306,66,'2022-01-09 00:00:00'),(535,162,5,'2022-01-09 00:00:00'),(536,238,54,'2022-01-09 00:00:00'),(560,162,21,'2022-01-09 00:00:00'),(571,197,98,'2022-01-09 00:00:00'),(573,264,31,'2022-01-09 00:00:00'),(577,349,75,'2022-01-09 00:00:00'),(580,148,24,'2022-01-09 00:00:00'),(580,35,46,'2022-01-09 00:00:00'),(104,219,2,'2022-01-10 00:00:00'),(179,328,77,'2022-01-10 00:00:00'),(222,285,27,'2022-01-10 00:00:00'),(257,285,50,'2022-01-10 00:00:00'),(262,238,22,'2022-01-10 00:00:00'),(300,176,70,'2022-01-10 00:00:00'),(308,120,4,'2022-01-10 00:00:00'),(325,227,6,'2022-01-10 00:00:00'),(331,112,54,'2022-01-10 00:00:00'),(356,332,36,'2022-01-10 00:00:00'),(368,99,58,'2022-01-10 00:00:00'),(372,204,44,'2022-01-10 00:00:00'),(376,25,74,'2022-01-10 00:00:00'),(378,117,43,'2022-01-10 00:00:00'),(398,261,32,'2022-01-10 00:00:00'),(406,335,12,'2022-01-10 00:00:00'),(409,195,67,'2022-01-10 00:00:00'),(440,192,37,'2022-01-10 00:00:00'),(470,293,30,'2022-01-10 00:00:00'),(489,153,94,'2022-01-10 00:00:00'),(496,282,30,'2022-01-10 00:00:00'),(522,183,81,'2022-01-10 00:00:00'),(547,132,74,'2022-01-10 00:00:00'),(115,68,35,'2022-01-11 00:00:00'),(169,86,33,'2022-01-11 00:00:00'),(174,297,72,'2022-01-11 00:00:00'),(203,171,90,'2022-01-11 00:00:00'),(210,51,10,'2022-01-11 00:00:00'),(214,187,39,'2022-01-11 00:00:00'),(219,157,6,'2022-01-11 00:00:00'),(227,96,44,'2022-01-11 00:00:00'),(249,175,53,'2022-01-11 00:00:00'),(262,48,9,'2022-01-11 00:00:00'),(262,306,11,'2022-01-11 00:00:00'),(269,239,88,'2022-01-11 00:00:00'),(279,44,91,'2022-01-11 00:00:00'),(314,331,93,'2022-01-11 00:00:00'),(319,180,8,'2022-01-11 00:00:00'),(321,318,34,'2022-01-11 00:00:00'),(347,53,38,'2022-01-11 00:00:00'),(347,9,100,'2022-01-11 00:00:00'),(373,190,49,'2022-01-11 00:00:00'),(387,25,65,'2022-01-11 00:00:00'),(400,353,73,'2022-01-11 00:00:00'),(496,44,69,'2022-01-11 00:00:00'),(519,145,45,'2022-01-11 00:00:00'),(530,145,62,'2022-01-11 00:00:00'),(545,78,76,'2022-01-11 00:00:00'),(546,142,89,'2022-01-11 00:00:00'),(104,340,78,'2022-01-12 00:00:00'),(131,140,8,'2022-01-12 00:00:00'),(152,104,15,'2022-01-12 00:00:00'),(156,339,45,'2022-01-12 00:00:00'),(239,67,71,'2022-01-12 00:00:00'),(277,141,74,'2022-01-12 00:00:00'),(303,72,7,'2022-01-12 00:00:00'),(314,15,20,'2022-01-12 00:00:00'),(321,191,73,'2022-01-12 00:00:00'),(360,176,5,'2022-01-12 00:00:00'),(381,248,98,'2022-01-12 00:00:00'),(407,38,17,'2022-01-12 00:00:00'),(407,63,62,'2022-01-12 00:00:00'),(414,118,60,'2022-01-12 00:00:00'),(432,313,41,'2022-01-12 00:00:00'),(436,17,72,'2022-01-12 00:00:00'),(437,55,36,'2022-01-12 00:00:00'),(437,236,94,'2022-01-12 00:00:00'),(449,67,16,'2022-01-12 00:00:00'),(460,326,95,'2022-01-12 00:00:00'),(468,151,25,'2022-01-12 00:00:00'),(503,326,60,'2022-01-12 00:00:00'),(513,138,61,'2022-01-12 00:00:00'),(542,181,85,'2022-01-12 00:00:00'),(595,236,75,'2022-01-12 00:00:00'),(158,150,73,'2022-01-13 00:00:00'),(197,227,51,'2022-01-13 00:00:00'),(209,114,13,'2022-01-13 00:00:00'),(221,297,30,'2022-01-13 00:00:00'),(250,161,62,'2022-01-13 00:00:00'),(281,41,78,'2022-01-13 00:00:00'),(297,215,16,'2022-01-13 00:00:00'),(338,69,94,'2022-01-13 00:00:00'),(349,157,87,'2022-01-13 00:00:00'),(366,36,17,'2022-01-13 00:00:00'),(387,263,18,'2022-01-13 00:00:00'),(396,62,1,'2022-01-13 00:00:00'),(400,264,59,'2022-01-13 00:00:00'),(411,244,91,'2022-01-13 00:00:00'),(456,37,66,'2022-01-13 00:00:00'),(484,356,3,'2022-01-13 00:00:00'),(505,282,87,'2022-01-13 00:00:00'),(513,257,19,'2022-01-13 00:00:00'),(520,211,15,'2022-01-13 00:00:00'),(571,344,27,'2022-01-13 00:00:00'),(588,220,33,'2022-01-13 00:00:00'),(589,74,44,'2022-01-13 00:00:00'),(129,26,26,'2022-01-14 00:00:00'),(139,136,71,'2022-01-14 00:00:00'),(150,212,40,'2022-01-14 00:00:00'),(179,179,67,'2022-01-14 00:00:00'),(180,138,63,'2022-01-14 00:00:00'),(184,291,8,'2022-01-14 00:00:00'),(188,323,72,'2022-01-14 00:00:00'),(196,197,75,'2022-01-14 00:00:00'),(219,74,23,'2022-01-14 00:00:00'),(226,197,47,'2022-01-14 00:00:00'),(231,340,12,'2022-01-14 00:00:00'),(236,116,43,'2022-01-14 00:00:00'),(305,353,35,'2022-01-14 00:00:00'),(310,155,48,'2022-01-14 00:00:00'),(317,171,12,'2022-01-14 00:00:00'),(352,297,74,'2022-01-14 00:00:00'),(357,223,15,'2022-01-14 00:00:00'),(365,35,50,'2022-01-14 00:00:00'),(388,326,23,'2022-01-14 00:00:00'),(479,48,39,'2022-01-14 00:00:00'),(564,93,84,'2022-01-14 00:00:00'),(110,33,86,'2022-01-15 00:00:00'),(136,218,47,'2022-01-15 00:00:00'),(141,119,4,'2022-01-15 00:00:00'),(179,351,63,'2022-01-15 00:00:00'),(243,257,35,'2022-01-15 00:00:00'),(256,166,90,'2022-01-15 00:00:00'),(303,315,13,'2022-01-15 00:00:00'),(320,284,89,'2022-01-15 00:00:00'),(321,132,54,'2022-01-15 00:00:00'),(344,89,6,'2022-01-15 00:00:00'),(412,10,63,'2022-01-15 00:00:00'),(447,15,57,'2022-01-15 00:00:00'),(467,306,81,'2022-01-15 00:00:00'),(511,16,60,'2022-01-15 00:00:00'),(567,247,28,'2022-01-15 00:00:00'),(567,88,93,'2022-01-15 00:00:00'),(587,144,89,'2022-01-15 00:00:00'),(128,77,60,'2022-01-16 00:00:00'),(139,198,73,'2022-01-16 00:00:00'),(147,107,42,'2022-01-16 00:00:00'),(156,52,86,'2022-01-16 00:00:00'),(172,329,95,'2022-01-16 00:00:00'),(206,163,55,'2022-01-16 00:00:00'),(210,100,34,'2022-01-16 00:00:00'),(280,191,30,'2022-01-16 00:00:00'),(300,25,2,'2022-01-16 00:00:00'),(356,190,13,'2022-01-16 00:00:00'),(407,262,11,'2022-01-16 00:00:00'),(426,235,39,'2022-01-16 00:00:00'),(463,178,69,'2022-01-16 00:00:00'),(469,168,25,'2022-01-16 00:00:00'),(490,35,3,'2022-01-16 00:00:00'),(496,200,45,'2022-01-16 00:00:00'),(513,135,34,'2022-01-16 00:00:00'),(549,110,71,'2022-01-16 00:00:00'),(554,288,98,'2022-01-16 00:00:00'),(102,86,82,'2022-01-17 00:00:00'),(112,272,26,'2022-01-17 00:00:00'),(112,23,77,'2022-01-17 00:00:00'),(125,279,95,'2022-01-17 00:00:00'),(147,209,13,'2022-01-17 00:00:00'),(167,139,90,'2022-01-17 00:00:00'),(200,147,26,'2022-01-17 00:00:00'),(204,102,37,'2022-01-17 00:00:00'),(207,132,92,'2022-01-17 00:00:00'),(226,145,41,'2022-01-17 00:00:00'),(245,142,11,'2022-01-17 00:00:00'),(246,124,38,'2022-01-17 00:00:00'),(247,132,92,'2022-01-17 00:00:00'),(263,278,88,'2022-01-17 00:00:00'),(298,108,65,'2022-01-17 00:00:00'),(333,345,2,'2022-01-17 00:00:00'),(337,291,23,'2022-01-17 00:00:00'),(341,144,73,'2022-01-17 00:00:00'),(367,39,50,'2022-01-17 00:00:00'),(370,90,99,'2022-01-17 00:00:00'),(406,248,14,'2022-01-17 00:00:00'),(439,163,14,'2022-01-17 00:00:00'),(461,45,29,'2022-01-17 00:00:00'),(461,45,54,'2022-01-17 00:00:00'),(480,274,81,'2022-01-17 00:00:00'),(482,70,53,'2022-01-17 00:00:00'),(490,110,59,'2022-01-17 00:00:00'),(523,104,25,'2022-01-17 00:00:00'),(534,70,83,'2022-01-17 00:00:00'),(563,18,85,'2022-01-17 00:00:00'),(572,296,64,'2022-01-17 00:00:00'),(581,281,69,'2022-01-17 00:00:00'),(585,158,36,'2022-01-17 00:00:00'),(593,160,60,'2022-01-17 00:00:00'),(158,87,27,'2022-01-18 00:00:00'),(167,35,12,'2022-01-18 00:00:00'),(167,187,37,'2022-01-18 00:00:00'),(212,53,51,'2022-01-18 00:00:00'),(229,170,56,'2022-01-18 00:00:00'),(261,320,12,'2022-01-18 00:00:00'),(295,181,92,'2022-01-18 00:00:00'),(348,222,47,'2022-01-18 00:00:00'),(370,87,69,'2022-01-18 00:00:00'),(372,242,74,'2022-01-18 00:00:00'),(408,81,29,'2022-01-18 00:00:00'),(414,125,37,'2022-01-18 00:00:00'),(432,131,23,'2022-01-18 00:00:00'),(445,93,61,'2022-01-18 00:00:00'),(453,161,31,'2022-01-18 00:00:00'),(474,78,17,'2022-01-18 00:00:00'),(491,253,93,'2022-01-18 00:00:00'),(517,178,100,'2022-01-18 00:00:00'),(536,48,93,'2022-01-18 00:00:00'),(552,97,28,'2022-01-18 00:00:00'),(569,37,67,'2022-01-18 00:00:00'),(598,291,31,'2022-01-18 00:00:00'),(128,128,85,'2022-01-19 00:00:00'),(153,169,44,'2022-01-19 00:00:00'),(160,240,45,'2022-01-19 00:00:00'),(170,346,56,'2022-01-19 00:00:00'),(203,318,85,'2022-01-19 00:00:00'),(252,178,45,'2022-01-19 00:00:00'),(268,354,16,'2022-01-19 00:00:00'),(304,65,28,'2022-01-19 00:00:00'),(342,265,73,'2022-01-19 00:00:00'),(402,67,49,'2022-01-19 00:00:00'),(436,133,85,'2022-01-19 00:00:00'),(458,151,74,'2022-01-19 00:00:00'),(482,316,24,'2022-01-19 00:00:00'),(493,79,63,'2022-01-19 00:00:00'),(497,7,75,'2022-01-19 00:00:00'),(509,329,30,'2022-01-19 00:00:00'),(539,16,11,'2022-01-19 00:00:00'),(546,265,91,'2022-01-19 00:00:00'),(553,342,69,'2022-01-19 00:00:00'),(580,77,45,'2022-01-19 00:00:00'),(122,191,3,'2022-01-20 00:00:00'),(168,213,56,'2022-01-20 00:00:00'),(185,146,1,'2022-01-20 00:00:00'),(222,94,58,'2022-01-20 00:00:00'),(226,26,88,'2022-01-20 00:00:00'),(232,232,22,'2022-01-20 00:00:00'),(309,281,63,'2022-01-20 00:00:00'),(374,292,39,'2022-01-20 00:00:00'),(382,255,78,'2022-01-20 00:00:00'),(392,225,49,'2022-01-20 00:00:00'),(394,238,64,'2022-01-20 00:00:00'),(444,51,42,'2022-01-20 00:00:00'),(455,320,80,'2022-01-20 00:00:00'),(470,146,50,'2022-01-20 00:00:00'),(481,204,74,'2022-01-20 00:00:00'),(484,40,9,'2022-01-20 00:00:00'),(484,325,50,'2022-01-20 00:00:00'),(487,265,67,'2022-01-20 00:00:00'),(503,192,52,'2022-01-20 00:00:00'),(508,344,41,'2022-01-20 00:00:00'),(518,19,36,'2022-01-20 00:00:00'),(525,273,53,'2022-01-20 00:00:00'),(538,140,48,'2022-01-20 00:00:00'),(567,187,46,'2022-01-20 00:00:00'),(583,291,80,'2022-01-20 00:00:00'),(593,130,59,'2022-01-20 00:00:00'),(124,271,43,'2022-01-21 00:00:00'),(156,217,78,'2022-01-21 00:00:00'),(184,232,80,'2022-01-21 00:00:00'),(209,47,96,'2022-01-21 00:00:00'),(255,139,82,'2022-01-21 00:00:00'),(264,212,78,'2022-01-21 00:00:00'),(291,42,70,'2022-01-21 00:00:00'),(350,307,73,'2022-01-21 00:00:00'),(363,256,42,'2022-01-21 00:00:00'),(408,25,47,'2022-01-21 00:00:00'),(435,313,4,'2022-01-21 00:00:00'),(445,34,36,'2022-01-21 00:00:00'),(460,120,93,'2022-01-21 00:00:00'),(481,56,45,'2022-01-21 00:00:00'),(494,114,83,'2022-01-21 00:00:00'),(520,96,83,'2022-01-21 00:00:00'),(529,357,22,'2022-01-21 00:00:00'),(534,89,50,'2022-01-21 00:00:00'),(559,251,38,'2022-01-21 00:00:00'),(567,6,56,'2022-01-21 00:00:00'),(595,47,82,'2022-01-21 00:00:00'),(117,303,89,'2022-01-22 00:00:00'),(170,46,87,'2022-01-22 00:00:00'),(174,8,87,'2022-01-22 00:00:00'),(186,316,87,'2022-01-22 00:00:00'),(198,168,83,'2022-01-22 00:00:00'),(264,154,34,'2022-01-22 00:00:00'),(265,252,80,'2022-01-22 00:00:00'),(270,11,39,'2022-01-22 00:00:00'),(304,358,3,'2022-01-22 00:00:00'),(320,22,4,'2022-01-22 00:00:00'),(339,20,65,'2022-01-22 00:00:00'),(369,289,90,'2022-01-22 00:00:00'),(381,275,72,'2022-01-22 00:00:00'),(387,300,68,'2022-01-22 00:00:00'),(422,105,85,'2022-01-22 00:00:00'),(437,176,1,'2022-01-22 00:00:00'),(504,327,74,'2022-01-22 00:00:00'),(526,327,97,'2022-01-22 00:00:00'),(533,38,32,'2022-01-22 00:00:00'),(535,326,55,'2022-01-22 00:00:00'),(535,37,66,'2022-01-22 00:00:00'),(551,13,75,'2022-01-22 00:00:00'),(588,107,63,'2022-01-22 00:00:00'),(121,220,79,'2022-01-23 00:00:00'),(128,336,11,'2022-01-23 00:00:00'),(145,159,60,'2022-01-23 00:00:00'),(176,56,98,'2022-01-23 00:00:00'),(194,64,32,'2022-01-23 00:00:00'),(206,264,37,'2022-01-23 00:00:00'),(221,98,16,'2022-01-23 00:00:00'),(228,27,41,'2022-01-23 00:00:00'),(235,265,34,'2022-01-23 00:00:00'),(240,239,92,'2022-01-23 00:00:00'),(264,341,44,'2022-01-23 00:00:00'),(267,127,83,'2022-01-23 00:00:00'),(291,136,81,'2022-01-23 00:00:00'),(314,161,89,'2022-01-23 00:00:00'),(349,341,12,'2022-01-23 00:00:00'),(365,198,25,'2022-01-23 00:00:00'),(388,220,77,'2022-01-23 00:00:00'),(480,9,18,'2022-01-23 00:00:00'),(502,39,24,'2022-01-23 00:00:00'),(569,237,37,'2022-01-23 00:00:00'),(121,17,62,'2022-01-24 00:00:00'),(138,226,45,'2022-01-24 00:00:00'),(177,146,4,'2022-01-24 00:00:00'),(178,259,32,'2022-01-24 00:00:00'),(191,91,21,'2022-01-24 00:00:00'),(213,305,69,'2022-01-24 00:00:00'),(299,306,100,'2022-01-24 00:00:00'),(302,203,80,'2022-01-24 00:00:00'),(316,213,31,'2022-01-24 00:00:00'),(328,102,57,'2022-01-24 00:00:00'),(341,232,12,'2022-01-24 00:00:00'),(388,69,3,'2022-01-24 00:00:00'),(390,240,32,'2022-01-24 00:00:00'),(408,218,46,'2022-01-24 00:00:00'),(423,223,65,'2022-01-24 00:00:00'),(435,159,81,'2022-01-24 00:00:00'),(473,206,53,'2022-01-24 00:00:00'),(532,204,97,'2022-01-24 00:00:00'),(564,212,87,'2022-01-24 00:00:00'),(583,76,80,'2022-01-24 00:00:00'),(597,291,53,'2022-01-24 00:00:00'),(600,87,92,'2022-01-24 00:00:00'),(127,176,95,'2022-01-25 00:00:00'),(174,269,10,'2022-01-25 00:00:00'),(197,288,1,'2022-01-25 00:00:00'),(220,261,27,'2022-01-25 00:00:00'),(230,26,98,'2022-01-25 00:00:00'),(239,12,90,'2022-01-25 00:00:00'),(266,138,53,'2022-01-25 00:00:00'),(276,64,99,'2022-01-25 00:00:00'),(285,195,69,'2022-01-25 00:00:00'),(289,172,41,'2022-01-25 00:00:00'),(293,195,61,'2022-01-25 00:00:00'),(297,202,12,'2022-01-25 00:00:00'),(311,84,15,'2022-01-25 00:00:00'),(321,96,20,'2022-01-25 00:00:00'),(337,167,26,'2022-01-25 00:00:00'),(341,304,93,'2022-01-25 00:00:00'),(374,108,54,'2022-01-25 00:00:00'),(445,88,73,'2022-01-25 00:00:00'),(465,275,50,'2022-01-25 00:00:00'),(513,5,69,'2022-01-25 00:00:00'),(552,173,74,'2022-01-25 00:00:00'),(146,310,2,'2022-01-26 00:00:00'),(154,6,1,'2022-01-26 00:00:00'),(186,16,15,'2022-01-26 00:00:00'),(194,222,61,'2022-01-26 00:00:00'),(229,187,44,'2022-01-26 00:00:00'),(238,221,24,'2022-01-26 00:00:00'),(243,303,81,'2022-01-26 00:00:00'),(252,294,5,'2022-01-26 00:00:00'),(311,204,95,'2022-01-26 00:00:00'),(337,303,35,'2022-01-26 00:00:00'),(354,127,24,'2022-01-26 00:00:00'),(355,99,42,'2022-01-26 00:00:00'),(360,304,45,'2022-01-26 00:00:00'),(362,5,84,'2022-01-26 00:00:00'),(372,211,8,'2022-01-26 00:00:00'),(377,208,18,'2022-01-26 00:00:00'),(427,114,69,'2022-01-26 00:00:00'),(482,40,90,'2022-01-26 00:00:00'),(513,236,63,'2022-01-26 00:00:00'),(524,215,88,'2022-01-26 00:00:00'),(536,188,59,'2022-01-26 00:00:00'),(551,307,38,'2022-01-26 00:00:00'),(559,303,88,'2022-01-26 00:00:00'),(105,266,89,'2022-01-27 00:00:00'),(142,210,98,'2022-01-27 00:00:00'),(152,310,88,'2022-01-27 00:00:00'),(168,106,67,'2022-01-27 00:00:00'),(169,353,94,'2022-01-27 00:00:00'),(203,325,24,'2022-01-27 00:00:00'),(213,215,59,'2022-01-27 00:00:00'),(225,181,66,'2022-01-27 00:00:00'),(252,136,92,'2022-01-27 00:00:00'),(255,173,71,'2022-01-27 00:00:00'),(279,190,44,'2022-01-27 00:00:00'),(290,87,71,'2022-01-27 00:00:00'),(319,304,93,'2022-01-27 00:00:00'),(350,298,86,'2022-01-27 00:00:00'),(358,51,25,'2022-01-27 00:00:00'),(367,149,61,'2022-01-27 00:00:00'),(381,62,58,'2022-01-27 00:00:00'),(447,82,91,'2022-01-27 00:00:00'),(520,234,78,'2022-01-27 00:00:00'),(532,307,49,'2022-01-27 00:00:00'),(592,123,4,'2022-01-27 00:00:00'),(592,87,41,'2022-01-27 00:00:00'),(592,36,62,'2022-01-27 00:00:00'),(162,81,3,'2022-01-28 00:00:00'),(207,326,30,'2022-01-28 00:00:00'),(230,48,41,'2022-01-28 00:00:00'),(239,41,66,'2022-01-28 00:00:00'),(243,124,29,'2022-01-28 00:00:00'),(290,104,86,'2022-01-28 00:00:00'),(291,102,42,'2022-01-28 00:00:00'),(307,107,11,'2022-01-28 00:00:00'),(332,260,25,'2022-01-28 00:00:00'),(337,348,1,'2022-01-28 00:00:00'),(350,210,68,'2022-01-28 00:00:00'),(356,192,37,'2022-01-28 00:00:00'),(383,254,71,'2022-01-28 00:00:00'),(393,20,80,'2022-01-28 00:00:00'),(407,12,80,'2022-01-28 00:00:00'),(411,40,81,'2022-01-28 00:00:00'),(419,277,80,'2022-01-28 00:00:00'),(447,295,32,'2022-01-28 00:00:00'),(531,78,75,'2022-01-28 00:00:00'),(548,135,83,'2022-01-28 00:00:00'),(109,38,98,'2022-01-29 00:00:00'),(130,303,68,'2022-01-29 00:00:00'),(161,32,100,'2022-01-29 00:00:00'),(170,336,57,'2022-01-29 00:00:00'),(186,244,81,'2022-01-29 00:00:00'),(189,125,79,'2022-01-29 00:00:00'),(209,340,44,'2022-01-29 00:00:00'),(262,331,36,'2022-01-29 00:00:00'),(312,39,86,'2022-01-29 00:00:00'),(317,55,45,'2022-01-29 00:00:00'),(349,169,68,'2022-01-29 00:00:00'),(355,305,14,'2022-01-29 00:00:00'),(355,139,53,'2022-01-29 00:00:00'),(368,249,55,'2022-01-29 00:00:00'),(419,187,63,'2022-01-29 00:00:00'),(437,290,64,'2022-01-29 00:00:00'),(442,279,23,'2022-01-29 00:00:00'),(468,43,41,'2022-01-29 00:00:00'),(473,46,14,'2022-01-29 00:00:00'),(507,51,9,'2022-01-29 00:00:00'),(520,31,15,'2022-01-29 00:00:00'),(529,59,68,'2022-01-29 00:00:00'),(559,158,76,'2022-01-29 00:00:00'),(583,155,30,'2022-01-29 00:00:00'),(592,126,4,'2022-01-29 00:00:00'),(113,231,25,'2022-01-30 00:00:00'),(115,42,91,'2022-01-30 00:00:00'),(116,257,33,'2022-01-30 00:00:00'),(120,56,2,'2022-01-30 00:00:00'),(120,88,24,'2022-01-30 00:00:00'),(161,163,45,'2022-01-30 00:00:00'),(205,45,84,'2022-01-30 00:00:00'),(231,3,33,'2022-01-30 00:00:00'),(245,137,46,'2022-01-30 00:00:00'),(289,37,28,'2022-01-30 00:00:00'),(299,76,25,'2022-01-30 00:00:00'),(321,163,3,'2022-01-30 00:00:00'),(333,141,75,'2022-01-30 00:00:00'),(356,78,47,'2022-01-30 00:00:00'),(362,274,47,'2022-01-30 00:00:00'),(374,324,4,'2022-01-30 00:00:00'),(374,2,56,'2022-01-30 00:00:00'),(409,182,27,'2022-01-30 00:00:00'),(445,69,100,'2022-01-30 00:00:00'),(526,6,65,'2022-01-30 00:00:00'),(552,137,34,'2022-01-30 00:00:00'),(555,186,43,'2022-01-30 00:00:00'),(578,261,55,'2022-01-30 00:00:00'),(123,41,65,'2022-01-31 00:00:00'),(127,69,95,'2022-01-31 00:00:00'),(129,203,35,'2022-01-31 00:00:00'),(142,162,70,'2022-01-31 00:00:00'),(163,255,1,'2022-01-31 00:00:00'),(207,344,61,'2022-01-31 00:00:00'),(211,311,92,'2022-01-31 00:00:00'),(237,62,40,'2022-01-31 00:00:00'),(245,224,51,'2022-01-31 00:00:00'),(301,238,58,'2022-01-31 00:00:00'),(320,211,76,'2022-01-31 00:00:00'),(424,212,31,'2022-01-31 00:00:00'),(480,271,61,'2022-01-31 00:00:00'),(490,188,14,'2022-01-31 00:00:00'),(496,298,87,'2022-01-31 00:00:00'),(505,255,66,'2022-01-31 00:00:00'),(547,28,94,'2022-01-31 00:00:00'),(590,134,95,'2022-01-31 00:00:00'),(591,296,21,'2022-01-31 00:00:00'),(105,167,85,'2022-02-01 00:00:00'),(111,267,76,'2022-02-01 00:00:00'),(181,53,84,'2022-02-01 00:00:00'),(190,193,3,'2022-02-01 00:00:00'),(208,343,55,'2022-02-01 00:00:00'),(245,319,33,'2022-02-01 00:00:00'),(282,28,14,'2022-02-01 00:00:00'),(287,341,5,'2022-02-01 00:00:00'),(302,20,39,'2022-02-01 00:00:00'),(307,260,84,'2022-02-01 00:00:00'),(358,186,66,'2022-02-01 00:00:00'),(367,319,67,'2022-02-01 00:00:00'),(373,253,24,'2022-02-01 00:00:00'),(473,145,21,'2022-02-01 00:00:00'),(477,310,19,'2022-02-01 00:00:00'),(574,137,31,'2022-02-01 00:00:00'),(583,25,28,'2022-02-01 00:00:00'),(584,267,61,'2022-02-01 00:00:00'),(112,337,40,'2022-02-02 00:00:00'),(192,304,22,'2022-02-02 00:00:00'),(198,70,11,'2022-02-02 00:00:00'),(287,344,47,'2022-02-02 00:00:00'),(294,292,70,'2022-02-02 00:00:00'),(343,348,38,'2022-02-02 00:00:00'),(379,308,80,'2022-02-02 00:00:00'),(383,277,86,'2022-02-02 00:00:00'),(387,231,28,'2022-02-02 00:00:00'),(392,318,58,'2022-02-02 00:00:00'),(424,130,71,'2022-02-02 00:00:00'),(427,5,27,'2022-02-02 00:00:00'),(471,113,78,'2022-02-02 00:00:00'),(483,291,16,'2022-02-02 00:00:00'),(509,89,83,'2022-02-02 00:00:00'),(518,18,11,'2022-02-02 00:00:00'),(566,297,5,'2022-02-02 00:00:00'),(569,78,36,'2022-02-02 00:00:00'),(593,353,37,'2022-02-02 00:00:00'),(593,278,85,'2022-02-02 00:00:00'),(108,92,27,'2022-02-03 00:00:00'),(145,123,51,'2022-02-03 00:00:00'),(193,260,66,'2022-02-03 00:00:00'),(206,343,49,'2022-02-03 00:00:00'),(248,217,71,'2022-02-03 00:00:00'),(251,264,35,'2022-02-03 00:00:00'),(271,89,20,'2022-02-03 00:00:00'),(431,22,64,'2022-02-03 00:00:00'),(447,37,11,'2022-02-03 00:00:00'),(465,132,32,'2022-02-03 00:00:00'),(502,329,35,'2022-02-03 00:00:00'),(540,171,2,'2022-02-03 00:00:00'),(541,330,53,'2022-02-03 00:00:00'),(555,84,14,'2022-02-03 00:00:00'),(560,31,6,'2022-02-03 00:00:00'),(579,329,8,'2022-02-03 00:00:00'),(104,194,25,'2022-02-04 00:00:00'),(127,111,55,'2022-02-04 00:00:00'),(172,318,2,'2022-02-04 00:00:00'),(180,58,86,'2022-02-04 00:00:00'),(195,6,6,'2022-02-04 00:00:00'),(254,110,87,'2022-02-04 00:00:00'),(278,328,10,'2022-02-04 00:00:00'),(337,358,79,'2022-02-04 00:00:00'),(353,294,93,'2022-02-04 00:00:00'),(372,246,79,'2022-02-04 00:00:00'),(379,187,6,'2022-02-04 00:00:00'),(413,58,55,'2022-02-04 00:00:00'),(432,218,56,'2022-02-04 00:00:00'),(461,260,9,'2022-02-04 00:00:00'),(546,137,13,'2022-02-04 00:00:00'),(587,143,64,'2022-02-04 00:00:00'),(102,196,67,'2022-02-05 00:00:00'),(118,228,99,'2022-02-05 00:00:00'),(155,338,21,'2022-02-05 00:00:00'),(212,100,94,'2022-02-05 00:00:00'),(213,175,70,'2022-02-05 00:00:00'),(240,278,89,'2022-02-05 00:00:00'),(362,229,31,'2022-02-05 00:00:00'),(432,93,26,'2022-02-05 00:00:00'),(432,165,63,'2022-02-05 00:00:00'),(438,351,49,'2022-02-05 00:00:00'),(456,95,24,'2022-02-05 00:00:00'),(466,221,73,'2022-02-05 00:00:00'),(467,280,47,'2022-02-05 00:00:00'),(475,250,26,'2022-02-05 00:00:00'),(490,28,61,'2022-02-05 00:00:00'),(498,73,69,'2022-02-05 00:00:00'),(522,101,18,'2022-02-05 00:00:00'),(553,205,100,'2022-02-05 00:00:00'),(571,349,20,'2022-02-05 00:00:00'),(576,357,90,'2022-02-05 00:00:00'),(595,324,70,'2022-02-05 00:00:00'),(598,280,30,'2022-02-05 00:00:00'),(113,146,19,'2022-02-06 00:00:00'),(122,88,69,'2022-02-06 00:00:00'),(124,26,87,'2022-02-06 00:00:00'),(169,98,36,'2022-02-06 00:00:00'),(172,170,24,'2022-02-06 00:00:00'),(174,355,92,'2022-02-06 00:00:00'),(180,27,53,'2022-02-06 00:00:00'),(260,42,57,'2022-02-06 00:00:00'),(287,89,2,'2022-02-06 00:00:00'),(296,160,56,'2022-02-06 00:00:00'),(304,220,65,'2022-02-06 00:00:00'),(316,279,23,'2022-02-06 00:00:00'),(320,117,60,'2022-02-06 00:00:00'),(389,308,52,'2022-02-06 00:00:00'),(448,68,80,'2022-02-06 00:00:00'),(452,86,97,'2022-02-06 00:00:00'),(489,355,61,'2022-02-06 00:00:00'),(564,202,24,'2022-02-06 00:00:00'),(111,2,99,'2022-02-07 00:00:00'),(151,202,82,'2022-02-07 00:00:00'),(169,47,7,'2022-02-07 00:00:00'),(205,345,83,'2022-02-07 00:00:00'),(265,224,70,'2022-02-07 00:00:00'),(286,108,52,'2022-02-07 00:00:00'),(304,157,65,'2022-02-07 00:00:00'),(333,179,5,'2022-02-07 00:00:00'),(359,99,25,'2022-02-07 00:00:00'),(360,2,40,'2022-02-07 00:00:00'),(417,135,16,'2022-02-07 00:00:00'),(444,194,74,'2022-02-07 00:00:00'),(449,23,76,'2022-02-07 00:00:00'),(505,237,98,'2022-02-07 00:00:00'),(510,315,93,'2022-02-07 00:00:00'),(544,323,39,'2022-02-07 00:00:00'),(566,324,85,'2022-02-07 00:00:00'),(112,118,44,'2022-02-08 00:00:00'),(114,58,18,'2022-02-08 00:00:00'),(127,18,22,'2022-02-08 00:00:00'),(134,34,16,'2022-02-08 00:00:00'),(147,25,5,'2022-02-08 00:00:00'),(174,295,22,'2022-02-08 00:00:00'),(195,209,78,'2022-02-08 00:00:00'),(201,84,95,'2022-02-08 00:00:00'),(239,73,3,'2022-02-08 00:00:00'),(245,188,77,'2022-02-08 00:00:00'),(253,303,76,'2022-02-08 00:00:00'),(284,192,38,'2022-02-08 00:00:00'),(294,36,5,'2022-02-08 00:00:00'),(305,196,87,'2022-02-08 00:00:00'),(337,136,5,'2022-02-08 00:00:00'),(371,345,73,'2022-02-08 00:00:00'),(382,317,74,'2022-02-08 00:00:00'),(383,264,71,'2022-02-08 00:00:00'),(385,170,45,'2022-02-08 00:00:00'),(395,271,21,'2022-02-08 00:00:00'),(429,273,45,'2022-02-08 00:00:00'),(452,263,19,'2022-02-08 00:00:00'),(456,5,36,'2022-02-08 00:00:00'),(459,49,77,'2022-02-08 00:00:00'),(470,289,94,'2022-02-08 00:00:00'),(482,124,92,'2022-02-08 00:00:00'),(535,317,39,'2022-02-08 00:00:00'),(127,205,100,'2022-02-09 00:00:00'),(134,251,77,'2022-02-09 00:00:00'),(161,314,51,'2022-02-09 00:00:00'),(169,55,34,'2022-02-09 00:00:00'),(172,4,87,'2022-02-09 00:00:00'),(223,89,50,'2022-02-09 00:00:00'),(252,335,61,'2022-02-09 00:00:00'),(267,81,59,'2022-02-09 00:00:00'),(323,4,51,'2022-02-09 00:00:00'),(324,15,33,'2022-02-09 00:00:00'),(344,336,92,'2022-02-09 00:00:00'),(345,258,76,'2022-02-09 00:00:00'),(367,128,57,'2022-02-09 00:00:00'),(373,215,8,'2022-02-09 00:00:00'),(395,265,7,'2022-02-09 00:00:00'),(407,119,94,'2022-02-09 00:00:00'),(412,71,61,'2022-02-09 00:00:00'),(428,288,43,'2022-02-09 00:00:00'),(444,333,3,'2022-02-09 00:00:00'),(505,251,56,'2022-02-09 00:00:00'),(507,184,59,'2022-02-09 00:00:00'),(517,113,45,'2022-02-09 00:00:00'),(517,224,74,'2022-02-09 00:00:00'),(541,332,32,'2022-02-09 00:00:00'),(143,111,53,'2022-02-10 00:00:00'),(153,44,10,'2022-02-10 00:00:00'),(172,325,63,'2022-02-10 00:00:00'),(200,30,60,'2022-02-10 00:00:00'),(210,341,3,'2022-02-10 00:00:00'),(221,75,62,'2022-02-10 00:00:00'),(251,204,10,'2022-02-10 00:00:00'),(263,104,74,'2022-02-10 00:00:00'),(265,338,17,'2022-02-10 00:00:00'),(266,79,34,'2022-02-10 00:00:00'),(287,313,24,'2022-02-10 00:00:00'),(377,234,94,'2022-02-10 00:00:00'),(406,8,80,'2022-02-10 00:00:00'),(482,330,8,'2022-02-10 00:00:00'),(518,238,25,'2022-02-10 00:00:00'),(530,305,50,'2022-02-10 00:00:00'),(531,220,95,'2022-02-10 00:00:00'),(539,151,81,'2022-02-10 00:00:00'),(561,19,8,'2022-02-10 00:00:00'),(565,175,89,'2022-02-10 00:00:00'),(574,224,90,'2022-02-10 00:00:00'),(113,3,60,'2022-02-11 00:00:00'),(127,20,9,'2022-02-11 00:00:00'),(129,268,32,'2022-02-11 00:00:00'),(145,196,58,'2022-02-11 00:00:00'),(160,249,38,'2022-02-11 00:00:00'),(164,305,37,'2022-02-11 00:00:00'),(189,61,78,'2022-02-11 00:00:00'),(341,303,9,'2022-02-11 00:00:00'),(356,139,67,'2022-02-11 00:00:00'),(364,348,72,'2022-02-11 00:00:00'),(394,279,7,'2022-02-11 00:00:00'),(428,264,54,'2022-02-11 00:00:00'),(439,106,12,'2022-02-11 00:00:00'),(500,128,28,'2022-02-11 00:00:00'),(540,122,57,'2022-02-11 00:00:00'),(566,337,29,'2022-02-11 00:00:00'),(108,342,52,'2022-02-12 00:00:00'),(127,6,4,'2022-02-12 00:00:00'),(133,113,41,'2022-02-12 00:00:00'),(138,317,78,'2022-02-12 00:00:00'),(138,245,84,'2022-02-12 00:00:00'),(185,153,87,'2022-02-12 00:00:00'),(202,304,6,'2022-02-12 00:00:00'),(216,226,51,'2022-02-12 00:00:00'),(269,264,40,'2022-02-12 00:00:00'),(275,307,100,'2022-02-12 00:00:00'),(302,162,9,'2022-02-12 00:00:00'),(339,80,10,'2022-02-12 00:00:00'),(375,231,33,'2022-02-12 00:00:00'),(379,105,5,'2022-02-12 00:00:00'),(381,270,4,'2022-02-12 00:00:00'),(383,212,86,'2022-02-12 00:00:00'),(392,132,59,'2022-02-12 00:00:00'),(406,268,23,'2022-02-12 00:00:00'),(452,56,75,'2022-02-12 00:00:00'),(461,83,36,'2022-02-12 00:00:00'),(477,226,85,'2022-02-12 00:00:00'),(486,234,19,'2022-02-12 00:00:00'),(519,171,70,'2022-02-12 00:00:00'),(520,212,12,'2022-02-12 00:00:00'),(109,209,64,'2022-02-13 00:00:00'),(109,9,74,'2022-02-13 00:00:00'),(122,278,64,'2022-02-13 00:00:00'),(140,317,5,'2022-02-13 00:00:00'),(154,86,81,'2022-02-13 00:00:00'),(167,122,99,'2022-02-13 00:00:00'),(193,259,27,'2022-02-13 00:00:00'),(196,296,22,'2022-02-13 00:00:00'),(221,91,28,'2022-02-13 00:00:00'),(235,229,92,'2022-02-13 00:00:00'),(239,255,48,'2022-02-13 00:00:00'),(261,256,45,'2022-02-13 00:00:00'),(268,344,46,'2022-02-13 00:00:00'),(275,227,44,'2022-02-13 00:00:00'),(295,49,34,'2022-02-13 00:00:00'),(316,303,92,'2022-02-13 00:00:00'),(320,317,17,'2022-02-13 00:00:00'),(328,276,94,'2022-02-13 00:00:00'),(375,310,31,'2022-02-13 00:00:00'),(421,99,86,'2022-02-13 00:00:00'),(424,5,93,'2022-02-13 00:00:00'),(444,37,20,'2022-02-13 00:00:00'),(460,357,43,'2022-02-13 00:00:00'),(482,332,69,'2022-02-13 00:00:00'),(520,354,69,'2022-02-13 00:00:00'),(530,209,73,'2022-02-13 00:00:00'),(531,19,88,'2022-02-13 00:00:00'),(588,206,45,'2022-02-13 00:00:00'),(596,36,18,'2022-02-13 00:00:00'),(142,340,90,'2022-02-14 00:00:00'),(186,175,80,'2022-02-14 00:00:00'),(224,95,75,'2022-02-14 00:00:00'),(269,213,81,'2022-02-14 00:00:00'),(278,334,100,'2022-02-14 00:00:00'),(324,217,3,'2022-02-14 00:00:00'),(336,175,80,'2022-02-14 00:00:00'),(337,4,100,'2022-02-14 00:00:00'),(384,11,79,'2022-02-14 00:00:00'),(437,330,87,'2022-02-14 00:00:00'),(437,150,95,'2022-02-14 00:00:00'),(438,139,51,'2022-02-14 00:00:00'),(449,269,56,'2022-02-14 00:00:00'),(455,113,6,'2022-02-14 00:00:00'),(467,33,9,'2022-02-14 00:00:00'),(478,146,98,'2022-02-14 00:00:00'),(497,66,6,'2022-02-14 00:00:00'),(500,351,87,'2022-02-14 00:00:00'),(503,53,59,'2022-02-14 00:00:00'),(512,139,11,'2022-02-14 00:00:00'),(516,31,29,'2022-02-14 00:00:00'),(527,83,1,'2022-02-14 00:00:00'),(531,213,24,'2022-02-14 00:00:00'),(533,29,44,'2022-02-14 00:00:00'),(561,143,52,'2022-02-14 00:00:00'),(581,4,94,'2022-02-14 00:00:00'),(163,62,33,'2022-02-15 00:00:00'),(174,358,92,'2022-02-15 00:00:00'),(179,138,36,'2022-02-15 00:00:00'),(191,191,82,'2022-02-15 00:00:00'),(215,236,46,'2022-02-15 00:00:00'),(235,65,34,'2022-02-15 00:00:00'),(294,247,64,'2022-02-15 00:00:00'),(300,136,9,'2022-02-15 00:00:00'),(302,178,6,'2022-02-15 00:00:00'),(307,286,64,'2022-02-15 00:00:00'),(314,94,74,'2022-02-15 00:00:00'),(319,298,84,'2022-02-15 00:00:00'),(324,30,76,'2022-02-15 00:00:00'),(351,262,94,'2022-02-15 00:00:00'),(363,44,84,'2022-02-15 00:00:00'),(367,202,99,'2022-02-15 00:00:00'),(374,173,97,'2022-02-15 00:00:00'),(435,55,44,'2022-02-15 00:00:00'),(455,107,46,'2022-02-15 00:00:00'),(461,211,75,'2022-02-15 00:00:00'),(473,20,36,'2022-02-15 00:00:00'),(563,101,37,'2022-02-15 00:00:00'),(564,163,46,'2022-02-15 00:00:00'),(566,318,71,'2022-02-15 00:00:00'),(566,190,95,'2022-02-15 00:00:00'),(114,95,5,'2022-02-16 00:00:00'),(124,347,96,'2022-02-16 00:00:00'),(148,225,24,'2022-02-16 00:00:00'),(153,190,90,'2022-02-16 00:00:00'),(218,71,53,'2022-02-16 00:00:00'),(236,155,50,'2022-02-16 00:00:00'),(261,302,81,'2022-02-16 00:00:00'),(312,357,92,'2022-02-16 00:00:00'),(356,126,98,'2022-02-16 00:00:00'),(403,344,14,'2022-02-16 00:00:00'),(421,216,51,'2022-02-16 00:00:00'),(425,288,84,'2022-02-16 00:00:00'),(431,264,87,'2022-02-16 00:00:00'),(479,34,59,'2022-02-16 00:00:00'),(486,39,26,'2022-02-16 00:00:00'),(503,86,66,'2022-02-16 00:00:00'),(521,90,48,'2022-02-16 00:00:00'),(540,174,62,'2022-02-16 00:00:00'),(550,121,1,'2022-02-16 00:00:00'),(120,337,45,'2022-02-17 00:00:00'),(193,35,36,'2022-02-17 00:00:00'),(216,329,77,'2022-02-17 00:00:00'),(243,71,12,'2022-02-17 00:00:00'),(245,314,47,'2022-02-17 00:00:00'),(263,59,57,'2022-02-17 00:00:00'),(264,192,25,'2022-02-17 00:00:00'),(374,291,51,'2022-02-17 00:00:00'),(450,6,83,'2022-02-17 00:00:00'),(511,174,60,'2022-02-17 00:00:00'),(541,25,25,'2022-02-17 00:00:00'),(566,177,4,'2022-02-17 00:00:00'),(570,109,73,'2022-02-17 00:00:00'),(580,156,50,'2022-02-17 00:00:00'),(586,246,99,'2022-02-17 00:00:00'),(165,111,34,'2022-02-18 00:00:00'),(171,133,35,'2022-02-18 00:00:00'),(181,110,59,'2022-02-18 00:00:00'),(182,343,81,'2022-02-18 00:00:00'),(195,16,30,'2022-02-18 00:00:00'),(208,184,15,'2022-02-18 00:00:00'),(208,101,61,'2022-02-18 00:00:00'),(209,51,58,'2022-02-18 00:00:00'),(223,87,39,'2022-02-18 00:00:00'),(265,318,7,'2022-02-18 00:00:00'),(281,36,15,'2022-02-18 00:00:00'),(301,187,58,'2022-02-18 00:00:00'),(307,227,96,'2022-02-18 00:00:00'),(385,281,41,'2022-02-18 00:00:00'),(390,304,25,'2022-02-18 00:00:00'),(407,17,1,'2022-02-18 00:00:00'),(422,32,43,'2022-02-18 00:00:00'),(445,224,23,'2022-02-18 00:00:00'),(488,108,72,'2022-02-18 00:00:00'),(494,278,91,'2022-02-18 00:00:00'),(522,271,21,'2022-02-18 00:00:00'),(547,92,85,'2022-02-18 00:00:00'),(566,151,66,'2022-02-18 00:00:00'),(124,309,89,'2022-02-19 00:00:00'),(142,65,75,'2022-02-19 00:00:00'),(185,184,94,'2022-02-19 00:00:00'),(212,141,70,'2022-02-19 00:00:00'),(214,66,85,'2022-02-19 00:00:00'),(217,74,15,'2022-02-19 00:00:00'),(219,308,51,'2022-02-19 00:00:00'),(266,214,17,'2022-02-19 00:00:00'),(318,292,65,'2022-02-19 00:00:00'),(323,312,75,'2022-02-19 00:00:00'),(361,205,44,'2022-02-19 00:00:00'),(371,165,56,'2022-02-19 00:00:00'),(376,298,31,'2022-02-19 00:00:00'),(377,1,30,'2022-02-19 00:00:00'),(379,133,56,'2022-02-19 00:00:00'),(379,38,81,'2022-02-19 00:00:00'),(386,14,56,'2022-02-19 00:00:00'),(435,67,84,'2022-02-19 00:00:00'),(445,56,36,'2022-02-19 00:00:00'),(467,237,12,'2022-02-19 00:00:00'),(499,104,56,'2022-02-19 00:00:00'),(503,31,1,'2022-02-19 00:00:00'),(524,130,81,'2022-02-19 00:00:00'),(542,53,61,'2022-02-19 00:00:00'),(545,296,38,'2022-02-19 00:00:00'),(563,164,1,'2022-02-19 00:00:00'),(567,212,18,'2022-02-19 00:00:00'),(567,337,60,'2022-02-19 00:00:00'),(101,144,44,'2022-02-20 00:00:00'),(131,228,7,'2022-02-20 00:00:00'),(141,30,96,'2022-02-20 00:00:00'),(157,205,79,'2022-02-20 00:00:00'),(191,237,86,'2022-02-20 00:00:00'),(211,215,68,'2022-02-20 00:00:00'),(259,170,2,'2022-02-20 00:00:00'),(259,335,9,'2022-02-20 00:00:00'),(271,270,3,'2022-02-20 00:00:00'),(273,359,27,'2022-02-20 00:00:00'),(296,345,27,'2022-02-20 00:00:00'),(308,288,77,'2022-02-20 00:00:00'),(321,237,15,'2022-02-20 00:00:00'),(322,301,81,'2022-02-20 00:00:00'),(377,19,90,'2022-02-20 00:00:00'),(394,139,46,'2022-02-20 00:00:00'),(396,85,77,'2022-02-20 00:00:00'),(418,194,54,'2022-02-20 00:00:00'),(464,290,83,'2022-02-20 00:00:00'),(482,190,23,'2022-02-20 00:00:00'),(545,51,97,'2022-02-20 00:00:00'),(580,72,54,'2022-02-20 00:00:00'),(598,305,51,'2022-02-20 00:00:00'),(104,165,77,'2022-02-21 00:00:00'),(120,52,18,'2022-02-21 00:00:00'),(120,185,64,'2022-02-21 00:00:00'),(174,104,9,'2022-02-21 00:00:00'),(184,172,39,'2022-02-21 00:00:00'),(192,39,61,'2022-02-21 00:00:00'),(208,60,24,'2022-02-21 00:00:00'),(209,271,50,'2022-02-21 00:00:00'),(267,343,84,'2022-02-21 00:00:00'),(274,158,71,'2022-02-21 00:00:00'),(343,253,89,'2022-02-21 00:00:00'),(357,295,82,'2022-02-21 00:00:00'),(360,177,94,'2022-02-21 00:00:00'),(379,38,33,'2022-02-21 00:00:00'),(382,4,90,'2022-02-21 00:00:00'),(397,126,60,'2022-02-21 00:00:00'),(402,33,43,'2022-02-21 00:00:00'),(420,322,29,'2022-02-21 00:00:00'),(430,259,3,'2022-02-21 00:00:00'),(459,276,35,'2022-02-21 00:00:00'),(471,100,43,'2022-02-21 00:00:00'),(482,292,47,'2022-02-21 00:00:00'),(487,349,21,'2022-02-21 00:00:00'),(491,30,34,'2022-02-21 00:00:00'),(491,301,66,'2022-02-21 00:00:00'),(508,57,92,'2022-02-21 00:00:00'),(562,330,29,'2022-02-21 00:00:00'),(575,170,88,'2022-02-21 00:00:00'),(589,287,31,'2022-02-21 00:00:00'),(101,287,58,'2022-02-22 00:00:00'),(146,106,98,'2022-02-22 00:00:00'),(146,280,100,'2022-02-22 00:00:00'),(196,137,20,'2022-02-22 00:00:00'),(217,91,31,'2022-02-22 00:00:00'),(229,1,49,'2022-02-22 00:00:00'),(238,292,52,'2022-02-22 00:00:00'),(257,9,53,'2022-02-22 00:00:00'),(260,234,82,'2022-02-22 00:00:00'),(279,26,27,'2022-02-22 00:00:00'),(338,237,73,'2022-02-22 00:00:00'),(383,269,96,'2022-02-22 00:00:00'),(425,100,88,'2022-02-22 00:00:00'),(429,288,23,'2022-02-22 00:00:00'),(450,56,47,'2022-02-22 00:00:00'),(458,52,54,'2022-02-22 00:00:00'),(460,165,88,'2022-02-22 00:00:00'),(498,74,71,'2022-02-22 00:00:00'),(544,252,29,'2022-02-22 00:00:00'),(560,261,16,'2022-02-22 00:00:00'),(583,163,41,'2022-02-22 00:00:00'),(111,273,78,'2022-02-23 00:00:00'),(131,254,32,'2022-02-23 00:00:00'),(166,255,38,'2022-02-23 00:00:00'),(204,284,83,'2022-02-23 00:00:00'),(211,290,100,'2022-02-23 00:00:00'),(216,221,97,'2022-02-23 00:00:00'),(230,73,47,'2022-02-23 00:00:00'),(244,337,77,'2022-02-23 00:00:00'),(245,204,20,'2022-02-23 00:00:00'),(301,278,10,'2022-02-23 00:00:00'),(333,3,53,'2022-02-23 00:00:00'),(334,269,16,'2022-02-23 00:00:00'),(342,322,94,'2022-02-23 00:00:00'),(392,294,56,'2022-02-23 00:00:00'),(395,78,77,'2022-02-23 00:00:00'),(399,188,83,'2022-02-23 00:00:00'),(402,330,93,'2022-02-23 00:00:00'),(422,323,55,'2022-02-23 00:00:00'),(425,304,28,'2022-02-23 00:00:00'),(425,176,82,'2022-02-23 00:00:00'),(436,219,59,'2022-02-23 00:00:00'),(457,266,75,'2022-02-23 00:00:00'),(466,176,57,'2022-02-23 00:00:00'),(467,33,47,'2022-02-23 00:00:00'),(545,112,11,'2022-02-23 00:00:00'),(566,168,32,'2022-02-23 00:00:00'),(575,65,8,'2022-02-23 00:00:00'),(148,36,2,'2022-02-24 00:00:00'),(196,91,32,'2022-02-24 00:00:00'),(196,224,56,'2022-02-24 00:00:00'),(197,264,90,'2022-02-24 00:00:00'),(200,273,33,'2022-02-24 00:00:00'),(215,12,64,'2022-02-24 00:00:00'),(256,238,94,'2022-02-24 00:00:00'),(288,45,60,'2022-02-24 00:00:00'),(292,219,26,'2022-02-24 00:00:00'),(295,252,22,'2022-02-24 00:00:00'),(307,149,34,'2022-02-24 00:00:00'),(319,169,80,'2022-02-24 00:00:00'),(367,74,60,'2022-02-24 00:00:00'),(397,180,11,'2022-02-24 00:00:00'),(401,187,79,'2022-02-24 00:00:00'),(422,48,2,'2022-02-24 00:00:00'),(450,18,54,'2022-02-24 00:00:00'),(458,292,90,'2022-02-24 00:00:00'),(477,296,59,'2022-02-24 00:00:00'),(495,258,45,'2022-02-24 00:00:00'),(495,348,81,'2022-02-24 00:00:00'),(498,118,69,'2022-02-24 00:00:00'),(510,311,23,'2022-02-24 00:00:00'),(540,201,98,'2022-02-24 00:00:00'),(585,257,25,'2022-02-24 00:00:00'),(596,287,67,'2022-02-24 00:00:00'),(139,114,25,'2022-02-25 00:00:00'),(140,177,32,'2022-02-25 00:00:00'),(151,170,53,'2022-02-25 00:00:00'),(171,349,85,'2022-02-25 00:00:00'),(174,94,37,'2022-02-25 00:00:00'),(188,292,50,'2022-02-25 00:00:00'),(213,61,31,'2022-02-25 00:00:00'),(237,255,2,'2022-02-25 00:00:00'),(252,42,60,'2022-02-25 00:00:00'),(300,220,67,'2022-02-25 00:00:00'),(370,318,23,'2022-02-25 00:00:00'),(391,140,49,'2022-02-25 00:00:00'),(397,110,7,'2022-02-25 00:00:00'),(424,86,89,'2022-02-25 00:00:00'),(439,332,14,'2022-02-25 00:00:00'),(490,293,95,'2022-02-25 00:00:00'),(494,244,75,'2022-02-25 00:00:00'),(501,9,62,'2022-02-25 00:00:00'),(518,320,74,'2022-02-25 00:00:00'),(591,239,40,'2022-02-25 00:00:00'),(592,292,76,'2022-02-25 00:00:00'),(117,182,39,'2022-02-26 00:00:00'),(124,322,42,'2022-02-26 00:00:00'),(149,166,53,'2022-02-26 00:00:00'),(156,125,69,'2022-02-26 00:00:00'),(306,51,67,'2022-02-26 00:00:00'),(330,74,20,'2022-02-26 00:00:00'),(330,291,68,'2022-02-26 00:00:00'),(364,285,58,'2022-02-26 00:00:00'),(408,265,52,'2022-02-26 00:00:00'),(428,261,56,'2022-02-26 00:00:00'),(458,334,71,'2022-02-26 00:00:00'),(494,331,71,'2022-02-26 00:00:00'),(532,26,66,'2022-02-26 00:00:00'),(539,193,34,'2022-02-26 00:00:00'),(582,197,74,'2022-02-26 00:00:00'),(596,136,14,'2022-02-26 00:00:00'),(113,252,76,'2022-02-27 00:00:00'),(169,223,67,'2022-02-27 00:00:00'),(176,355,76,'2022-02-27 00:00:00'),(177,285,10,'2022-02-27 00:00:00'),(193,145,28,'2022-02-27 00:00:00'),(218,42,50,'2022-02-27 00:00:00'),(261,159,70,'2022-02-27 00:00:00'),(273,136,74,'2022-02-27 00:00:00'),(278,290,45,'2022-02-27 00:00:00'),(278,238,57,'2022-02-27 00:00:00'),(291,357,91,'2022-02-27 00:00:00'),(304,39,59,'2022-02-27 00:00:00'),(305,136,24,'2022-02-27 00:00:00'),(309,308,44,'2022-02-27 00:00:00'),(340,66,29,'2022-02-27 00:00:00'),(393,59,57,'2022-02-27 00:00:00'),(399,199,53,'2022-02-27 00:00:00'),(405,251,21,'2022-02-27 00:00:00'),(414,75,89,'2022-02-27 00:00:00'),(430,38,45,'2022-02-27 00:00:00'),(515,347,84,'2022-02-27 00:00:00'),(519,274,19,'2022-02-27 00:00:00'),(550,214,32,'2022-02-27 00:00:00'),(563,176,9,'2022-02-27 00:00:00'),(578,249,49,'2022-02-27 00:00:00'),(584,339,43,'2022-02-27 00:00:00'),(592,194,68,'2022-02-27 00:00:00'),(141,225,85,'2022-02-28 00:00:00'),(163,271,41,'2022-02-28 00:00:00'),(180,181,44,'2022-02-28 00:00:00'),(268,284,60,'2022-02-28 00:00:00'),(287,352,61,'2022-02-28 00:00:00'),(288,279,61,'2022-02-28 00:00:00'),(289,207,92,'2022-02-28 00:00:00'),(314,233,18,'2022-02-28 00:00:00'),(324,348,14,'2022-02-28 00:00:00'),(345,161,53,'2022-02-28 00:00:00'),(381,31,53,'2022-02-28 00:00:00'),(455,59,43,'2022-02-28 00:00:00'),(456,1,29,'2022-02-28 00:00:00'),(460,44,59,'2022-02-28 00:00:00'),(490,286,87,'2022-02-28 00:00:00'),(507,37,64,'2022-02-28 00:00:00'),(535,307,65,'2022-02-28 00:00:00'),(129,35,68,'2022-03-01 00:00:00'),(137,114,47,'2022-03-01 00:00:00'),(139,53,12,'2022-03-01 00:00:00'),(218,135,34,'2022-03-01 00:00:00'),(252,106,32,'2022-03-01 00:00:00'),(267,156,46,'2022-03-01 00:00:00'),(276,197,71,'2022-03-01 00:00:00'),(285,127,72,'2022-03-01 00:00:00'),(297,354,57,'2022-03-01 00:00:00'),(309,109,3,'2022-03-01 00:00:00'),(359,9,87,'2022-03-01 00:00:00'),(378,208,20,'2022-03-01 00:00:00'),(457,74,59,'2022-03-01 00:00:00'),(477,219,14,'2022-03-01 00:00:00'),(479,135,12,'2022-03-01 00:00:00'),(513,49,5,'2022-03-01 00:00:00'),(528,253,30,'2022-03-01 00:00:00'),(540,176,80,'2022-03-01 00:00:00'),(569,327,20,'2022-03-01 00:00:00'),(572,91,22,'2022-03-01 00:00:00'),(583,16,33,'2022-03-01 00:00:00'),(587,54,23,'2022-03-01 00:00:00'),(109,165,3,'2022-03-02 00:00:00'),(111,24,43,'2022-03-02 00:00:00'),(131,19,3,'2022-03-02 00:00:00'),(133,54,35,'2022-03-02 00:00:00'),(154,210,51,'2022-03-02 00:00:00'),(165,160,1,'2022-03-02 00:00:00'),(178,302,31,'2022-03-02 00:00:00'),(193,228,20,'2022-03-02 00:00:00'),(221,184,80,'2022-03-02 00:00:00'),(272,177,95,'2022-03-02 00:00:00'),(276,93,42,'2022-03-02 00:00:00'),(312,254,62,'2022-03-02 00:00:00'),(315,46,86,'2022-03-02 00:00:00'),(356,66,28,'2022-03-02 00:00:00'),(357,328,91,'2022-03-02 00:00:00'),(401,259,4,'2022-03-02 00:00:00'),(434,351,41,'2022-03-02 00:00:00'),(445,153,88,'2022-03-02 00:00:00'),(471,72,15,'2022-03-02 00:00:00'),(588,179,94,'2022-03-02 00:00:00'),(593,62,100,'2022-03-02 00:00:00'),(159,353,95,'2022-03-03 00:00:00'),(163,151,55,'2022-03-03 00:00:00'),(237,269,37,'2022-03-03 00:00:00'),(254,122,19,'2022-03-03 00:00:00'),(256,133,60,'2022-03-03 00:00:00'),(258,311,21,'2022-03-03 00:00:00'),(338,41,39,'2022-03-03 00:00:00'),(360,174,88,'2022-03-03 00:00:00'),(406,246,3,'2022-03-03 00:00:00'),(417,249,30,'2022-03-03 00:00:00'),(517,305,43,'2022-03-03 00:00:00'),(526,165,49,'2022-03-03 00:00:00'),(548,229,56,'2022-03-03 00:00:00'),(551,10,14,'2022-03-03 00:00:00'),(564,223,21,'2022-03-03 00:00:00'),(595,323,90,'2022-03-03 00:00:00'),(107,59,68,'2022-03-04 00:00:00'),(129,109,42,'2022-03-04 00:00:00'),(134,254,62,'2022-03-04 00:00:00'),(134,161,66,'2022-03-04 00:00:00'),(171,165,73,'2022-03-04 00:00:00'),(199,326,2,'2022-03-04 00:00:00'),(263,15,90,'2022-03-04 00:00:00'),(266,293,27,'2022-03-04 00:00:00'),(269,201,15,'2022-03-04 00:00:00'),(295,357,92,'2022-03-04 00:00:00'),(363,224,70,'2022-03-04 00:00:00'),(365,162,41,'2022-03-04 00:00:00'),(370,317,26,'2022-03-04 00:00:00'),(371,55,1,'2022-03-04 00:00:00'),(406,151,20,'2022-03-04 00:00:00'),(421,285,72,'2022-03-04 00:00:00'),(427,8,90,'2022-03-04 00:00:00'),(464,135,54,'2022-03-04 00:00:00'),(513,345,59,'2022-03-04 00:00:00'),(517,52,33,'2022-03-04 00:00:00'),(593,207,47,'2022-03-04 00:00:00'),(102,294,84,'2022-03-05 00:00:00'),(123,274,33,'2022-03-05 00:00:00'),(149,51,69,'2022-03-05 00:00:00'),(178,104,24,'2022-03-05 00:00:00'),(191,309,91,'2022-03-05 00:00:00'),(197,55,43,'2022-03-05 00:00:00'),(198,209,11,'2022-03-05 00:00:00'),(198,129,59,'2022-03-05 00:00:00'),(226,292,56,'2022-03-05 00:00:00'),(257,158,30,'2022-03-05 00:00:00'),(259,85,68,'2022-03-05 00:00:00'),(277,95,86,'2022-03-05 00:00:00'),(318,163,72,'2022-03-05 00:00:00'),(327,102,70,'2022-03-05 00:00:00'),(341,171,67,'2022-03-05 00:00:00'),(357,95,11,'2022-03-05 00:00:00'),(365,49,98,'2022-03-05 00:00:00'),(402,229,54,'2022-03-05 00:00:00'),(404,344,72,'2022-03-05 00:00:00'),(404,185,84,'2022-03-05 00:00:00'),(464,246,88,'2022-03-05 00:00:00'),(480,9,59,'2022-03-05 00:00:00'),(518,25,65,'2022-03-05 00:00:00'),(568,141,39,'2022-03-05 00:00:00'),(573,96,77,'2022-03-05 00:00:00'),(113,66,6,'2022-03-06 00:00:00'),(166,214,83,'2022-03-06 00:00:00'),(181,11,26,'2022-03-06 00:00:00'),(204,194,4,'2022-03-06 00:00:00'),(225,110,59,'2022-03-06 00:00:00'),(225,260,63,'2022-03-06 00:00:00'),(238,231,52,'2022-03-06 00:00:00'),(259,149,38,'2022-03-06 00:00:00'),(268,249,59,'2022-03-06 00:00:00'),(333,214,36,'2022-03-06 00:00:00'),(335,37,67,'2022-03-06 00:00:00'),(344,320,46,'2022-03-06 00:00:00'),(410,190,10,'2022-03-06 00:00:00'),(441,347,21,'2022-03-06 00:00:00'),(465,199,72,'2022-03-06 00:00:00'),(510,193,50,'2022-03-06 00:00:00'),(518,116,17,'2022-03-06 00:00:00'),(539,284,44,'2022-03-06 00:00:00'),(562,347,27,'2022-03-06 00:00:00'),(567,86,35,'2022-03-06 00:00:00'),(580,250,70,'2022-03-06 00:00:00'),(583,329,98,'2022-03-06 00:00:00'),(103,239,80,'2022-03-07 00:00:00'),(106,167,57,'2022-03-07 00:00:00'),(119,304,70,'2022-03-07 00:00:00'),(156,187,18,'2022-03-07 00:00:00'),(186,178,71,'2022-03-07 00:00:00'),(195,267,97,'2022-03-07 00:00:00'),(207,259,9,'2022-03-07 00:00:00'),(225,46,79,'2022-03-07 00:00:00'),(232,155,5,'2022-03-07 00:00:00'),(249,67,6,'2022-03-07 00:00:00'),(252,56,63,'2022-03-07 00:00:00'),(270,247,12,'2022-03-07 00:00:00'),(295,50,87,'2022-03-07 00:00:00'),(335,125,55,'2022-03-07 00:00:00'),(335,21,89,'2022-03-07 00:00:00'),(350,130,18,'2022-03-07 00:00:00'),(350,186,49,'2022-03-07 00:00:00'),(362,90,97,'2022-03-07 00:00:00'),(378,194,12,'2022-03-07 00:00:00'),(388,126,53,'2022-03-07 00:00:00'),(401,58,20,'2022-03-07 00:00:00'),(435,107,66,'2022-03-07 00:00:00'),(446,352,91,'2022-03-07 00:00:00'),(474,303,35,'2022-03-07 00:00:00'),(515,214,6,'2022-03-07 00:00:00'),(522,30,85,'2022-03-07 00:00:00'),(531,310,36,'2022-03-07 00:00:00'),(535,28,45,'2022-03-07 00:00:00'),(600,322,99,'2022-03-07 00:00:00'),(116,229,38,'2022-03-08 00:00:00'),(166,314,70,'2022-03-08 00:00:00'),(174,70,94,'2022-03-08 00:00:00'),(190,71,71,'2022-03-08 00:00:00'),(195,209,25,'2022-03-08 00:00:00'),(223,313,47,'2022-03-08 00:00:00'),(228,10,22,'2022-03-08 00:00:00'),(243,321,96,'2022-03-08 00:00:00'),(247,61,38,'2022-03-08 00:00:00'),(252,22,94,'2022-03-08 00:00:00'),(273,342,20,'2022-03-08 00:00:00'),(273,228,52,'2022-03-08 00:00:00'),(337,66,92,'2022-03-08 00:00:00'),(339,134,40,'2022-03-08 00:00:00'),(386,126,21,'2022-03-08 00:00:00'),(403,190,48,'2022-03-08 00:00:00'),(431,96,32,'2022-03-08 00:00:00'),(506,249,93,'2022-03-08 00:00:00'),(519,229,63,'2022-03-08 00:00:00'),(531,291,98,'2022-03-08 00:00:00'),(553,278,69,'2022-03-08 00:00:00'),(104,235,67,'2022-03-09 00:00:00'),(110,355,90,'2022-03-09 00:00:00'),(117,146,42,'2022-03-09 00:00:00'),(128,171,20,'2022-03-09 00:00:00'),(155,334,41,'2022-03-09 00:00:00'),(156,15,70,'2022-03-09 00:00:00'),(163,224,26,'2022-03-09 00:00:00'),(171,133,31,'2022-03-09 00:00:00'),(181,150,81,'2022-03-09 00:00:00'),(198,294,21,'2022-03-09 00:00:00'),(224,107,27,'2022-03-09 00:00:00'),(247,103,50,'2022-03-09 00:00:00'),(257,304,1,'2022-03-09 00:00:00'),(269,355,27,'2022-03-09 00:00:00'),(270,218,27,'2022-03-09 00:00:00'),(288,269,47,'2022-03-09 00:00:00'),(344,259,21,'2022-03-09 00:00:00'),(392,269,6,'2022-03-09 00:00:00'),(409,118,34,'2022-03-09 00:00:00'),(441,142,17,'2022-03-09 00:00:00'),(488,86,28,'2022-03-09 00:00:00'),(490,102,79,'2022-03-09 00:00:00'),(510,352,80,'2022-03-09 00:00:00'),(534,118,79,'2022-03-09 00:00:00'),(573,204,21,'2022-03-09 00:00:00'),(115,61,46,'2022-03-10 00:00:00'),(128,187,71,'2022-03-10 00:00:00'),(149,4,5,'2022-03-10 00:00:00'),(183,5,33,'2022-03-10 00:00:00'),(185,29,100,'2022-03-10 00:00:00'),(186,273,57,'2022-03-10 00:00:00'),(191,66,53,'2022-03-10 00:00:00'),(218,70,28,'2022-03-10 00:00:00'),(228,93,47,'2022-03-10 00:00:00'),(229,337,64,'2022-03-10 00:00:00'),(247,180,53,'2022-03-10 00:00:00'),(250,343,82,'2022-03-10 00:00:00'),(298,50,98,'2022-03-10 00:00:00'),(367,301,92,'2022-03-10 00:00:00'),(386,112,70,'2022-03-10 00:00:00'),(397,264,73,'2022-03-10 00:00:00'),(406,250,12,'2022-03-10 00:00:00'),(409,73,39,'2022-03-10 00:00:00'),(597,145,74,'2022-03-10 00:00:00'),(111,332,44,'2022-03-11 00:00:00'),(119,60,99,'2022-03-11 00:00:00'),(136,16,37,'2022-03-11 00:00:00'),(142,341,38,'2022-03-11 00:00:00'),(168,49,4,'2022-03-11 00:00:00'),(208,95,8,'2022-03-11 00:00:00'),(218,109,51,'2022-03-11 00:00:00'),(234,21,83,'2022-03-11 00:00:00'),(235,184,3,'2022-03-11 00:00:00'),(274,140,7,'2022-03-11 00:00:00'),(278,91,68,'2022-03-11 00:00:00'),(299,299,99,'2022-03-11 00:00:00'),(300,215,17,'2022-03-11 00:00:00'),(314,313,93,'2022-03-11 00:00:00'),(372,256,71,'2022-03-11 00:00:00'),(393,299,81,'2022-03-11 00:00:00'),(436,13,60,'2022-03-11 00:00:00'),(487,356,76,'2022-03-11 00:00:00'),(492,310,15,'2022-03-11 00:00:00'),(524,75,88,'2022-03-11 00:00:00'),(566,144,31,'2022-03-11 00:00:00'),(587,154,60,'2022-03-11 00:00:00'),(595,221,55,'2022-03-11 00:00:00'),(114,286,6,'2022-03-12 00:00:00'),(131,303,29,'2022-03-12 00:00:00'),(143,245,23,'2022-03-12 00:00:00'),(165,190,67,'2022-03-12 00:00:00'),(170,310,47,'2022-03-12 00:00:00'),(183,5,83,'2022-03-12 00:00:00'),(187,151,38,'2022-03-12 00:00:00'),(218,82,83,'2022-03-12 00:00:00'),(259,24,33,'2022-03-12 00:00:00'),(337,179,91,'2022-03-12 00:00:00'),(423,133,19,'2022-03-12 00:00:00'),(466,204,38,'2022-03-12 00:00:00'),(488,349,73,'2022-03-12 00:00:00'),(499,69,81,'2022-03-12 00:00:00'),(502,302,13,'2022-03-12 00:00:00'),(507,24,99,'2022-03-12 00:00:00'),(513,110,50,'2022-03-12 00:00:00'),(545,159,48,'2022-03-12 00:00:00'),(572,339,32,'2022-03-12 00:00:00'),(585,161,16,'2022-03-12 00:00:00'),(107,215,33,'2022-03-13 00:00:00'),(121,245,82,'2022-03-13 00:00:00'),(172,163,80,'2022-03-13 00:00:00'),(174,155,44,'2022-03-13 00:00:00'),(211,299,67,'2022-03-13 00:00:00'),(222,33,26,'2022-03-13 00:00:00'),(238,342,36,'2022-03-13 00:00:00'),(238,58,100,'2022-03-13 00:00:00'),(240,346,96,'2022-03-13 00:00:00'),(263,159,62,'2022-03-13 00:00:00'),(265,67,81,'2022-03-13 00:00:00'),(267,324,40,'2022-03-13 00:00:00'),(273,220,58,'2022-03-13 00:00:00'),(292,166,36,'2022-03-13 00:00:00'),(308,198,32,'2022-03-13 00:00:00'),(327,252,90,'2022-03-13 00:00:00'),(368,266,32,'2022-03-13 00:00:00'),(411,146,59,'2022-03-13 00:00:00'),(425,6,89,'2022-03-13 00:00:00'),(455,40,77,'2022-03-13 00:00:00'),(457,308,52,'2022-03-13 00:00:00'),(525,192,4,'2022-03-13 00:00:00'),(527,68,80,'2022-03-13 00:00:00'),(536,23,35,'2022-03-13 00:00:00'),(163,237,91,'2022-03-14 00:00:00'),(239,316,56,'2022-03-14 00:00:00'),(243,9,52,'2022-03-14 00:00:00'),(275,295,34,'2022-03-14 00:00:00'),(289,6,30,'2022-03-14 00:00:00'),(360,138,63,'2022-03-14 00:00:00'),(362,337,59,'2022-03-14 00:00:00'),(366,85,14,'2022-03-14 00:00:00'),(370,122,14,'2022-03-14 00:00:00'),(436,1,90,'2022-03-14 00:00:00'),(455,53,13,'2022-03-14 00:00:00'),(586,132,86,'2022-03-14 00:00:00'),(103,198,81,'2022-03-15 00:00:00'),(124,114,34,'2022-03-15 00:00:00'),(124,312,69,'2022-03-15 00:00:00'),(144,238,8,'2022-03-15 00:00:00'),(156,54,70,'2022-03-15 00:00:00'),(182,173,44,'2022-03-15 00:00:00'),(194,180,39,'2022-03-15 00:00:00'),(259,91,64,'2022-03-15 00:00:00'),(282,143,65,'2022-03-15 00:00:00'),(282,235,72,'2022-03-15 00:00:00'),(294,113,4,'2022-03-15 00:00:00'),(307,40,79,'2022-03-15 00:00:00'),(394,8,76,'2022-03-15 00:00:00'),(409,163,29,'2022-03-15 00:00:00'),(483,242,15,'2022-03-15 00:00:00'),(500,283,72,'2022-03-15 00:00:00'),(509,46,62,'2022-03-15 00:00:00'),(551,242,88,'2022-03-15 00:00:00'),(560,247,63,'2022-03-15 00:00:00'),(598,202,69,'2022-03-15 00:00:00'),(103,307,16,'2022-03-16 00:00:00'),(104,101,57,'2022-03-16 00:00:00'),(157,147,93,'2022-03-16 00:00:00'),(162,113,46,'2022-03-16 00:00:00'),(167,205,21,'2022-03-16 00:00:00'),(194,305,100,'2022-03-16 00:00:00'),(199,250,52,'2022-03-16 00:00:00'),(204,265,63,'2022-03-16 00:00:00'),(239,322,53,'2022-03-16 00:00:00'),(251,204,15,'2022-03-16 00:00:00'),(291,185,83,'2022-03-16 00:00:00'),(295,266,24,'2022-03-16 00:00:00'),(318,225,40,'2022-03-16 00:00:00'),(332,337,49,'2022-03-16 00:00:00'),(334,325,35,'2022-03-16 00:00:00'),(335,145,40,'2022-03-16 00:00:00'),(336,232,55,'2022-03-16 00:00:00'),(340,276,18,'2022-03-16 00:00:00'),(362,269,21,'2022-03-16 00:00:00'),(364,342,43,'2022-03-16 00:00:00'),(433,114,48,'2022-03-16 00:00:00'),(441,297,21,'2022-03-16 00:00:00'),(447,320,51,'2022-03-16 00:00:00'),(462,62,69,'2022-03-16 00:00:00'),(482,333,43,'2022-03-16 00:00:00'),(511,38,49,'2022-03-16 00:00:00'),(544,243,35,'2022-03-16 00:00:00'),(566,160,84,'2022-03-16 00:00:00'),(573,335,100,'2022-03-16 00:00:00'),(127,227,97,'2022-03-17 00:00:00'),(165,159,58,'2022-03-17 00:00:00'),(173,149,28,'2022-03-17 00:00:00'),(236,76,39,'2022-03-17 00:00:00'),(260,280,34,'2022-03-17 00:00:00'),(309,125,28,'2022-03-17 00:00:00'),(331,359,17,'2022-03-17 00:00:00'),(356,341,38,'2022-03-17 00:00:00'),(358,84,21,'2022-03-17 00:00:00'),(427,336,5,'2022-03-17 00:00:00'),(448,51,39,'2022-03-17 00:00:00'),(452,181,82,'2022-03-17 00:00:00'),(510,306,42,'2022-03-17 00:00:00'),(528,211,19,'2022-03-17 00:00:00'),(554,111,10,'2022-03-17 00:00:00'),(114,17,100,'2022-03-18 00:00:00'),(142,263,20,'2022-03-18 00:00:00'),(153,311,23,'2022-03-18 00:00:00'),(155,95,43,'2022-03-18 00:00:00'),(190,10,50,'2022-03-18 00:00:00'),(197,302,65,'2022-03-18 00:00:00'),(227,126,13,'2022-03-18 00:00:00'),(251,358,54,'2022-03-18 00:00:00'),(285,227,51,'2022-03-18 00:00:00'),(311,186,15,'2022-03-18 00:00:00'),(316,300,46,'2022-03-18 00:00:00'),(332,102,15,'2022-03-18 00:00:00'),(359,357,32,'2022-03-18 00:00:00'),(374,353,14,'2022-03-18 00:00:00'),(399,82,57,'2022-03-18 00:00:00'),(419,11,36,'2022-03-18 00:00:00'),(431,314,41,'2022-03-18 00:00:00'),(434,240,86,'2022-03-18 00:00:00'),(457,175,60,'2022-03-18 00:00:00'),(461,149,87,'2022-03-18 00:00:00'),(489,166,44,'2022-03-18 00:00:00'),(497,97,85,'2022-03-18 00:00:00'),(539,126,36,'2022-03-18 00:00:00'),(546,56,57,'2022-03-18 00:00:00'),(151,187,62,'2022-03-19 00:00:00'),(153,48,89,'2022-03-19 00:00:00'),(164,270,7,'2022-03-19 00:00:00'),(223,190,51,'2022-03-19 00:00:00'),(286,101,81,'2022-03-19 00:00:00'),(305,263,84,'2022-03-19 00:00:00'),(316,18,98,'2022-03-19 00:00:00'),(320,238,6,'2022-03-19 00:00:00'),(378,52,2,'2022-03-19 00:00:00'),(407,340,27,'2022-03-19 00:00:00'),(426,56,46,'2022-03-19 00:00:00'),(429,322,13,'2022-03-19 00:00:00'),(479,223,17,'2022-03-19 00:00:00'),(502,54,32,'2022-03-19 00:00:00'),(517,273,68,'2022-03-19 00:00:00'),(534,205,63,'2022-03-19 00:00:00'),(578,132,90,'2022-03-19 00:00:00'),(587,118,95,'2022-03-19 00:00:00'),(115,146,91,'2022-03-20 00:00:00'),(204,22,86,'2022-03-20 00:00:00'),(208,123,1,'2022-03-20 00:00:00'),(233,206,37,'2022-03-20 00:00:00'),(265,88,8,'2022-03-20 00:00:00'),(307,57,27,'2022-03-20 00:00:00'),(316,224,99,'2022-03-20 00:00:00'),(317,346,38,'2022-03-20 00:00:00'),(358,123,25,'2022-03-20 00:00:00'),(376,283,1,'2022-03-20 00:00:00'),(385,107,19,'2022-03-20 00:00:00'),(395,100,8,'2022-03-20 00:00:00'),(410,43,9,'2022-03-20 00:00:00'),(429,158,83,'2022-03-20 00:00:00'),(432,61,25,'2022-03-20 00:00:00'),(452,107,8,'2022-03-20 00:00:00'),(452,204,37,'2022-03-20 00:00:00'),(494,348,25,'2022-03-20 00:00:00'),(500,340,8,'2022-03-20 00:00:00'),(511,324,100,'2022-03-20 00:00:00'),(516,5,39,'2022-03-20 00:00:00'),(522,239,62,'2022-03-20 00:00:00'),(554,237,32,'2022-03-20 00:00:00'),(583,272,81,'2022-03-20 00:00:00'),(124,353,88,'2022-03-21 00:00:00'),(132,165,90,'2022-03-21 00:00:00'),(177,228,9,'2022-03-21 00:00:00'),(240,344,88,'2022-03-21 00:00:00'),(253,100,17,'2022-03-21 00:00:00'),(267,295,23,'2022-03-21 00:00:00'),(300,80,44,'2022-03-21 00:00:00'),(346,141,67,'2022-03-21 00:00:00'),(388,100,8,'2022-03-21 00:00:00'),(505,118,37,'2022-03-21 00:00:00'),(508,200,53,'2022-03-21 00:00:00'),(553,84,69,'2022-03-21 00:00:00'),(561,285,4,'2022-03-21 00:00:00'),(562,111,24,'2022-03-21 00:00:00'),(573,134,43,'2022-03-21 00:00:00'),(575,51,60,'2022-03-21 00:00:00'),(589,310,88,'2022-03-21 00:00:00'),(119,355,17,'2022-03-22 00:00:00'),(165,19,92,'2022-03-22 00:00:00'),(227,167,39,'2022-03-22 00:00:00'),(240,94,70,'2022-03-22 00:00:00'),(255,311,61,'2022-03-22 00:00:00'),(282,62,96,'2022-03-22 00:00:00'),(320,286,75,'2022-03-22 00:00:00'),(333,204,52,'2022-03-22 00:00:00'),(390,180,30,'2022-03-22 00:00:00'),(391,54,72,'2022-03-22 00:00:00'),(394,65,5,'2022-03-22 00:00:00'),(418,317,74,'2022-03-22 00:00:00'),(434,315,1,'2022-03-22 00:00:00'),(439,336,80,'2022-03-22 00:00:00'),(505,103,72,'2022-03-22 00:00:00'),(519,17,43,'2022-03-22 00:00:00'),(544,198,34,'2022-03-22 00:00:00'),(552,82,26,'2022-03-22 00:00:00'),(108,67,70,'2022-03-23 00:00:00'),(118,145,22,'2022-03-23 00:00:00'),(119,199,92,'2022-03-23 00:00:00'),(133,287,49,'2022-03-23 00:00:00'),(154,99,1,'2022-03-23 00:00:00'),(167,91,98,'2022-03-23 00:00:00'),(175,320,5,'2022-03-23 00:00:00'),(196,113,75,'2022-03-23 00:00:00'),(227,303,67,'2022-03-23 00:00:00'),(248,352,84,'2022-03-23 00:00:00'),(286,16,15,'2022-03-23 00:00:00'),(339,306,51,'2022-03-23 00:00:00'),(411,333,57,'2022-03-23 00:00:00'),(414,77,26,'2022-03-23 00:00:00'),(441,11,16,'2022-03-23 00:00:00'),(510,85,100,'2022-03-23 00:00:00'),(525,145,10,'2022-03-23 00:00:00'),(528,269,53,'2022-03-23 00:00:00'),(162,172,75,'2022-03-24 00:00:00'),(224,209,63,'2022-03-24 00:00:00'),(239,142,58,'2022-03-24 00:00:00'),(264,326,34,'2022-03-24 00:00:00'),(272,308,98,'2022-03-24 00:00:00'),(325,229,35,'2022-03-24 00:00:00'),(371,67,30,'2022-03-24 00:00:00'),(378,47,13,'2022-03-24 00:00:00'),(453,247,66,'2022-03-24 00:00:00'),(456,134,2,'2022-03-24 00:00:00'),(539,258,74,'2022-03-24 00:00:00'),(547,255,90,'2022-03-24 00:00:00'),(583,191,28,'2022-03-24 00:00:00'),(587,78,12,'2022-03-24 00:00:00'),(588,292,49,'2022-03-24 00:00:00'),(104,153,20,'2022-03-25 00:00:00'),(128,162,46,'2022-03-25 00:00:00'),(133,228,24,'2022-03-25 00:00:00'),(209,6,94,'2022-03-25 00:00:00'),(215,155,59,'2022-03-25 00:00:00'),(216,254,40,'2022-03-25 00:00:00'),(310,300,93,'2022-03-25 00:00:00'),(318,65,24,'2022-03-25 00:00:00'),(334,74,79,'2022-03-25 00:00:00'),(335,253,98,'2022-03-25 00:00:00'),(343,207,63,'2022-03-25 00:00:00'),(362,38,53,'2022-03-25 00:00:00'),(375,211,12,'2022-03-25 00:00:00'),(375,286,35,'2022-03-25 00:00:00'),(382,228,18,'2022-03-25 00:00:00'),(407,98,1,'2022-03-25 00:00:00'),(435,255,25,'2022-03-25 00:00:00'),(436,78,75,'2022-03-25 00:00:00'),(482,232,44,'2022-03-25 00:00:00'),(492,190,30,'2022-03-25 00:00:00'),(518,307,63,'2022-03-25 00:00:00'),(550,139,61,'2022-03-25 00:00:00'),(558,43,94,'2022-03-25 00:00:00'),(583,272,84,'2022-03-25 00:00:00'),(584,141,83,'2022-03-25 00:00:00'),(105,329,49,'2022-03-26 00:00:00'),(109,9,82,'2022-03-26 00:00:00'),(152,350,28,'2022-03-26 00:00:00'),(183,161,20,'2022-03-26 00:00:00'),(214,57,66,'2022-03-26 00:00:00'),(226,273,83,'2022-03-26 00:00:00'),(227,251,33,'2022-03-26 00:00:00'),(228,297,5,'2022-03-26 00:00:00'),(299,24,4,'2022-03-26 00:00:00'),(308,150,91,'2022-03-26 00:00:00'),(316,297,15,'2022-03-26 00:00:00'),(333,341,63,'2022-03-26 00:00:00'),(333,151,65,'2022-03-26 00:00:00'),(346,316,66,'2022-03-26 00:00:00'),(351,189,11,'2022-03-26 00:00:00'),(425,301,96,'2022-03-26 00:00:00'),(428,194,55,'2022-03-26 00:00:00'),(451,232,35,'2022-03-26 00:00:00'),(460,322,1,'2022-03-26 00:00:00'),(492,95,31,'2022-03-26 00:00:00'),(495,34,14,'2022-03-26 00:00:00'),(510,31,7,'2022-03-26 00:00:00'),(526,23,8,'2022-03-26 00:00:00'),(538,90,80,'2022-03-26 00:00:00'),(544,358,53,'2022-03-26 00:00:00'),(548,72,14,'2022-03-26 00:00:00'),(550,261,67,'2022-03-26 00:00:00'),(565,270,58,'2022-03-26 00:00:00'),(567,179,75,'2022-03-26 00:00:00'),(123,245,81,'2022-03-27 00:00:00'),(125,18,46,'2022-03-27 00:00:00'),(131,232,30,'2022-03-27 00:00:00'),(160,154,76,'2022-03-27 00:00:00'),(195,87,55,'2022-03-27 00:00:00'),(214,328,10,'2022-03-27 00:00:00'),(224,330,48,'2022-03-27 00:00:00'),(259,310,55,'2022-03-27 00:00:00'),(268,210,18,'2022-03-27 00:00:00'),(270,303,57,'2022-03-27 00:00:00'),(292,196,64,'2022-03-27 00:00:00'),(371,243,91,'2022-03-27 00:00:00'),(387,124,26,'2022-03-27 00:00:00'),(387,248,66,'2022-03-27 00:00:00'),(408,70,65,'2022-03-27 00:00:00'),(431,250,93,'2022-03-27 00:00:00'),(466,294,7,'2022-03-27 00:00:00'),(526,179,14,'2022-03-27 00:00:00'),(568,147,51,'2022-03-27 00:00:00'),(598,16,31,'2022-03-27 00:00:00'),(130,246,42,'2022-03-28 00:00:00'),(131,31,63,'2022-03-28 00:00:00'),(165,263,81,'2022-03-28 00:00:00'),(178,158,44,'2022-03-28 00:00:00'),(178,235,98,'2022-03-28 00:00:00'),(189,165,38,'2022-03-28 00:00:00'),(195,223,59,'2022-03-28 00:00:00'),(214,154,34,'2022-03-28 00:00:00'),(221,358,5,'2022-03-28 00:00:00'),(231,119,58,'2022-03-28 00:00:00'),(285,178,76,'2022-03-28 00:00:00'),(298,307,37,'2022-03-28 00:00:00'),(315,200,93,'2022-03-28 00:00:00'),(360,206,32,'2022-03-28 00:00:00'),(402,115,93,'2022-03-28 00:00:00'),(427,275,28,'2022-03-28 00:00:00'),(447,280,17,'2022-03-28 00:00:00'),(450,352,91,'2022-03-28 00:00:00'),(486,294,43,'2022-03-28 00:00:00'),(522,356,16,'2022-03-28 00:00:00'),(525,12,34,'2022-03-28 00:00:00'),(540,65,23,'2022-03-28 00:00:00'),(554,133,39,'2022-03-28 00:00:00'),(559,334,38,'2022-03-28 00:00:00'),(574,60,48,'2022-03-28 00:00:00'),(105,310,97,'2022-03-29 00:00:00'),(129,118,60,'2022-03-29 00:00:00'),(158,143,39,'2022-03-29 00:00:00'),(173,265,64,'2022-03-29 00:00:00'),(176,18,85,'2022-03-29 00:00:00'),(181,156,28,'2022-03-29 00:00:00'),(189,182,50,'2022-03-29 00:00:00'),(229,176,71,'2022-03-29 00:00:00'),(237,272,51,'2022-03-29 00:00:00'),(289,319,71,'2022-03-29 00:00:00'),(333,280,80,'2022-03-29 00:00:00'),(338,116,87,'2022-03-29 00:00:00'),(407,281,18,'2022-03-29 00:00:00'),(419,348,33,'2022-03-29 00:00:00'),(420,218,79,'2022-03-29 00:00:00'),(420,108,82,'2022-03-29 00:00:00'),(423,48,88,'2022-03-29 00:00:00'),(436,113,89,'2022-03-29 00:00:00'),(437,243,81,'2022-03-29 00:00:00'),(439,295,19,'2022-03-29 00:00:00'),(490,176,68,'2022-03-29 00:00:00'),(543,48,17,'2022-03-29 00:00:00'),(551,105,35,'2022-03-29 00:00:00'),(565,94,33,'2022-03-29 00:00:00'),(104,169,92,'2022-03-30 00:00:00'),(125,63,16,'2022-03-30 00:00:00'),(140,41,83,'2022-03-30 00:00:00'),(171,112,40,'2022-03-30 00:00:00'),(200,137,23,'2022-03-30 00:00:00'),(206,63,74,'2022-03-30 00:00:00'),(218,348,76,'2022-03-30 00:00:00'),(232,116,2,'2022-03-30 00:00:00'),(243,214,78,'2022-03-30 00:00:00'),(251,105,59,'2022-03-30 00:00:00'),(255,85,86,'2022-03-30 00:00:00'),(391,14,24,'2022-03-30 00:00:00'),(479,339,34,'2022-03-30 00:00:00'),(504,92,96,'2022-03-30 00:00:00'),(545,121,25,'2022-03-30 00:00:00'),(581,17,18,'2022-03-30 00:00:00'),(583,158,65,'2022-03-30 00:00:00'),(131,81,35,'2022-03-31 00:00:00'),(141,336,66,'2022-03-31 00:00:00'),(156,142,95,'2022-03-31 00:00:00'),(162,221,8,'2022-03-31 00:00:00'),(185,243,38,'2022-03-31 00:00:00'),(205,306,84,'2022-03-31 00:00:00'),(216,145,61,'2022-03-31 00:00:00'),(271,196,81,'2022-03-31 00:00:00'),(272,233,8,'2022-03-31 00:00:00'),(284,17,97,'2022-03-31 00:00:00'),(302,193,98,'2022-03-31 00:00:00'),(314,199,44,'2022-03-31 00:00:00'),(315,46,87,'2022-03-31 00:00:00'),(330,214,21,'2022-03-31 00:00:00'),(341,17,32,'2022-03-31 00:00:00'),(370,165,76,'2022-03-31 00:00:00'),(401,194,98,'2022-03-31 00:00:00'),(409,148,17,'2022-03-31 00:00:00'),(436,247,55,'2022-03-31 00:00:00'),(439,352,43,'2022-03-31 00:00:00'),(473,152,55,'2022-03-31 00:00:00'),(487,145,61,'2022-03-31 00:00:00'),(489,175,78,'2022-03-31 00:00:00'),(490,91,30,'2022-03-31 00:00:00'),(494,206,81,'2022-03-31 00:00:00'),(522,4,95,'2022-03-31 00:00:00'),(554,154,91,'2022-03-31 00:00:00'),(575,275,9,'2022-03-31 00:00:00'),(579,314,30,'2022-03-31 00:00:00'),(589,158,31,'2022-03-31 00:00:00'),(594,200,78,'2022-03-31 00:00:00'),(116,46,68,'2022-04-01 00:00:00'),(136,74,100,'2022-04-01 00:00:00'),(171,91,10,'2022-04-01 00:00:00'),(212,267,16,'2022-04-01 00:00:00'),(217,51,64,'2022-04-01 00:00:00'),(251,337,86,'2022-04-01 00:00:00'),(295,75,22,'2022-04-01 00:00:00'),(310,111,87,'2022-04-01 00:00:00'),(334,266,64,'2022-04-01 00:00:00'),(406,19,88,'2022-04-01 00:00:00'),(416,96,16,'2022-04-01 00:00:00'),(483,42,57,'2022-04-01 00:00:00'),(496,75,84,'2022-04-01 00:00:00'),(513,1,99,'2022-04-01 00:00:00'),(520,248,68,'2022-04-01 00:00:00'),(536,112,97,'2022-04-01 00:00:00'),(544,72,6,'2022-04-01 00:00:00'),(554,318,38,'2022-04-01 00:00:00'),(578,86,51,'2022-04-01 00:00:00'),(596,280,6,'2022-04-01 00:00:00'),(597,156,95,'2022-04-01 00:00:00'),(175,140,31,'2022-04-02 00:00:00'),(209,254,71,'2022-04-02 00:00:00'),(328,297,80,'2022-04-02 00:00:00'),(356,165,48,'2022-04-02 00:00:00'),(383,32,34,'2022-04-02 00:00:00'),(400,203,51,'2022-04-02 00:00:00'),(450,127,20,'2022-04-02 00:00:00'),(468,30,61,'2022-04-02 00:00:00'),(524,92,53,'2022-04-02 00:00:00'),(541,145,97,'2022-04-02 00:00:00'),(103,84,24,'2022-04-03 00:00:00'),(119,308,36,'2022-04-03 00:00:00'),(147,278,47,'2022-04-03 00:00:00'),(160,89,46,'2022-04-03 00:00:00'),(174,295,90,'2022-04-03 00:00:00'),(200,273,59,'2022-04-03 00:00:00'),(226,256,59,'2022-04-03 00:00:00'),(229,314,27,'2022-04-03 00:00:00'),(263,184,64,'2022-04-03 00:00:00'),(303,6,28,'2022-04-03 00:00:00'),(315,24,26,'2022-04-03 00:00:00'),(328,100,40,'2022-04-03 00:00:00'),(341,181,74,'2022-04-03 00:00:00'),(364,165,23,'2022-04-03 00:00:00'),(394,301,98,'2022-04-03 00:00:00'),(511,348,42,'2022-04-03 00:00:00'),(535,61,23,'2022-04-03 00:00:00'),(550,327,59,'2022-04-03 00:00:00'),(557,269,93,'2022-04-03 00:00:00'),(563,283,40,'2022-04-03 00:00:00'),(577,260,11,'2022-04-03 00:00:00'),(579,117,98,'2022-04-03 00:00:00'),(582,254,42,'2022-04-03 00:00:00'),(103,168,98,'2022-04-04 00:00:00'),(107,18,78,'2022-04-04 00:00:00'),(113,215,52,'2022-04-04 00:00:00'),(131,332,23,'2022-04-04 00:00:00'),(177,30,92,'2022-04-04 00:00:00'),(191,14,6,'2022-04-04 00:00:00'),(208,175,19,'2022-04-04 00:00:00'),(212,293,67,'2022-04-04 00:00:00'),(220,193,92,'2022-04-04 00:00:00'),(234,320,72,'2022-04-04 00:00:00'),(272,338,22,'2022-04-04 00:00:00'),(276,334,88,'2022-04-04 00:00:00'),(305,297,30,'2022-04-04 00:00:00'),(319,54,9,'2022-04-04 00:00:00'),(336,194,63,'2022-04-04 00:00:00'),(360,58,29,'2022-04-04 00:00:00'),(364,259,21,'2022-04-04 00:00:00'),(364,169,57,'2022-04-04 00:00:00'),(367,258,82,'2022-04-04 00:00:00'),(416,136,28,'2022-04-04 00:00:00'),(437,59,54,'2022-04-04 00:00:00'),(439,222,95,'2022-04-04 00:00:00'),(449,324,67,'2022-04-04 00:00:00'),(495,16,77,'2022-04-04 00:00:00'),(505,209,91,'2022-04-04 00:00:00'),(524,200,1,'2022-04-04 00:00:00'),(569,335,97,'2022-04-04 00:00:00'),(594,90,34,'2022-04-04 00:00:00'),(107,233,15,'2022-04-05 00:00:00'),(118,321,65,'2022-04-05 00:00:00'),(125,318,96,'2022-04-05 00:00:00'),(138,82,62,'2022-04-05 00:00:00'),(162,166,14,'2022-04-05 00:00:00'),(226,232,35,'2022-04-05 00:00:00'),(258,286,76,'2022-04-05 00:00:00'),(269,95,51,'2022-04-05 00:00:00'),(286,286,66,'2022-04-05 00:00:00'),(401,220,83,'2022-04-05 00:00:00'),(466,237,88,'2022-04-05 00:00:00'),(490,92,29,'2022-04-05 00:00:00'),(504,315,63,'2022-04-05 00:00:00'),(525,33,42,'2022-04-05 00:00:00'),(581,42,44,'2022-04-05 00:00:00'),(120,28,87,'2022-04-06 00:00:00'),(121,343,88,'2022-04-06 00:00:00'),(135,226,73,'2022-04-06 00:00:00'),(177,92,17,'2022-04-06 00:00:00'),(194,92,99,'2022-04-06 00:00:00'),(214,271,97,'2022-04-06 00:00:00'),(321,177,40,'2022-04-06 00:00:00'),(343,42,27,'2022-04-06 00:00:00'),(376,12,11,'2022-04-06 00:00:00'),(403,183,71,'2022-04-06 00:00:00'),(407,109,18,'2022-04-06 00:00:00'),(418,18,97,'2022-04-06 00:00:00'),(433,339,88,'2022-04-06 00:00:00'),(437,68,31,'2022-04-06 00:00:00'),(439,110,7,'2022-04-06 00:00:00'),(462,94,100,'2022-04-06 00:00:00'),(507,40,55,'2022-04-06 00:00:00'),(516,269,47,'2022-04-06 00:00:00'),(535,198,93,'2022-04-06 00:00:00'),(545,32,38,'2022-04-06 00:00:00'),(552,298,18,'2022-04-06 00:00:00'),(577,123,46,'2022-04-06 00:00:00'),(181,140,32,'2022-04-07 00:00:00'),(240,337,48,'2022-04-07 00:00:00'),(288,218,93,'2022-04-07 00:00:00'),(290,41,51,'2022-04-07 00:00:00'),(296,277,3,'2022-04-07 00:00:00'),(300,177,27,'2022-04-07 00:00:00'),(352,292,18,'2022-04-07 00:00:00'),(441,97,53,'2022-04-07 00:00:00'),(459,88,22,'2022-04-07 00:00:00'),(485,223,62,'2022-04-07 00:00:00'),(538,93,26,'2022-04-07 00:00:00'),(543,79,3,'2022-04-07 00:00:00'),(579,69,50,'2022-04-07 00:00:00'),(593,245,84,'2022-04-07 00:00:00'),(130,148,31,'2022-04-08 00:00:00'),(139,133,12,'2022-04-08 00:00:00'),(168,263,45,'2022-04-08 00:00:00'),(183,134,85,'2022-04-08 00:00:00'),(206,256,95,'2022-04-08 00:00:00'),(223,244,33,'2022-04-08 00:00:00'),(227,119,12,'2022-04-08 00:00:00'),(262,109,37,'2022-04-08 00:00:00'),(287,294,12,'2022-04-08 00:00:00'),(308,31,74,'2022-04-08 00:00:00'),(313,342,51,'2022-04-08 00:00:00'),(320,295,84,'2022-04-08 00:00:00'),(346,24,7,'2022-04-08 00:00:00'),(373,22,12,'2022-04-08 00:00:00'),(422,130,62,'2022-04-08 00:00:00'),(487,44,48,'2022-04-08 00:00:00'),(518,183,48,'2022-04-08 00:00:00'),(531,284,35,'2022-04-08 00:00:00'),(567,344,66,'2022-04-08 00:00:00'),(591,329,18,'2022-04-08 00:00:00'),(119,263,96,'2022-04-09 00:00:00'),(131,14,18,'2022-04-09 00:00:00'),(140,98,68,'2022-04-09 00:00:00'),(151,9,99,'2022-04-09 00:00:00'),(168,192,10,'2022-04-09 00:00:00'),(170,294,26,'2022-04-09 00:00:00'),(174,88,43,'2022-04-09 00:00:00'),(179,263,70,'2022-04-09 00:00:00'),(190,274,84,'2022-04-09 00:00:00'),(198,325,54,'2022-04-09 00:00:00'),(219,112,56,'2022-04-09 00:00:00'),(220,39,86,'2022-04-09 00:00:00'),(224,207,41,'2022-04-09 00:00:00'),(229,72,69,'2022-04-09 00:00:00'),(236,66,67,'2022-04-09 00:00:00'),(252,72,86,'2022-04-09 00:00:00'),(262,128,54,'2022-04-09 00:00:00'),(262,288,73,'2022-04-09 00:00:00'),(277,88,20,'2022-04-09 00:00:00'),(291,28,16,'2022-04-09 00:00:00'),(320,110,78,'2022-04-09 00:00:00'),(323,305,13,'2022-04-09 00:00:00'),(348,318,18,'2022-04-09 00:00:00'),(418,90,18,'2022-04-09 00:00:00'),(485,45,89,'2022-04-09 00:00:00'),(511,197,97,'2022-04-09 00:00:00'),(520,144,27,'2022-04-09 00:00:00'),(525,198,32,'2022-04-09 00:00:00'),(546,139,13,'2022-04-09 00:00:00'),(569,221,81,'2022-04-09 00:00:00'),(127,260,96,'2022-04-10 00:00:00'),(159,156,37,'2022-04-10 00:00:00'),(208,289,29,'2022-04-10 00:00:00'),(211,50,36,'2022-04-10 00:00:00'),(216,152,30,'2022-04-10 00:00:00'),(227,29,99,'2022-04-10 00:00:00'),(237,37,14,'2022-04-10 00:00:00'),(247,264,56,'2022-04-10 00:00:00'),(267,293,61,'2022-04-10 00:00:00'),(277,138,91,'2022-04-10 00:00:00'),(301,111,86,'2022-04-10 00:00:00'),(333,108,14,'2022-04-10 00:00:00'),(344,122,10,'2022-04-10 00:00:00'),(349,1,33,'2022-04-10 00:00:00'),(357,204,74,'2022-04-10 00:00:00'),(364,9,88,'2022-04-10 00:00:00'),(423,236,49,'2022-04-10 00:00:00'),(443,9,34,'2022-04-10 00:00:00'),(451,281,47,'2022-04-10 00:00:00'),(536,29,14,'2022-04-10 00:00:00'),(590,72,69,'2022-04-10 00:00:00'),(592,177,92,'2022-04-10 00:00:00'),(142,330,54,'2022-04-11 00:00:00'),(161,266,50,'2022-04-11 00:00:00'),(165,358,78,'2022-04-11 00:00:00'),(181,339,82,'2022-04-11 00:00:00'),(185,214,54,'2022-04-11 00:00:00'),(238,2,32,'2022-04-11 00:00:00'),(274,142,40,'2022-04-11 00:00:00'),(300,157,60,'2022-04-11 00:00:00'),(301,96,65,'2022-04-11 00:00:00'),(311,308,2,'2022-04-11 00:00:00'),(370,34,45,'2022-04-11 00:00:00'),(390,162,14,'2022-04-11 00:00:00'),(393,350,5,'2022-04-11 00:00:00'),(404,34,55,'2022-04-11 00:00:00'),(413,6,23,'2022-04-11 00:00:00'),(439,9,65,'2022-04-11 00:00:00'),(485,144,92,'2022-04-11 00:00:00'),(491,201,70,'2022-04-11 00:00:00'),(493,240,84,'2022-04-11 00:00:00'),(511,337,21,'2022-04-11 00:00:00'),(531,347,82,'2022-04-11 00:00:00'),(577,295,73,'2022-04-11 00:00:00'),(598,79,87,'2022-04-11 00:00:00'),(112,136,21,'2022-04-12 00:00:00'),(116,266,12,'2022-04-12 00:00:00'),(118,62,52,'2022-04-12 00:00:00'),(122,90,90,'2022-04-12 00:00:00'),(131,278,38,'2022-04-12 00:00:00'),(137,274,97,'2022-04-12 00:00:00'),(157,62,15,'2022-04-12 00:00:00'),(159,205,45,'2022-04-12 00:00:00'),(162,108,32,'2022-04-12 00:00:00'),(173,170,43,'2022-04-12 00:00:00'),(196,320,10,'2022-04-12 00:00:00'),(236,348,70,'2022-04-12 00:00:00'),(267,52,30,'2022-04-12 00:00:00'),(276,102,88,'2022-04-12 00:00:00'),(291,259,89,'2022-04-12 00:00:00'),(338,165,24,'2022-04-12 00:00:00'),(356,26,91,'2022-04-12 00:00:00'),(369,69,41,'2022-04-12 00:00:00'),(379,326,46,'2022-04-12 00:00:00'),(408,299,56,'2022-04-12 00:00:00'),(430,108,51,'2022-04-12 00:00:00'),(441,147,33,'2022-04-12 00:00:00'),(448,265,46,'2022-04-12 00:00:00'),(454,292,33,'2022-04-12 00:00:00'),(479,21,79,'2022-04-12 00:00:00'),(480,205,54,'2022-04-12 00:00:00'),(508,232,62,'2022-04-12 00:00:00'),(537,252,73,'2022-04-12 00:00:00'),(577,13,63,'2022-04-12 00:00:00'),(133,288,33,'2022-04-13 00:00:00'),(255,150,97,'2022-04-13 00:00:00'),(257,94,84,'2022-04-13 00:00:00'),(284,333,61,'2022-04-13 00:00:00'),(314,348,50,'2022-04-13 00:00:00'),(315,73,78,'2022-04-13 00:00:00'),(327,229,13,'2022-04-13 00:00:00'),(338,49,49,'2022-04-13 00:00:00'),(371,239,13,'2022-04-13 00:00:00'),(426,177,4,'2022-04-13 00:00:00'),(439,176,44,'2022-04-13 00:00:00'),(457,294,27,'2022-04-13 00:00:00'),(459,265,53,'2022-04-13 00:00:00'),(468,67,21,'2022-04-13 00:00:00'),(470,98,25,'2022-04-13 00:00:00'),(472,16,23,'2022-04-13 00:00:00'),(593,178,5,'2022-04-13 00:00:00'),(151,339,45,'2022-04-14 00:00:00'),(163,265,41,'2022-04-14 00:00:00'),(163,74,66,'2022-04-14 00:00:00'),(221,320,86,'2022-04-14 00:00:00'),(241,341,26,'2022-04-14 00:00:00'),(246,29,87,'2022-04-14 00:00:00'),(248,286,95,'2022-04-14 00:00:00'),(256,84,98,'2022-04-14 00:00:00'),(296,9,73,'2022-04-14 00:00:00'),(302,212,21,'2022-04-14 00:00:00'),(336,37,4,'2022-04-14 00:00:00'),(349,34,14,'2022-04-14 00:00:00'),(351,359,4,'2022-04-14 00:00:00'),(361,39,84,'2022-04-14 00:00:00'),(366,57,38,'2022-04-14 00:00:00'),(369,300,80,'2022-04-14 00:00:00'),(378,209,30,'2022-04-14 00:00:00'),(420,228,64,'2022-04-14 00:00:00'),(430,22,94,'2022-04-14 00:00:00'),(456,97,20,'2022-04-14 00:00:00'),(464,359,27,'2022-04-14 00:00:00'),(472,205,22,'2022-04-14 00:00:00'),(503,23,51,'2022-04-14 00:00:00'),(547,166,25,'2022-04-14 00:00:00'),(556,272,36,'2022-04-14 00:00:00'),(581,258,92,'2022-04-14 00:00:00'),(581,1,100,'2022-04-14 00:00:00'),(592,187,79,'2022-04-14 00:00:00'),(106,276,70,'2022-04-15 00:00:00'),(113,80,98,'2022-04-15 00:00:00'),(147,219,47,'2022-04-15 00:00:00'),(160,187,51,'2022-04-15 00:00:00'),(169,359,84,'2022-04-15 00:00:00'),(170,51,51,'2022-04-15 00:00:00'),(178,321,36,'2022-04-15 00:00:00'),(181,44,35,'2022-04-15 00:00:00'),(215,191,7,'2022-04-15 00:00:00'),(218,190,99,'2022-04-15 00:00:00'),(281,73,69,'2022-04-15 00:00:00'),(303,174,83,'2022-04-15 00:00:00'),(306,30,53,'2022-04-15 00:00:00'),(323,179,85,'2022-04-15 00:00:00'),(356,221,39,'2022-04-15 00:00:00'),(358,277,20,'2022-04-15 00:00:00'),(384,192,42,'2022-04-15 00:00:00'),(385,63,88,'2022-04-15 00:00:00'),(411,58,75,'2022-04-15 00:00:00'),(436,178,84,'2022-04-15 00:00:00'),(440,1,34,'2022-04-15 00:00:00'),(451,236,57,'2022-04-15 00:00:00'),(462,339,83,'2022-04-15 00:00:00'),(479,185,69,'2022-04-15 00:00:00'),(505,148,50,'2022-04-15 00:00:00'),(505,243,79,'2022-04-15 00:00:00'),(518,31,3,'2022-04-15 00:00:00'),(524,273,93,'2022-04-15 00:00:00'),(543,322,82,'2022-04-15 00:00:00'),(136,18,30,'2022-04-16 00:00:00'),(190,331,99,'2022-04-16 00:00:00'),(209,294,57,'2022-04-16 00:00:00'),(223,11,62,'2022-04-16 00:00:00'),(234,208,75,'2022-04-16 00:00:00'),(256,283,60,'2022-04-16 00:00:00'),(275,190,29,'2022-04-16 00:00:00'),(353,260,30,'2022-04-16 00:00:00'),(384,39,49,'2022-04-16 00:00:00'),(395,341,82,'2022-04-16 00:00:00'),(414,188,100,'2022-04-16 00:00:00'),(418,195,23,'2022-04-16 00:00:00'),(454,144,81,'2022-04-16 00:00:00'),(496,176,51,'2022-04-16 00:00:00'),(498,94,84,'2022-04-16 00:00:00'),(550,222,80,'2022-04-16 00:00:00'),(559,67,32,'2022-04-16 00:00:00'),(579,356,39,'2022-04-16 00:00:00'),(156,122,71,'2022-04-17 00:00:00'),(174,13,70,'2022-04-17 00:00:00'),(176,68,91,'2022-04-17 00:00:00'),(186,154,26,'2022-04-17 00:00:00'),(194,203,29,'2022-04-17 00:00:00'),(223,277,90,'2022-04-17 00:00:00'),(232,324,44,'2022-04-17 00:00:00'),(264,96,61,'2022-04-17 00:00:00'),(291,231,12,'2022-04-17 00:00:00'),(308,177,62,'2022-04-17 00:00:00'),(334,61,10,'2022-04-17 00:00:00'),(419,228,66,'2022-04-17 00:00:00'),(442,116,58,'2022-04-17 00:00:00'),(464,176,24,'2022-04-17 00:00:00'),(466,122,35,'2022-04-17 00:00:00'),(486,155,4,'2022-04-17 00:00:00'),(495,248,64,'2022-04-17 00:00:00'),(524,154,94,'2022-04-17 00:00:00'),(526,250,56,'2022-04-17 00:00:00'),(539,215,45,'2022-04-17 00:00:00'),(550,201,52,'2022-04-17 00:00:00'),(581,125,38,'2022-04-17 00:00:00'),(592,296,74,'2022-04-17 00:00:00'),(593,2,69,'2022-04-17 00:00:00'),(595,122,96,'2022-04-17 00:00:00'),(110,211,29,'2022-04-18 00:00:00'),(165,45,83,'2022-04-18 00:00:00'),(168,100,29,'2022-04-18 00:00:00'),(170,344,31,'2022-04-18 00:00:00'),(185,93,88,'2022-04-18 00:00:00'),(191,57,71,'2022-04-18 00:00:00'),(204,359,75,'2022-04-18 00:00:00'),(234,87,31,'2022-04-18 00:00:00'),(252,231,83,'2022-04-18 00:00:00'),(269,148,4,'2022-04-18 00:00:00'),(271,159,58,'2022-04-18 00:00:00'),(313,142,23,'2022-04-18 00:00:00'),(318,192,13,'2022-04-18 00:00:00'),(318,177,73,'2022-04-18 00:00:00'),(335,78,7,'2022-04-18 00:00:00'),(341,128,67,'2022-04-18 00:00:00'),(347,192,16,'2022-04-18 00:00:00'),(401,40,72,'2022-04-18 00:00:00'),(420,44,57,'2022-04-18 00:00:00'),(438,201,69,'2022-04-18 00:00:00'),(445,325,29,'2022-04-18 00:00:00'),(485,217,53,'2022-04-18 00:00:00'),(558,304,78,'2022-04-18 00:00:00'),(570,95,78,'2022-04-18 00:00:00'),(140,28,37,'2022-04-19 00:00:00'),(226,252,5,'2022-04-19 00:00:00'),(238,84,1,'2022-04-19 00:00:00'),(244,313,32,'2022-04-19 00:00:00'),(301,296,3,'2022-04-19 00:00:00'),(301,136,61,'2022-04-19 00:00:00'),(354,33,81,'2022-04-19 00:00:00'),(371,249,83,'2022-04-19 00:00:00'),(383,215,48,'2022-04-19 00:00:00'),(430,3,35,'2022-04-19 00:00:00'),(473,316,99,'2022-04-19 00:00:00'),(492,86,43,'2022-04-19 00:00:00'),(519,13,4,'2022-04-19 00:00:00'),(554,3,89,'2022-04-19 00:00:00'),(103,259,74,'2022-04-20 00:00:00'),(108,178,49,'2022-04-20 00:00:00'),(119,136,2,'2022-04-20 00:00:00'),(120,128,66,'2022-04-20 00:00:00'),(178,270,14,'2022-04-20 00:00:00'),(204,106,47,'2022-04-20 00:00:00'),(251,141,22,'2022-04-20 00:00:00'),(266,171,82,'2022-04-20 00:00:00'),(272,140,65,'2022-04-20 00:00:00'),(274,8,95,'2022-04-20 00:00:00'),(285,294,38,'2022-04-20 00:00:00'),(317,160,31,'2022-04-20 00:00:00'),(381,239,60,'2022-04-20 00:00:00'),(383,167,43,'2022-04-20 00:00:00'),(468,263,53,'2022-04-20 00:00:00'),(519,352,8,'2022-04-20 00:00:00'),(527,158,38,'2022-04-20 00:00:00'),(589,131,72,'2022-04-20 00:00:00'),(106,349,19,'2022-04-21 00:00:00'),(113,34,93,'2022-04-21 00:00:00'),(120,58,94,'2022-04-21 00:00:00'),(140,311,32,'2022-04-21 00:00:00'),(150,73,77,'2022-04-21 00:00:00'),(189,92,100,'2022-04-21 00:00:00'),(206,218,10,'2022-04-21 00:00:00'),(208,289,22,'2022-04-21 00:00:00'),(219,87,38,'2022-04-21 00:00:00'),(257,191,30,'2022-04-21 00:00:00'),(278,176,54,'2022-04-21 00:00:00'),(282,300,26,'2022-04-21 00:00:00'),(313,2,45,'2022-04-21 00:00:00'),(317,113,56,'2022-04-21 00:00:00'),(358,301,30,'2022-04-21 00:00:00'),(378,344,14,'2022-04-21 00:00:00'),(447,306,34,'2022-04-21 00:00:00'),(521,200,7,'2022-04-21 00:00:00'),(554,224,83,'2022-04-21 00:00:00'),(561,16,90,'2022-04-21 00:00:00'),(563,133,2,'2022-04-21 00:00:00'),(586,172,86,'2022-04-21 00:00:00'),(600,230,31,'2022-04-21 00:00:00'),(107,159,95,'2022-04-22 00:00:00'),(201,89,82,'2022-04-22 00:00:00'),(220,292,98,'2022-04-22 00:00:00'),(232,348,61,'2022-04-22 00:00:00'),(252,76,36,'2022-04-22 00:00:00'),(261,167,94,'2022-04-22 00:00:00'),(285,113,89,'2022-04-22 00:00:00'),(316,230,40,'2022-04-22 00:00:00'),(323,198,9,'2022-04-22 00:00:00'),(333,57,32,'2022-04-22 00:00:00'),(362,235,85,'2022-04-22 00:00:00'),(432,104,23,'2022-04-22 00:00:00'),(453,168,23,'2022-04-22 00:00:00'),(455,334,93,'2022-04-22 00:00:00'),(466,349,50,'2022-04-22 00:00:00'),(472,302,69,'2022-04-22 00:00:00'),(480,284,4,'2022-04-22 00:00:00'),(485,127,65,'2022-04-22 00:00:00'),(505,3,43,'2022-04-22 00:00:00'),(522,269,12,'2022-04-22 00:00:00'),(568,40,1,'2022-04-22 00:00:00'),(570,261,9,'2022-04-22 00:00:00'),(571,42,53,'2022-04-22 00:00:00'),(572,166,79,'2022-04-22 00:00:00'),(598,276,27,'2022-04-22 00:00:00'),(219,211,73,'2022-04-23 00:00:00'),(250,188,12,'2022-04-23 00:00:00'),(281,89,14,'2022-04-23 00:00:00'),(292,110,37,'2022-04-23 00:00:00'),(339,231,29,'2022-04-23 00:00:00'),(348,43,56,'2022-04-23 00:00:00'),(352,154,88,'2022-04-23 00:00:00'),(361,300,1,'2022-04-23 00:00:00'),(368,35,42,'2022-04-23 00:00:00'),(374,17,24,'2022-04-23 00:00:00'),(386,261,35,'2022-04-23 00:00:00'),(413,204,22,'2022-04-23 00:00:00'),(428,116,80,'2022-04-23 00:00:00'),(440,155,60,'2022-04-23 00:00:00'),(443,23,91,'2022-04-23 00:00:00'),(463,137,35,'2022-04-23 00:00:00'),(487,75,58,'2022-04-23 00:00:00'),(173,178,3,'2022-04-24 00:00:00'),(183,136,6,'2022-04-24 00:00:00'),(185,75,38,'2022-04-24 00:00:00'),(221,218,90,'2022-04-24 00:00:00'),(223,297,37,'2022-04-24 00:00:00'),(248,221,77,'2022-04-24 00:00:00'),(252,235,14,'2022-04-24 00:00:00'),(281,2,59,'2022-04-24 00:00:00'),(320,117,64,'2022-04-24 00:00:00'),(324,352,46,'2022-04-24 00:00:00'),(336,263,96,'2022-04-24 00:00:00'),(351,325,94,'2022-04-24 00:00:00'),(368,240,58,'2022-04-24 00:00:00'),(388,43,3,'2022-04-24 00:00:00'),(435,262,38,'2022-04-24 00:00:00'),(442,43,100,'2022-04-24 00:00:00'),(477,159,96,'2022-04-24 00:00:00'),(487,192,81,'2022-04-24 00:00:00'),(491,352,61,'2022-04-24 00:00:00'),(503,183,47,'2022-04-24 00:00:00'),(517,108,70,'2022-04-24 00:00:00'),(531,228,55,'2022-04-24 00:00:00'),(545,284,23,'2022-04-24 00:00:00'),(545,232,52,'2022-04-24 00:00:00'),(553,148,84,'2022-04-24 00:00:00'),(585,238,90,'2022-04-24 00:00:00'),(141,72,93,'2022-04-25 00:00:00'),(160,210,98,'2022-04-25 00:00:00'),(164,114,59,'2022-04-25 00:00:00'),(179,318,49,'2022-04-25 00:00:00'),(197,52,77,'2022-04-25 00:00:00'),(211,36,71,'2022-04-25 00:00:00'),(212,339,52,'2022-04-25 00:00:00'),(216,95,98,'2022-04-25 00:00:00'),(218,357,36,'2022-04-25 00:00:00'),(241,295,85,'2022-04-25 00:00:00'),(253,243,7,'2022-04-25 00:00:00'),(257,153,63,'2022-04-25 00:00:00'),(258,46,16,'2022-04-25 00:00:00'),(277,254,55,'2022-04-25 00:00:00'),(291,62,89,'2022-04-25 00:00:00'),(312,327,98,'2022-04-25 00:00:00'),(319,259,42,'2022-04-25 00:00:00'),(367,10,60,'2022-04-25 00:00:00'),(370,114,53,'2022-04-25 00:00:00'),(412,181,21,'2022-04-25 00:00:00'),(435,287,62,'2022-04-25 00:00:00'),(452,36,42,'2022-04-25 00:00:00'),(498,226,98,'2022-04-25 00:00:00'),(502,190,80,'2022-04-25 00:00:00'),(513,219,32,'2022-04-25 00:00:00'),(566,306,10,'2022-04-25 00:00:00'),(569,60,91,'2022-04-25 00:00:00'),(576,157,88,'2022-04-25 00:00:00'),(105,121,61,'2022-04-26 00:00:00'),(121,71,69,'2022-04-26 00:00:00'),(131,143,36,'2022-04-26 00:00:00'),(178,101,60,'2022-04-26 00:00:00'),(203,41,78,'2022-04-26 00:00:00'),(246,317,6,'2022-04-26 00:00:00'),(270,190,33,'2022-04-26 00:00:00'),(270,239,86,'2022-04-26 00:00:00'),(286,233,29,'2022-04-26 00:00:00'),(293,167,2,'2022-04-26 00:00:00'),(308,14,42,'2022-04-26 00:00:00'),(317,149,85,'2022-04-26 00:00:00'),(365,24,39,'2022-04-26 00:00:00'),(393,169,78,'2022-04-26 00:00:00'),(397,22,89,'2022-04-26 00:00:00'),(401,158,8,'2022-04-26 00:00:00'),(430,29,10,'2022-04-26 00:00:00'),(431,39,17,'2022-04-26 00:00:00'),(438,127,30,'2022-04-26 00:00:00'),(444,8,78,'2022-04-26 00:00:00'),(476,85,55,'2022-04-26 00:00:00'),(527,340,61,'2022-04-26 00:00:00'),(545,286,49,'2022-04-26 00:00:00'),(550,146,10,'2022-04-26 00:00:00'),(554,280,62,'2022-04-26 00:00:00'),(556,10,44,'2022-04-26 00:00:00'),(556,169,44,'2022-04-26 00:00:00'),(594,266,18,'2022-04-26 00:00:00'),(126,339,54,'2022-04-27 00:00:00'),(129,47,22,'2022-04-27 00:00:00'),(131,216,76,'2022-04-27 00:00:00'),(135,268,68,'2022-04-27 00:00:00'),(143,73,49,'2022-04-27 00:00:00'),(154,278,57,'2022-04-27 00:00:00'),(284,342,21,'2022-04-27 00:00:00'),(286,154,91,'2022-04-27 00:00:00'),(299,269,24,'2022-04-27 00:00:00'),(388,149,36,'2022-04-27 00:00:00'),(426,205,63,'2022-04-27 00:00:00'),(435,188,14,'2022-04-27 00:00:00'),(437,188,95,'2022-04-27 00:00:00'),(448,159,79,'2022-04-27 00:00:00'),(466,155,94,'2022-04-27 00:00:00'),(477,311,20,'2022-04-27 00:00:00'),(492,246,10,'2022-04-27 00:00:00'),(495,15,66,'2022-04-27 00:00:00'),(504,97,55,'2022-04-27 00:00:00'),(510,339,3,'2022-04-27 00:00:00'),(552,342,1,'2022-04-27 00:00:00'),(121,93,94,'2022-04-28 00:00:00'),(166,169,71,'2022-04-28 00:00:00'),(180,12,46,'2022-04-28 00:00:00'),(182,236,12,'2022-04-28 00:00:00'),(195,313,63,'2022-04-28 00:00:00'),(207,315,6,'2022-04-28 00:00:00'),(248,49,66,'2022-04-28 00:00:00'),(261,296,23,'2022-04-28 00:00:00'),(314,280,29,'2022-04-28 00:00:00'),(343,165,53,'2022-04-28 00:00:00'),(351,63,38,'2022-04-28 00:00:00'),(384,274,66,'2022-04-28 00:00:00'),(483,15,94,'2022-04-28 00:00:00'),(582,99,13,'2022-04-28 00:00:00'),(140,59,48,'2022-04-29 00:00:00'),(167,308,14,'2022-04-29 00:00:00'),(182,258,19,'2022-04-29 00:00:00'),(195,285,80,'2022-04-29 00:00:00'),(206,146,31,'2022-04-29 00:00:00'),(206,52,91,'2022-04-29 00:00:00'),(237,24,77,'2022-04-29 00:00:00'),(245,30,65,'2022-04-29 00:00:00'),(246,132,93,'2022-04-29 00:00:00'),(260,62,80,'2022-04-29 00:00:00'),(271,338,8,'2022-04-29 00:00:00'),(310,73,75,'2022-04-29 00:00:00'),(351,298,27,'2022-04-29 00:00:00'),(382,168,4,'2022-04-29 00:00:00'),(390,200,50,'2022-04-29 00:00:00'),(392,345,12,'2022-04-29 00:00:00'),(415,304,65,'2022-04-29 00:00:00'),(421,189,35,'2022-04-29 00:00:00'),(473,107,42,'2022-04-29 00:00:00'),(502,197,1,'2022-04-29 00:00:00'),(505,8,5,'2022-04-29 00:00:00'),(523,102,8,'2022-04-29 00:00:00');
/*!40000 ALTER TABLE `anyade_cancion_playlist` ENABLE KEYS */;
UNLOCK TABLES;

--
-- Table structure for table `artista`
--

DROP TABLE IF EXISTS `artista`;
/*!40101 SET @saved_cs_client     = @@character_set_client */;
/*!50503 SET character_set_client = utf8mb4 */;
CREATE TABLE `artista` (
  `id` int(10) unsigned NOT NULL AUTO_INCREMENT,
  `nombre` varchar(150) NOT NULL,
  `imagen` varchar(255) DEFAULT NULL,
  PRIMARY KEY (`id`),
  KEY `nombre_idx` (`nombre`)
) ENGINE=InnoDB AUTO_INCREMENT=151 DEFAULT CHARSET=utf8;
/*!40101 SET character_set_client = @saved_cs_client */;

--
-- Dumping data for table `artista`
--

LOCK TABLES `artista` WRITE;
/*!40000 ALTER TABLE `artista` DISABLE KEYS */;
INSERT INTO `artista` VALUES (1,'ROSALÍA',NULL),(2,'C. Tangana',NULL),(3,'Niño de Elche',NULL),(4,'La Húngara',NULL),(5,'Toquinho',NULL),(6,'Ed Maverick',NULL),(7,'Gipsy Kings',NULL),(8,'Nicolás Reyes',NULL),(9,'Tonino Baliardo',NULL),(10,'Jorge Drexler',NULL),(11,'José Feliciano',NULL),(12,'Omar Apollo',NULL),(13,'Eliades Ochoa',NULL),(14,'Carin Leon',NULL),(15,'Adriel Favela',NULL),(16,'Pepe Blanco',NULL),(17,'Kiko Veneno',NULL),(18,'Andrés Calamaro',NULL),(19,'Steve Lean',NULL),(20,'Take A Daytrip',NULL),(21,'Enry-K',NULL),(22,'Danni Ble',NULL),(23,'Royce Rolo',NULL),(24,'Sticky M.A',NULL),(25,'Saox',NULL),(26,'Alizzz',NULL),(27,'Lost Twin',NULL),(28,'The Rudeboyz',NULL),(29,'Sky Rompiendo',NULL),(30,'Alejandro Sanz',NULL),(31,'Paco de Lucía',NULL),(32,'Pablo Alborán',NULL),(33,'Sara Baras',NULL),(34,'Dani Martín',NULL),(35,'Sara Flamenco',NULL),(36,'El Carpeta',NULL),(37,'Camila Cabello',NULL),(38,'J Balvin',NULL),(39,'Sech',NULL),(40,'Yandel',NULL),(41,'Skrillex',NULL),(42,'Myke Towers',NULL),(43,'Jhay Cortez',NULL),(44,'Feid',NULL),(45,'Zion & Lenox',NULL),(46,'Ozuna',NULL),(47,'Tokischa',NULL),(48,'Maria Becerra',NULL),(49,'Jay Wheller',NULL),(50,'Khalid',NULL),(51,'Karol G',NULL),(52,'Nicky Jam',NULL),(53,'Crissin',NULL),(54,'Totoy El Frio',NULL),(55,'Natan & Shander',NULL),(56,'Dua Lipa',NULL),(57,'Bad Bunny',NULL),(58,'Tainy',NULL),(59,'Mr Eazi',NULL),(60,'Sebastian Yatra',NULL),(61,'Jorge Celedon',NULL),(62,'Rosario',NULL),(63,'ELENA ROSE',NULL),(64,'Justin Quiles',NULL),(65,'L-Gante',NULL),(66,'Lenny Tavárez',NULL),(67,'Mariah Angeliq',NULL),(68,'Aitana',NULL),(69,'Alvaro Díaz',NULL),(70,'Rauw Alejandro',NULL),(71,'Manuel Turizo',NULL),(72,'GauyNaa',NULL),(73,'Daddy Yankee',NULL),(74,'Natti Natasha',NULL),(75,'Jonas Brothers',NULL),(76,'Dalmata',NULL),(77,'Nacho',NULL),(78,'Wisin',NULL),(79,'Carlos Vives',NULL),(80,'Cali',NULL),(81,'Gianluca Vacchi',NULL),(82,'Luis Figueroa',NULL),(83,'Lary Over',NULL),(84,'Cosculluela',NULL),(85,'Cali Y El Dandee',NULL),(86,'Maluma',NULL),(87,'Zion',NULL),(88,'Randy',NULL),(89,'Yomo',NULL),(90,'Ñengo Flow',NULL),(91,'Jory Boy',NULL),(92,'Ñejo',NULL),(93,'Darey',NULL),(94,'Ricky Martin',NULL),(95,'Maddona',NULL),(96,'Ty Dolla $ign',NULL),(97,'Chencho Corleone',NULL),(98,'Farina',NULL),(99,'Yaviah',NULL),(100,'Mora',NULL),(101,'Jowell & Randy',NULL),(102,'Anuel AA',NULL),(103,'Kendo Kaponi',NULL),(104,'Arcangel',NULL),(105,'Duki',NULL),(106,'Pablo Chill-E',NULL),(107,'ABRA',NULL),(108,'Nirvana',NULL),(109,'Estopa',NULL),(110,'El canto del loco',NULL),(111,'Macaco',NULL),(112,'Muchachito Bombo Infierno',NULL),(113,'Ana Belén',NULL),(114,'Rosendo',NULL),(115,'Joan Manuel Serrat',NULL),(116,'Ojos de Brujo',NULL),(117,'El Bicho',NULL),(118,'Joaquín Sabina',NULL),(119,'Chambao',NULL),(120,'Los Chichos',NULL),(121,'Albert Pla',NULL),(122,'Carlos Jean',NULL),(123,'Nigel Walker',NULL),(124,'Fernando Montesinos',NULL),(125,'Fernando Illan',NULL),(126,'Miguel de la Vega',NULL),(127,'Bori Alarcón',NULL),(128,'Leiva',NULL),(129,'Javier Limón',NULL),(130,'Eugenio Muñoz',NULL),(131,'Toni Di Geraldo',NULL),(132,'Suso Saiz',NULL),(133,'Varry Brava',NULL),(134,'Avicii',NULL),(135,'Vargas & Lagola',NULL),(136,'Aloe Blacc',NULL),(137,'Agnes',NULL),(138,'Joe Janiak',NULL),(139,'Bonn',NULL),(140,'A R I Z O N A',NULL),(141,'Imagin Dragons',NULL),(142,'Noonie Bao',NULL),(143,'Tiësto',NULL),(144,'Ava Max',NULL),(145,'Lori Meyers',NULL),(146,'Love of Lesbian',NULL),(147,'El columpio asesino',NULL),(148,'Bunbury',NULL),(149,'Coque Malla',NULL),(150,'The Weekend',NULL);
/*!40000 ALTER TABLE `artista` ENABLE KEYS */;
UNLOCK TABLES;

--
-- Table structure for table `calidad`
--

DROP TABLE IF EXISTS `calidad`;
/*!40101 SET @saved_cs_client     = @@character_set_client */;
/*!50503 SET character_set_client = utf8mb4 */;
CREATE TABLE `calidad` (
  `id` int(10) unsigned NOT NULL AUTO_INCREMENT,
  `nombre` varchar(15) NOT NULL,
  PRIMARY KEY (`id`)
) ENGINE=InnoDB AUTO_INCREMENT=6 DEFAULT CHARSET=utf8;
/*!40101 SET character_set_client = @saved_cs_client */;

--
-- Dumping data for table `calidad`
--

LOCK TABLES `calidad` WRITE;
/*!40000 ALTER TABLE `calidad` DISABLE KEYS */;
INSERT INTO `calidad` VALUES (1,'Automático'),(2,'Baja'),(3,'Normal'),(4,'Alta'),(5,'Muy Alta');
/*!40000 ALTER TABLE `calidad` ENABLE KEYS */;
UNLOCK TABLES;

--
-- Table structure for table `cancion`
--

DROP TABLE IF EXISTS `cancion`;
/*!40101 SET @saved_cs_client     = @@character_set_client */;
/*!50503 SET character_set_client = utf8mb4 */;
CREATE TABLE `cancion` (
  `id` int(10) unsigned NOT NULL AUTO_INCREMENT,
  `titulo` varchar(255) NOT NULL,
  `duracion` int(11) NOT NULL,
  `ruta` varchar(255) DEFAULT NULL,
  `numero_reproducciones` int(11) NOT NULL,
  `album_id` int(10) unsigned DEFAULT NULL,
  PRIMARY KEY (`id`),
  KEY `fk_cancion_album1_idx` (`album_id`),
  KEY `titulo_idx` (`titulo`),
  CONSTRAINT `FK_E4620FA01137ABCF` FOREIGN KEY (`album_id`) REFERENCES `album` (`id`)
) ENGINE=InnoDB AUTO_INCREMENT=360 DEFAULT CHARSET=utf8;
/*!40101 SET character_set_client = @saved_cs_client */;

--
-- Dumping data for table `cancion`
--

LOCK TABLES `cancion` WRITE;
/*!40000 ALTER TABLE `cancion` DISABLE KEYS */;
INSERT INTO `cancion` VALUES (1,'SAOKO',138,NULL,403,1),(2,'CANDY',193,NULL,959,1),(3,'LA FAMA (with The Weeknd)',188,NULL,525,1),(4,'BULERÍAS',156,NULL,970,1),(5,'CHICKEN TERIYAKI',122,NULL,900,1),(6,'HENTAI',163,NULL,460,1),(7,'BIZCOCHITO',109,NULL,575,1),(8,'G3 N15',252,NULL,353,1),(9,'MOTOMAMI',61,NULL,679,1),(10,'DIABLO',166,NULL,207,1),(11,'DELIRIO DE GRANDEZA',155,NULL,572,1),(12,'CUUUUuuuuuute',151,NULL,540,1),(13,'COMO UN G',262,NULL,507,1),(14,'Abcdefg',66,NULL,816,1),(15,'LA COMBI VERSACE (feat. Tokischa)',161,NULL,190,1),(16,'SAKURA',202,NULL,545,1),(17,'MALAMENTE - Cap.1: Augurio',150,NULL,820,2),(18,'QUE NO SALGA LA LUNA - Cap.2: Boda',270,NULL,347,2),(19,'PIENSO EN TU MIRÁ - Cap.3: Celos',194,NULL,799,2),(20,'DE AQUÍ NO SALES - Cap.4: Disputa',145,NULL,967,2),(21,'RENIEGO - Cap.5: Lamento',208,NULL,497,2),(22,'PRESO - Cap.6: Clausura',41,NULL,211,2),(23,'BAGDAD - Cap.7: Liturgia',183,NULL,112,2),(24,'DI MI NOMBRE - Cap.8: Éxtasis',162,NULL,424,2),(25,'NANA - Cap.9: Concepción',197,NULL,348,2),(26,'MALDICIÓN - Cap.10: Cordura',175,NULL,391,2),(27,'A NINGÚN HOMBRE - Cap.11: Poder',94,NULL,899,2),(28,'Demasiadas Mujeres',154,NULL,679,3),(29,'Tú Me Dejaste De Querer',198,NULL,689,3),(30,'Comerte Entera',174,NULL,209,3),(31,'Nunca Estoy',162,NULL,550,3),(32,'Párteme La Cara',168,NULL,713,3),(33,'Ingobernable',187,NULL,382,3),(34,'Nominao',176,NULL,780,3),(35,'Un Veneno - G-Mix',194,NULL,852,3),(36,'Te Olvidaste',188,NULL,250,3),(37,'Muriendo De Envidia',183,NULL,627,3),(38,'CAMBIA!',188,NULL,936,3),(39,'Cuándo Olvidaré',190,NULL,255,3),(40,'Los Tontos',193,NULL,248,3),(41,'Hong Kong',204,NULL,190,3),(42,'Still Rapping (feat. Steve Lean)',90,NULL,273,4),(43,'Baile de la Lluvia (feat. Take A Daytrip)',194,NULL,354,4),(44,'Cuando Me Miras (feat. Enry-K)',143,NULL,719,4),(45,'Na de Na (feat. Danni Ble & Royce Rolo)',141,NULL,960,4),(46,'Huele a Nuevo (feat. Sticky M.A., Danni Ble & Royce Rolo)',134,NULL,145,4),(47,'Sangre (feat. Steve Lean & Saox)',132,NULL,756,4),(48,'Llorando en la Limo (feat. Alizzz)',139,NULL,629,4),(49,'Cabernet Sauvignon (feat. Lost Twin)',127,NULL,653,4),(50,'Pussy Call (feat. The Rudeboyz)',139,NULL,665,4),(51,'Siempre Quise Todo (feat. Sky) - Bonus Track',162,NULL,835,4),(52,'Bio',216,NULL,114,5),(53,'Iba',220,NULL,831,5),(54,'Yo No Quiero Suerte',264,NULL,452,5),(55,'La Rosa',227,NULL,676,5),(56,'Si Yo Quisiera Y Si Tú Pudieras',248,NULL,652,5),(57,'Mares De Miel',282,NULL,581,5),(58,'Uno Nada Más',287,NULL,777,5),(59,'No Sé Qué Me Pasas',228,NULL,246,5),(60,'Geometría',269,NULL,795,5),(61,'Y Ya Te Quería',246,NULL,583,5),(62,'#LaGira Intro',163,NULL,966,6),(63,'Hoy Que No Estás',359,NULL,707,6),(64,'Azúcar En Un Bowl',281,NULL,876,6),(65,'Aquello Que Me Diste',308,NULL,408,6),(66,'No Tengo Nada',244,NULL,498,6),(67,'He Sido Tan Feliz Contigo / El Alma Al Aire / Regálame La Silla Donde Te Esperé / Hoy Llueve, Hoy Duele - Medley',452,NULL,143,6),(68,'Back In The City',235,NULL,156,6),(69,'Capitán Tapón',279,NULL,522,6),(70,'Deja Que Te Bese',268,NULL,875,6),(71,'Los Lugares',388,NULL,955,6),(72,'Mi Marciana',430,NULL,911,6),(73,'Looking For Paradise',470,NULL,950,6),(74,'La Peleíta / El Tren De Los Momentos - Medley',417,NULL,134,6),(75,'Lo Que Fui Es Lo Que Soy',322,NULL,304,6),(76,'Te Canto Un Son',225,NULL,514,6),(77,'En La Planta De Tus Pies / Donde Convergemos / A La Primera Persona - Medley',409,NULL,964,6),(78,'El Trato',380,NULL,501,6),(79,'Mi Persona Favorita',345,NULL,640,6),(80,'Quisiera Ser',387,NULL,897,6),(81,'Yo Te Traigo... Años',325,NULL,928,6),(82,'Y, ¿Si Fuera Ella? / Amiga Mía / Mi Soledad Y Yo - Medley',367,NULL,675,6),(83,'Yo Sé Lo Que La Gente Piensa / ¿Lo Ves? - Medley',434,NULL,197,6),(84,'Corazón Partío',376,NULL,279,6),(85,'#LaGira Outro',320,NULL,880,6),(86,'F40',161,NULL,697,7),(87,'Una Nota',171,NULL,240,7),(88,'Te Acuerdas De Mí',104,NULL,513,7),(89,'In Da Getto',131,NULL,783,7),(90,'Billetes De 100',164,NULL,396,7),(91,'La Venganza',248,NULL,831,7),(92,'Vestido',186,NULL,957,7),(93,'Que Locura',199,NULL,932,7),(94,'Bebé Que Bien Te Ves',226,NULL,842,7),(95,'Lo Que Dios Quiera',195,NULL,100,7),(96,'Si Te Atreves',169,NULL,669,7),(97,'Fantasías',195,NULL,184,7),(98,'Pa\' Guayarte',197,NULL,379,7),(99,'Ganas De Verte',178,NULL,765,7),(100,'Perra',158,NULL,309,7),(101,'7 De Mayo',209,NULL,516,7),(102,'Suerte',203,NULL,859,7),(103,'Querido Rio',151,NULL,613,7),(104,'La Familia',251,NULL,220,7),(105,'Qué Más Pues?',217,NULL,929,7),(106,'OTRO FILI',203,NULL,326,7),(107,'Otra Noche Sin Ti',229,NULL,230,7),(108,'Poblado - Remix',393,NULL,254,7),(109,'UN DIA (ONE DAY)',232,NULL,738,7),(110,'Amarillo',158,NULL,571,8),(111,'Azul',206,NULL,668,8),(112,'Rojo',151,NULL,664,8),(113,'Rosa',190,NULL,648,8),(114,'Morado',200,NULL,413,8),(115,'Verde',143,NULL,763,8),(116,'Negro',182,NULL,169,8),(117,'Gris',177,NULL,288,8),(118,'Arcoíris',187,NULL,941,8),(119,'Blanco',146,NULL,545,8),(120,'Básicamente',145,NULL,865,9),(121,'Dharma',196,NULL,722,9),(122,'Modo Avión',171,NULL,852,9),(123,'Quererte Bonito',272,NULL,503,9),(124,'Tacones Rojos',189,NULL,150,9),(125,'Amor Pasajero',152,NULL,651,9),(126,'Regresé',195,NULL,776,9),(127,'Si Me La Haces',189,NULL,860,9),(128,'Tarde',186,NULL,879,9),(129,'Melancólicos Anónimos',199,NULL,713,9),(130,'Las Dudas',161,NULL,202,9),(131,'Adiós',182,NULL,696,9),(132,'A Dónde Van',176,NULL,177,9),(133,'TBT',239,NULL,440,9),(134,'Chica Ideal',183,NULL,789,9),(135,'Runaway',203,NULL,490,9),(136,'Pareja Del Año',195,NULL,939,9),(137,'SUTRA',203,NULL,646,10),(138,'Alguien Robo',224,NULL,941,10),(139,'Quiero Decirte',226,NULL,641,10),(140,'Devuélveme El Corazón',243,NULL,955,10),(141,'Robarte Un Beso',193,NULL,157,10),(142,'MANTRA',208,NULL,367,10),(143,'Sin Ti',190,NULL,628,10),(144,'Como Mirarte',228,NULL,212,10),(145,'Traicionera',229,NULL,968,10),(146,'En El Party',186,NULL,318,10),(147,'Como Si Nada',210,NULL,202,10),(148,'Magdalena',177,NULL,347,10),(149,'LOVE',191,NULL,763,10),(150,'No Hay Nadie Más',200,NULL,705,10),(151,'Por Perro',245,NULL,795,10),(152,'Traicionera - Remix',209,NULL,637,10),(153,'Medallo City',233,NULL,355,11),(154,'Bella-K (feat. Zion & Randy)',224,NULL,464,11),(155,'Hawái',199,NULL,927,11),(156,'Cielo a un Diablo',206,NULL,197,11),(157,'Perdón (feat. Yandel)',180,NULL,306,11),(158,'La Cura',177,NULL,455,11),(159,'Luz Verde',184,NULL,368,11),(160,'Cuidau (feat. Yomo)',214,NULL,844,11),(161,'Parce (feat. Justin Quiles)',248,NULL,722,11),(162,'Viento (Interlude)',162,NULL,547,11),(163,'Madrid (feat. Myke Towers)',199,NULL,600,11),(164,'Salida de Escape',184,NULL,996,11),(165,'Ansiedad',221,NULL,280,11),(166,'Mai Mai (feat. Ñengo Flow & Jory Boy)',238,NULL,571,11),(167,'Vete Vete (feat. Ñejo & Dálmata)',244,NULL,675,11),(168,'Me Acuerdo de Ti (feat. Darell)',224,NULL,173,11),(169,'Boy Toy',196,NULL,802,11),(170,'Booty',157,NULL,194,11),(171,'Quality',161,NULL,698,11),(172,'Copas de Vino',192,NULL,586,11),(173,'ADMV',194,NULL,690,11),(174,'ADMV - Versión Urbana',185,NULL,789,11),(175,'11PM',176,NULL,270,12),(176,'HP',184,NULL,626,12),(177,'No Se Me Quita (feat. Ricky Martin)',220,NULL,817,12),(178,'Dispuesto (feat. Ozuna)',162,NULL,883,12),(179,'No Puedo Olvidarte (feat. Nicky Jam)',191,NULL,338,12),(180,'Me Enamoré de Ti',199,NULL,345,12),(181,'Extrañándote (feat. Zion & Lennox)',225,NULL,422,12),(182,'Shhh (Calla\')',178,NULL,315,12),(183,'Dinero Tiene Cualquiera',206,NULL,527,12),(184,'Soltera (feat. Madonna)',188,NULL,522,12),(185,'Te Quiero',229,NULL,365,12),(186,'Instinto Natural (feat. Sech)',194,NULL,492,12),(187,'Tu Vecina (feat. Ty Dolla $ign)',199,NULL,862,12),(188,'La Flaca (feat. Chencho Corleone)',160,NULL,338,12),(189,'Puesto Pa\' Ti (feat. Farina)',204,NULL,610,12),(190,'Déjale Saber',197,NULL,237,12),(191,'Si Veo a Tu Mamá',171,NULL,916,13),(192,'La Difícil',163,NULL,214,13),(193,'Pero Ya No',161,NULL,388,13),(194,'La Santa',206,NULL,953,13),(195,'Yo Perreo Sola',172,NULL,170,13),(196,'Bichiyal',197,NULL,429,13),(197,'Soliá',159,NULL,339,13),(198,'La Zona',137,NULL,832,13),(199,'Que Malo',168,NULL,708,13),(200,'Vete',192,NULL,295,13),(201,'Ignorantes',211,NULL,570,13),(202,'A Tu Merced',176,NULL,896,13),(203,'Una Vez',232,NULL,520,13),(204,'Safaera',295,NULL,820,13),(205,'25/8',243,NULL,373,13),(206,'Está Cabrón Ser Yo',228,NULL,277,13),(207,'Puesto Pa\' Guerrial',190,NULL,303,13),(208,'P FKN R',258,NULL,657,13),(209,'Hablamos Mañana',240,NULL,768,13),(210,'<3',158,NULL,211,13),(211,'EL MUNDO ES MíO',165,NULL,967,14),(212,'TE MUDASTE',130,NULL,799,14),(213,'HOY COBRÉ',162,NULL,220,14),(214,'MALDITA POBREZA',214,NULL,773,14),(215,'LA NOCHE DE ANOCHE',203,NULL,801,14),(216,'TE DESEO LO MEJOR',140,NULL,855,14),(217,'YO VISTO ASí',192,NULL,146,14),(218,'HACIENDO QUE ME AMAS',218,NULL,965,14),(219,'BOOKER T',156,NULL,711,14),(220,'LA DROGA',162,NULL,401,14),(221,'DÁKITI',205,NULL,103,14),(222,'TRELLAS',158,NULL,714,14),(223,'SORRY PAPI',163,NULL,319,14),(224,'120',152,NULL,929,14),(225,'ANTES QUE SE ACABE',221,NULL,463,14),(226,'Smells Like Teen Spirit',302,NULL,151,15),(227,'In Bloom',255,NULL,927,15),(228,'Come As You Are',219,NULL,593,15),(229,'Breed',184,NULL,558,15),(230,'Lithium',257,NULL,421,15),(231,'Polly',174,NULL,206,15),(232,'Territorial Pissings',143,NULL,422,15),(233,'Drain You',224,NULL,320,15),(234,'Lounge Act',156,NULL,311,15),(235,'Stay Away',211,NULL,464,15),(236,'On A Plain',194,NULL,237,15),(237,'Something In The Way',232,NULL,203,15),(238,'Endless, Nameless',403,NULL,312,15),(239,'El Run Run (with Rosario)',205,NULL,793,16),(240,'Fuente de Energia (with El Canto del Loco)',250,NULL,910,16),(241,'No Quiero Verlas Más (with Macaco)',197,NULL,553,16),(242,'Tu Calorro (with Muchachito Bombo Infierno)',227,NULL,792,16),(243,'Ya No Me Acuerdo',169,NULL,952,16),(244,'Cacho a Cacho (with Rosendo)',191,NULL,459,16),(245,'Era (with Joan Manuel Serrat)',198,NULL,897,16),(246,'Cuerpo Triste (with Ojos De Brujo)',211,NULL,783,16),(247,'Demonios (with El Bicho)',260,NULL,888,16),(248,'Como Camarón (with Joaquín Sabina)',202,NULL,506,16),(249,'Luna Lunera (with Chambao)',244,NULL,536,16),(250,'El del Medio de los Chichos (with Los Chichos)',227,NULL,223,16),(251,'Tan Solo (with Albert Pla)',297,NULL,871,16),(252,'Hemicraneal',282,NULL,689,16),(253,'Cuando Amanece',206,NULL,489,16),(254,'Cuando Cae la Luna',199,NULL,558,16),(255,'Me Falta el Aliento',227,NULL,639,16),(256,'Vino Tinto',194,NULL,716,16),(257,'La Raja de Tu Falda',203,NULL,944,16),(258,'Exiliado en el Lavabo',222,NULL,488,16),(259,'Malabares',225,NULL,547,16),(260,'Pastillas de Freno',279,NULL,377,16),(261,'Descatalogando',261,NULL,346,16),(262,'Era',258,NULL,271,16),(263,'Tu Calorro',191,NULL,307,17),(264,'Por la Raja de Tu Falda',203,NULL,832,17),(265,'Me Falta el Aliento',218,NULL,108,17),(266,'Tan Solo',270,NULL,407,17),(267,'Poquito a Poco',183,NULL,278,17),(268,'Suma y Sigue',195,NULL,876,17),(269,'El del Medio de los Chichos',227,NULL,398,17),(270,'Como Camarón',202,NULL,793,17),(271,'Exiliado en el Lavabo',196,NULL,746,17),(272,'Estopa',215,NULL,694,17),(273,'Cacho a Cacho',149,NULL,881,17),(274,'Bossanova',196,NULL,915,17),(275,'Un Nuevo Giro',220,NULL,234,18),(276,'El Sitio Perfecto',219,NULL,740,18),(277,'La Ruta del Amor',217,NULL,722,18),(278,'Las Noches Fugaces',249,NULL,236,18),(279,'Nada Personal',226,NULL,890,18),(280,'400 Bailes',213,NULL,785,18),(281,'Satánica',253,NULL,360,18),(282,'12&Medio',227,NULL,159,18),(283,'Medalla',174,NULL,822,18),(284,'Adiós',199,NULL,252,18),(285,'Peace Of Mind (feat. Vargas & Lagola)',180,NULL,738,19),(286,'Heaven',277,NULL,817,19),(287,'SOS (feat. Aloe Blacc)',157,NULL,315,19),(288,'Tough Love (feat. Agnes, Vargas & Lagola)',191,NULL,950,19),(289,'Bad Reputation (feat. Joe Janiak)',205,NULL,598,19),(290,'Ain\'t A Thing (feat. Bonn)',184,NULL,860,19),(291,'Hold The Line (feat. A R I Z O N A)',172,NULL,925,19),(292,'Freak (feat. Bonn)',179,NULL,453,19),(293,'Excuse Me Mr Sir (feat. Vargas & Lagola)',188,NULL,645,19),(294,'Heart Upon My Sleeve (feat. Imagine Dragons)',254,NULL,143,19),(295,'Never Leave Me (feat. Joe Janiak)',172,NULL,468,19),(296,'Fades Away (feat. Noonie Bao)',179,NULL,442,19),(297,'Waiting For Love',231,NULL,982,20),(298,'Talk To Myself',236,NULL,460,20),(299,'Touch Me',186,NULL,340,20),(300,'Ten More Days',246,NULL,395,20),(301,'For A Better Day',206,NULL,902,20),(302,'Broken Arrows',233,NULL,773,20),(303,'True Believer',288,NULL,202,20),(304,'City Lights',389,NULL,457,20),(305,'Pure Grinding',172,NULL,311,20),(306,'Sunset Jesus',265,NULL,535,20),(307,'Can\'t Catch Me',239,NULL,448,20),(308,'Somewhere In Stockholm',203,NULL,838,20),(309,'Trouble',172,NULL,592,20),(310,'Gonna Love Ya',216,NULL,818,20),(311,'The Motto',165,NULL,558,21),(312,'Don\'t Be Shy',141,NULL,735,22),(313,'The Business',164,NULL,674,23),(314,'Planilandia',221,NULL,376,24),(315,'El Tiempo Pasará',243,NULL,288,24),(316,'Huracán',240,NULL,376,24),(317,'Impronta',264,NULL,312,24),(318,'Emborracharme',212,NULL,641,24),(319,'Deshielo',241,NULL,508,24),(320,'Una Señal',203,NULL,437,24),(321,'Tengo Un Plan',234,NULL,718,24),(322,'Zen',206,NULL,725,24),(323,'A-Sinte-Odio',203,NULL,366,24),(324,'De Los Nervios',206,NULL,572,24),(325,'Despedirse',230,NULL,616,24),(326,'Viaje épico hacia la nada',289,NULL,443,25),(327,'Crisálida',248,NULL,135,25),(328,'Sesenta memorias perdidas',285,NULL,872,25),(329,'Eterna revolución',266,NULL,670,25),(330,'Cosmos (Antisistema Solar)',246,NULL,907,25),(331,'Viento de oeste',289,NULL,997,25),(332,'Escuela de danza aérea',274,NULL,999,25),(333,'Los irrompibles',289,NULL,334,25),(334,'Catalunya bondage (feat. Columpio Asesino)',247,NULL,188,25),(335,'El sur (feat. Bunbury)',268,NULL,270,25),(336,'El mundo',221,NULL,240,25),(337,'El paso',389,NULL,266,25),(338,'Intro - En directo',116,NULL,279,26),(339,'Cuando no me ves - En directo',332,NULL,695,26),(340,'Bajo el volcán - En directo',374,NULL,734,26),(341,'Allí donde soliamos gritar - En directo',336,NULL,812,26),(342,'Nadie por las calles - En directo',293,NULL,612,26),(343,'La niña imantada - En directo',212,NULL,183,26),(344,'Maniobras de escapismo - En directo',191,NULL,782,26),(345,'Contraespionaje (con Coque Malla) - En directo',389,NULL,261,26),(346,'Los seres únicos - En directo',259,NULL,907,26),(347,'Los males pasajeros - En directo',417,NULL,128,26),(348,'1999 / 2009 - En directo',479,NULL,396,26),(349,'Belice - En directo',345,NULL,215,26),(350,'I.M.T - En directo',281,NULL,401,26),(351,'Algunas plantas - En directo',309,NULL,760,26),(352,'Club de fans de John Boy - En directo',258,NULL,816,26),(353,'Segundo asalto - En directo',293,NULL,704,26),(354,'Oniria e insomnia - En directo',422,NULL,913,26),(355,'Psiconoautas - En directo',655,NULL,371,26),(356,'Manifiesto delirista - En directo',347,NULL,471,26),(357,'Incendios de nieve - En directo',510,NULL,914,26),(358,'El Poeta Halley - En directo',509,NULL,882,26),(359,'Planeador - En directo',479,NULL,854,26);
/*!40000 ALTER TABLE `cancion` ENABLE KEYS */;
UNLOCK TABLES;

--
-- Table structure for table `capitulo`
--

DROP TABLE IF EXISTS `capitulo`;
/*!40101 SET @saved_cs_client     = @@character_set_client */;
/*!50503 SET character_set_client = utf8mb4 */;
CREATE TABLE `capitulo` (
  `id` int(10) unsigned NOT NULL AUTO_INCREMENT,
  `titulo` varchar(100) NOT NULL,
  `descripcion` text,
  `duracion` int(10) unsigned NOT NULL,
  `fecha` date NOT NULL,
  `numero_reproducciones` int(10) unsigned NOT NULL,
  `podcast_id` int(10) unsigned DEFAULT NULL,
  PRIMARY KEY (`id`),
  KEY `fk_capitulo_podcast1_idx` (`podcast_id`),
  KEY `titulo` (`titulo`),
  KEY `fecha` (`fecha`),
  CONSTRAINT `FK_2BA5E28F786136AB` FOREIGN KEY (`podcast_id`) REFERENCES `podcast` (`id`)
) ENGINE=InnoDB AUTO_INCREMENT=87 DEFAULT CHARSET=utf8;
/*!40101 SET character_set_client = @saved_cs_client */;

--
-- Dumping data for table `capitulo`
--

LOCK TABLES `capitulo` WRITE;
/*!40000 ALTER TABLE `capitulo` DISABLE KEYS */;
INSERT INTO `capitulo` VALUES (1,'Rusia perdiendo, Nazis en Ucrania','Especial Guerra Ucrania y Rusia con el experto en geopolítica Borja Fernández, líder del canal de Youtube Memorias de Pez. Borja explicará cómo está la situación a día de hoy, con una Rusia estancada y sancionada, lo que significa el temible Batallón Azov para el gobierno ucraniano, si las reivindicaciones de Putin tienen sentido, hará un perfil de Zelensky, analizará la posibilidad de una Tercera Guerra Mundial atómica, avanzará posibles escenarios finales... y mucho más. ¡No te lo pierdas!',200,'2022-03-24',100,1),(2,'Xokas y sus cuentas, Willyrex full attack a Grefg: Fin de semana loco','Como cada semana, tertulia en The Wild Project con las noticias más interesantes de los últimos días. En esta ocasión, buena parte de la charla tendrá que ver con el loco fin de semana en el cuál la polémica con Xokas y sus multicuentas (y los problemas reales de toxicidad y salud mental asociados) y el inesperado ataque de Willyrex a TheGrefg han copado la atención de todos. Pero también habrá tiempo para hablar de la importante huelga de transportistas, El hombre indio que busca esposa de manera loca, Elon Musk sigue con los combates con Putin, Influencers llorando... Y mucho más. ¡No te lo pierdas!',210,'2022-03-22',100,1),(3,'Se fugó de una secta a los 16 pero su familia sigue encerrada','Uno de los podcasts más duros hasta el momento, sin duda. Pablo Salum, que pasó buena parte de su vida metido en una asquerosa secta y que consiguió escaparse hace unos años, visita a Jordi Wild para charlar de su propia experiencia, en un dificilísimo periplo que termina con él fugándose, pero dejando atrás a su madre y hermanos. Ellos, más de una década después, siguen ahí dentro... Además, charlarán de las sectas modernas, grupos coercitivos, religiones, polémicas con famosos manipuladores y mucho más. ¡No te lo pierdas!',220,'2022-03-18',100,1),(4,'Combate Elon Musk VS Vladimir Putin, Xokas funado again, Nimu','Nueva tertulia en The Wild Project con las noticias más interesantes de los últimos días. En este episodio: Una pareja de youtubers americanos pueden ir 7 años a la cárcel por la tontería que hicieron en su último vídeo, Rubius está más de una semana en un extensible y consigue un dineral para los animales, Sigue la invasión de Ucrania por parte de Rusia, Elon Musk reta a Putin a un combate para solucionarlo todo, Bruce Willis ha hecho 18 películas en 2 años, Jordi Wild es sorprendido con un regalazo... y mucho más. ¡No te lo pierdas!',240,'2022-03-15',100,1),(5,'Arturo Pérez-Reverte, Lenguaje inclusivo, Su vida como reportero de guerra','Arturo Pérez-Reverte, uno de los escritores más importantes y best-sellers del mundo, reportero de guerra durante 21 años, y miembro de la Real Academia Española, visita The Wild Project para una de las charlas más esperadas y, seguramente, sorpresivas. Junto a Jordi Wild, Arturo reflexionara sobre la guerra, la miseria humana, pero también sobre su proceso como escritor, sin rehuir temas de candente actualidad como Ucrania o la moda del lenguaje inclusivo. ¡No te lo pierdas!',165,'2022-03-10',100,1),(6,'Famosas por ser guapas con Ingrid García-Jonsson','En este programa especial grabado desde el Festival de Málaga, hablamos con Ingrid García-Jonsson de ser famosas, con sus cosas malas y sus cosas buenas, principalmente los canapés. Además, a Henar Álvarez le hacen una curita de humildad en la alfombra roja y nos enseña a mear de pie en vivo y en directo.',69,'2022-02-24',100,2),(7,'Tocarse la pepa con Zahara','Una de las invitadas más pedidas ya está aquí: Zahara. La cantante ha compartido vivencias y anécdotas sobre su sexualidad y cómo todas esas experiencias le han hecho ser quien es hoy. Nani no podía faltar en este programa y acaba desnudándose.',70,'2022-03-25',100,2),(8,'Salto al potro y sentadillas con Susana Rodríguez','Ganadoras de un Ondas comparten espacio con ganadora de medalla de oro olímpica: sólo triunfos en este podcast. Susana Rodríguez Gacio, triatleta y médica, habla sobre superación, deporte y consigue que Carol haga la primera sentadilla de su vida. Lala Chus nos pone blanditas hablando sobre sus padres y sobre la importancia de los cuidados.',65,'2022-03-18',100,2),(9,'Ser frikis con Edurne','Esta semana hablamos de ser frikis, de ser fans y de coleccionar movidas con la cantante Edurne, posiblemente la persona más maja del mundo. Carol y Vicky también cuentan sus obsesiones de cuando eran pequeñas (y no tan pequeñas) y se viene Lala Chus para contar cómo Pasión de Gavilanes le salvó literalmente la vida.',76,'2022-03-24',100,2),(10,'Vivir o morir con Sofía Cristo','En este nuevo programa, hablamos de adicciones, del mundo de la noche y de cómo pedir ayuda con Sofía Cristo, una de las mejores DJ de España. Hay sección de Patricia Espejo que, como ella dice, es de Valencia y de esto sabe un poco. ',60,'2022-03-24',100,2),(11,'Las plantas con Miguel Maldonado','Miguel Maldonado está dentrísimo de las plantas, tanto que una es su abuela. Tanto que el de coleta de Bricomanía es su faro. Tanto que recuerda la pata de elefante que ha matado como un soldado retornado de Vietnam con la mirada de las mil yardas. Manuel Burque habla con él y el de coleta de Bricomanía y varios dueños de viveros hablan con vosotros para que también estéis dentrísimo del tema.',30,'2022-03-17',100,3),(12,'Angry','Ángel Martín y Angy charlan sin ningún tipo de filtro acerca de su experiencia con la salud mental y de los peligros de priorizar la aceptación a ojos de otro en lugar de a los nuestros.',71,'2022-03-24',100,4),(13,'Jero García','Ángel Martín y Jero Garcia charlan sin ningún tipo de filtro acerca de su experiencia con la salud mental, el trastorno por deficit de atención e hiperactividad y de cómo el deporte se convirtió en la herramientas más importantes para mantenerse a flote.',59,'2022-03-17',100,4),(14,'Ambkor','Ángel Martín y Oscar (Ambkor) charlan sin ningún tipo de filtro acerca de su experiencia con la salud mental.',70,'2022-03-10',100,4),(15,'Chica Sobresalto','Ángel Martín y Maialen (Chica Sobresalto) charlan sin ningún tipo de filtro acerca de su experiencia con la salud mental y de cómo enfrentarse a la agorafobia. ',77,'2022-03-03',100,4),(16,'Diego Arroyo (Veintiuno)','Ángel Martín y Diego Arroyo charlan sin ningún tipo de filtro acerca de su experiencia con la salud mental y de cómo mantener la estabilidad cuando te diagnostican trastorno ansioso - depresivo.',56,'2022-02-24',100,4),(17,'Nuestros primeros realities con Inés Hernand','¿Hay algo más milenial que un reality! Invitamos a Inés Hernand para hablar del impacto de esa nueva televisión en nuestra vida. De OT y Gran Hermano a Vale Music o Portalmix, de Supermodelo y El Bus a Popstars y Fama... Todo por el sueño de recordar un sinfín de nombres (Ismael Beiro, Rosa de España, Sergio Alcover...) que, por algún motivo, siguen en nuestra memoria. Cierra sesión en el Tuenti y vente a nuestro Cuarto Milenial, que empieza…la vida en directo ;)',45,'2022-03-23',100,5),(18,'Free Britney y otras divas con Jedet','¡Bienvenidas a nuestro cuarto milenial! Invitamos a Jedet para hablar de la reina, la primera, la que lo desencadenó todo para nosotras: Brtiney Spears. Hablamos de ella, del #FreeBritney y del resto de divas del final de los 90 y los 2000 y jugamos a los test de revista con nuestra madrina. Curiosidades e historias de carpeta forrada para el estreno;)',45,'2022-03-09',100,5),(19,'Informativo matinal 2022-03-28','Las noticias de hoy 2022-03-28',2,'2022-03-28',100,6),(20,'Informativo matinal 2022-03-25','Las noticias de hoy 2022-03-25',2,'2022-03-25',100,6),(21,'Informativo matinal 2022-03-24','Las noticias de hoy 2022-03-24',2,'2022-03-24',100,6),(22,'Informativo matinal 2022-03-22','Las noticias de hoy 2022-03-22',2,'2022-03-22',100,6),(23,'Informativo matinal 2022-03-21','Las noticias de hoy 2022-03-21',2,'2022-03-21',100,6),(24,'Ser demasiado racional','Cuántas veces nos habremos enfrentado a una de esas batallas en las que no tenemos claro si queremos luchar por que gane nuestra cabeza o nuestro corazón… Porque esa es la eterna pregunta: ¿a cuál de los dos tenemos que hacer más caso? ¿Qué es mejor, ser una persona emocional o ser una persona racional?',17,'2022-03-16',100,7),(25,'Gestionar la tristeza al terminar una relación','No es la primera vez que decimos que no es fácil poner fin a una relación de pareja. Los buenos momentos, las costumbres compartidas, los recuerdos… Pueden hacer que sintamos que es imposible salir de esa sensación de tristeza -seamos o no la persona que ha tomado la decisión- o que perdamos la esperanza de recuperar la ilusión en un futuro.',21,'2022-03-09',100,7),(27,'Mantener la calma en objetivos a largo plazo','Hay ocasiones en las que el largo plazo parece una especie de abismo al que jamás podemos llegar del todo… O, al menos, no con la ilusión y la tranquilidad con la que comenzamos a recorrerlo. Esta es la sensación de la amiga que nos propone el tema de hoy: ¿se puede mantener la calma a sabiendas de que los frutos del esfuerzo invertido tardarán en llegar? ¿Cómo podemos trabajar esa paciencia que se necesita en los proyectos y metas a largo plazo?',17,'2022-03-02',100,7),(28,'Aceptar decisiones de los demás','Nuestro entorno -las personas con las que nos relacionamos, los grupos sociales a los que pertenecemos, etc.- nos afecta de una manera u otra. Es lo que implica vivir en sociedad: que, muchas veces, nuestras decisiones afectan a otras personas y lo que los demás hacen acaba por afectarnos también a nosotros.',21,'2022-02-23',100,7),(29,'¿Es bueno planificar?','¿Perteneces a ese grupo de personas que tiende a planificar sus rutinas y su día a día? ¿O te consideras más de esos que deja libertad a la improvisación? Seas como seas y tal y como sucede en todos los ámbitos de la vida, lo ideal sería encontrar un equilibrio entre la organización y la espontaneidad, pero ¿cómo podemos hacerlo?',19,'2022-02-16',100,7),(30,'Una entrega muy boba','En este \'Nadie Sabe Nada\' se hace realidad la promesa de Andreu Buenafuente con el regalo inesperado de Berto Romero: se viste con el disfraz de niño de Boba Fit. La imagen quedará para los anales de la historia del programa y también en nuestras mentes. Una vez superado este trance psicodélico, el programa vuelve más o menos a la normalidad: preguntas, respuestas, secciones... y la irrupción de Sílvia Abril de \'Las del Grupo\' en el Estudio Toresky como si estuviera en su casa.',22,'2022-03-26',100,8),(31,'Onironautas y Onironautas, tan lejos, tan cerca','Pocas veces se produce esta situación: Berto Romero hace un regalo a Andreu Buenafuente. Lo malo de este \'Nadie Sabe Nada\' es que no veremos el resultado final de ese regalo hasta el siguiente programa. También seremos testigos de unas conversaciones sobre sueños, de las cosas que puede llegar a hacer un Tesla y el regreso del \'groove doméstico\', en esta ocasión adaptado a un cementerio.',53,'2022-03-19',100,8),(32,'La simulación del disimulo con Sterling y Joaquín','Un \'Nadie Sabe Nada\' que empieza con el ronroneo de Andreu Buenafuente, Berto Romero y las personas cárnicas de cuerpo presente en el estudio Toresky de La SER en Barcelona solo puede acabar con una situación surrealista: la escenificación del disimulo por el rey de esta práctica: Sterling. Mientras, Joaquín, tiene que soportar ser ignorado. Hay más cosas pero es mejor escucharlo o verlo. Las dos cosas son compatibles.',53,'2022-03-12',100,8),(33,'Correr desnudo tras un queso por una pendiente','Noticia: Andreu Buenafuente llega tarde. Bueno... no es noticia, es habitual. En este \'Nadie Sabe Nada\' se habla mucho de series, del universo \'Star Wars\' y el parecido de R2D2 con una papelera. El colofón lo pone Berto Romero descubriéndole a Andreu una función que no sabía de sus auriculares.',54,'2022-03-05',100,8),(34,'No nos duelen prendas hablar de la Edad Media','La relación de Andreu Buenafuente con el café es muy curiosa: cuando no le da subidón, se lo tira por encima. Y su relación con Sílvia Abril está siendo triste porque ella trabaja tanto que él la echa mucho de menos. Cuando la vea de nuevo le dará subidó y se la tirará por encima, seguro. Berto Romero hace un chiste malísimo y esto es para marcar en el calendario, descubre que podría dormir con una almohada de embarazada porque se siente mayor y pierde el apadrinamiento del programa de radio de Eva Soriano. Mal día para Berto en \'Nadie Sabe Nada\'.',53,'2022-02-26',100,8),(35,'Jordi Évole','Jordi Évole llamó a su productora Producciones del Barrio como una declaración de intenciones. Hace periodismo de altura con mucha calle, se codea con lo más alto haciéndoles bajar adonde la gente los necesita. Para saber más del hombre que cambió el periodismo de prime time hay que ir a Cornellá. Al asfalto donde se gestó el Follonero que asaltó los cielos.',47,'2022-03-24',100,9),(36,'No somos tan buenas','Hoy nos salimos por primera vez del papel de víctima para hablar de cuando nosotros hemos sido unas personas de mierda, de lo muchísimo que nos gusta discutir con hombres cuando sabemos que tenemos la razón, y sobre todo hablamos de Carrie Bradshaw.',66,'2022-03-27',100,10),(37,'Un cinco con 6 créditos','Hoy dos personas que no han ido a clase desde el día en el que se matricularon hablan de la universidad, de cómo empezaron siendo niños prodigio y al final el prodigio terminó siendo que tuvieran un mínimo ápice de motivación. Síguenos en @pijayquinqui.',67,'2022-03-20',100,10),(38,'La contrarreforma sexual','Bienvenidas un domingo más, chicas y gays. Esta semana hablamos del período más oscuro de nuestra historia reciente: la revolución sexual, las mentiras que nos vendieron como empoderantes y cómo nos han jodido un poquito la cabeza.',67,'2022-03-13',100,10),(39,'No quiero superarlo','En este episodio de La Pija y la Quinqui de emergencia hablamos de lo mismo de siempre: el amor romántico y la monogamia. O más bien, sus consecuencias. Hablamos de Taylor Swift y de Paz Padilla: cómo nos han dejado cucú y cómo se supone que tenemos que perdonar a estas personas que nos han dejado cucú, el porqué no queremos \'superar\' estas cosas y la presión de la gente para que lo hagas.',63,'2022-03-06',100,10),(40,'La zona sin comfort','Hoy hablamos de los criminales de guerra que pronuncian la frase \'tienes que salir de tu zona de comfort\', de nunca estar cómodos y de las cosas que son nuestro lugar seguro. Perdón por la intensidad.',66,'2022-02-27',100,10),(41,'Bofetón de Oscar','La agresión de Will Smith al cómico Chris Rock sobre el escenario empaña la noche de \'CODA\' y el español Alberto Mielgo.',5,'2022-03-28',100,11),(42,'De acuerdo','Los transportistas cierran un trato con el Gobierno, los países de la OTAN pactan una nueva estrategia de defensa y Estados Unidos y la UE acuerdan un nuevo plan para traer gas a Europa.',4,'2022-03-25',100,11),(43,'Un mes después','La OTAN anuncia el refuerzo de su flanco oriental cuando se cumplen cuatro semanas de la invasión rusa de Ucrania.',5,'2022-03-24',100,11),(44,'Frenazo','Las grandes empresas de alimentación y la industria pesada advierten de que su producción peligra si el paro del transporte sigue adelante.',5,'2022-03-23',100,11),(45,'No hay trato','El Gobierno ofrece 500 millones de ayudas directas a los camioneros, que rechazan la propuesta porque le falta concreción.',5,'2022-03-22',100,11),(46,'Levántate OK con Javier Cárdenas','Te contamos como el Gobierno ha tratado de engañar a los camioneros.',97,'2022-03-28',100,12),(47,'Levántate OK con Javier Cárdenas','La Unión Europea se cachondea de España por tener a un Ministro de Cultura y otra de Educación sin titulación universitaria...',85,'2022-03-25',100,12),(48,'Levántate OK con Javier Cárdenas','Pedro Sánchez se inventa un nuevo cargo para un amigo como embajador del COVID, pagado con nuestros impuestos.',86,'2022-03-24',100,12),(49,'Levántate OK con Javier Cárdenas','El PSOE de Huelva nos roba a todos mientras aseguran que la derecha tiene la corrupción en su ADN...',84,'2022-03-23',100,12),(50,'Levántate OK con Javier Cárdenas','¿Imaginas una película de ficción en la que el regalo del Sahara acabara en la cuenta bancaria de Pedro Sánchez?',93,'2022-03-22',100,12),(51,'¿Debe la tolerancia tolerar la intolerancia?','Ada Colau, alcaldesa de Barcelona y Samantha Hudson icono centenial y artista, conversan con Isaac Marcet, Director de PlayGround, sobre la calidad de nuestra democracia.',55,'2022-03-23',100,13),(52,'¿Está la democracia en extinción?','¿Somos conscientes de lo que estamos trasladando a los más jóvenes que escuchan los debates parlamentarios?',46,'2022-03-21',100,13),(53,'¿Sabes estar sol@?','En este episodio os hablo de la importancia de saber estar solo, ser independiente y no temerle a los fines de semana \'sin plan\'. Disfrutar de tiempo con uno mismo es fundamental.',24,'2022-03-21',100,13),(54,'Relaciones sanas: sí, es posible','En este episodio os cuento (a través de mi experiencia) como sí es posible tener una relación sana a pesar de haber tenido un pasado un poco más tóxico.',28,'2022-03-21',100,14),(55,'Deja de compararte con los demás','En este episodio os comparto cómo compararte con los demás destroza totalmente tu autoestima y tu salud mental, y cómo la mayor parte de cosas con las que nos comparamos ni siquiera son reales, todo es cuestión de perspectiva :)',25,'2022-03-21',100,14),(56,'¿Porqué no soy feliz?','En este episodio os invito a reflexionar sobre la felicidad, qué es lo que significa para mí y los motivos por los que podemos no ser felices!',36,'2022-03-21',100,14),(57,'La enfermiza obsesión con el físico','En este episodio os hablo de mi experiencia con los complejos físicos y la obsesión por el físico y comer saludable, así como mi opinión sobre cómo las redes sociales y los cánones de belleza afectan en este aspecto.',41,'2022-03-21',100,14),(58,'BOTOXMAMI','Hablamos de cirugía estética, de las imposiciones en los cánones de belleza y de esas cosillas de nuestro cuerpo que nos acomplejan. Nerea Pérez de las Heras e Inés Hernand, además, te explican el conflicto en el Sáhara y analizan el nuevo disco de Rosalía. ',55,'2022-03-23',100,15),(59,'TERRORISMO','Inés Hernand y Nerea Pérez de las Heras hablan de terrorismo con Carola García Clavo, investigadora principal del Instituto Elcano, y que explica qué se considera terrorismo, repasa los datos, las cifras y las listas de grupos que siguen en activo. Además, repasamos la última hora en la guerra de Ucrania y la entrada de la ultraderecha en un gobierno en España. ',48,'2022-03-16',100,15),(60,'SALDREMOS, MUJERES','Hablamos de feminismo, como no podía ser de otra forma, por el Día Internacional de la Mujer. Nerea Pérez de las Heras e Inés Hernand hacen una radiografía a un mundo hecho para los hombres: desde el diseño de las ciudades hasta el de los móviles, pasando por los ensayos clínicos o los sistemas de reconocimiento de voz.',58,'2022-03-08',100,15),(61,'SEÑORES MADUROS BUSCAN GUERRA','Esta semana hay poca risa: analizamos el conflicto de Rusia y Ucrania. Contamos con la ayuda del politólogo Alán Barroso y de la periodista ucraniana Margaryta Yakovenko, que nos explican cómo surge, qué consecuencias puede tener esta guerra y qué se espera en las próximas semanas.',55,'2022-03-02',100,15),(62,'SUSPENSO EN SEXO','¿Sabes cómo se transmite la clamidia? ¿Y qué te dice el color de tu flujo? El sexo no es un tabú que solo existe a puerta cerrada sino una parte de la vida inseparable de nuestra salud física o emocional, nuestra identidad y nuestra manera de relacionarnos con los demás. España es uno de los pocos países europeos que no imparte esta materia en sus aulas de manera oficial. Hablamos de fornicio pero también -y sobre todo- de relaciones sociales, desarrollo personal, pin parental y consumo de porno salvaje.  ¿Cuánto sabemos realmente de educación sexual?',54,'2022-02-23',100,15),(63,'La seducción','Hoy abrimos el melón más importante, el de la atracción y la conquista y los métodos necesarios para conseguirla. Hablamos de tácticas execrables para seducir, los buenos y malos seductores, y el increíble fenómeno del enamoramiento postcoital. Hablamos de la triangulación, la indiferencia y el \'neg\', no te pierdas este episodio porque es fundamental para tu vida.',81,'2022-03-20',100,16),(64,'Brujas','Hoy hablamos de las mujeres acusadas de brujería, de pactar con el diablo, de por qué usan escoba y tienen gato. Hablamos de brujas contemporáneas y de la historia del feminicidio que fueron las cazas de brujas. De Ambrose Bierce, Silvia Federicci, antisemitismo, la misoginia en los hombres de izquierda y de por qué, por qué, por qué, el amor es siempre un trabajo. No te lo pierdas.',73,'2022-03-06',100,16),(65,'La envidia','En este episodio hablamos del pecado universal más inconfesable y el más común. Relatamos todas las envidias a las que nos vemos sometidas y volvemos la vista atrás: la envidia y las mejores amigas, los celos como motor de escurrir el bulto, las mujeres que envidian, Dora Maar y los novios envidiosos. ¡No te lo pierdas!',85,'2022-02-20',100,16),(66,'La mentira','Hoy hablamos del acto utilizado por las personas para fingir, engañar, aparentar, persuadir o evitar situaciones. De mentir por neurosis, de relaciones abiertas, de mentir por amor sin parar. Pero también de Michelle Obama, el autoengaño de querer un sofá que no parezca un sofá y de salir con gente más guapa que tú. Miente, concursanta, que algo queda.',89,'2022-02-06',100,16),(67,'La juventud','Hoy hablamos del tránsito de la infancia a la edad adulta, ese tramo que mucha gente añora o no soporta perder. Tratamos la juventud de bell hooks y su búsqueda del amor, de las sitcoms familiares y el amor en la niñez. Pero también hablamos de la juventud en su dimensión menos idílica: la búsqueda insaciable de juventud como placer erótico que nunca se calma en Annie Ernaux, de por qué Boris Johnson es un auténtico cretino y de que hay demasiada gente haciéndose la joven que no lo es.',69,'2022-01-23',100,16),(68,'Episodio 0','Club 113 es una realidad y el capítulo 0 un homenaje a nuestros fans. Bienvenidos al Club 113.',110,'2022-03-02',100,17),(69,'Episodio 1 feat. Lunay','Primer-segundo episodio de Club 113, esta vez con Lunay como invitado. Coged sitio, bienvenidos a Club 113. ',87,'2022-03-09',100,17),(70,'Episodio 2 feat. El pequeño Nicolás','Bienvenidos a esta joya del entretenimiento. Disfrutad de Francisco Nicolás a.k.a. Pequeño Nilcolás. ',118,'2022-03-16',100,17),(71,'Episodio 3','La noche de las anécdotas y los trapos sucios. Coged sitio. Bienvenidos a Club 113.',90,'2022-03-23',100,17),(72,'#1 Bolleras','¿De dónde venimos, a dónde vamos, dónde estamos las lesbianas? Invisibilidad, silencio, tópicos, preguntas incómodas y mucho \'bollodrama\'.',66,'2022-02-03',100,18),(73,'#2 Salir del armario','Salir del armario es un derecho, un privilegio, una necesidad. Pero no siempre es fácil ni tampoco posible. Hacerse visible como lesbiana (todavía hoy) puede ser un ejercicio de valentía liberador, pero también resultar traumático. Mentiras, secretos, dudas, miedos y mucho \'bollodrama\'.',46,'2022-02-15',100,18),(74,'#3 Clase de sexo lésbico para heteros','Y vosotras, ¿cómo lo hacéis? Las lesbianas estamos hartas de esta pregunta... y de muchas más cosas que sufrimos por culpa de la ignorancia sobre la realidad del cuerpo y la mente de las mujeres en general. Esta es la guía definitiva para explicar cómo la psiquiatría y el porno han impulsado el comportamiento misógino de la sociedad hacia nosotras. Sigmund Freud... maldito seas.',44,'2022-02-28',100,18),(75,'#4 Especial 8M','¿Debemos las lesbianas ser feministas? Obviamente sí. Pero... ¿qué es el feminismo? En este especial 8M hablamos de ser mujeres, de ser bolleras, de la violencia patriarcal, institucional, médica, física, verbal, sexual e histórica que sufrimos. La que compartimos y contra la que luchamos cada día como hermanas.',54,'2022-03-08',100,18),(76,'#5 Función lésbica','Hablemos de fantasía y de imaginación. De libertad y deseo. De empotradoras y de roles, pero también de consentimiento y respeto. Del crush con Cate Blanchet, el hype con Malú y el efecto Henar Álvarez. Hablemos... de fantasías lésbicas.',52,'2022-03-22',100,18),(77,'Cinta 01: Familia & parroquia','Los susodichos hablan principalmente sobre la familia, aunque mantienen conversaciones dispersas y un discurso en ocasiones difícil de comprender. Don Julián, el dueño del bar, muestra una libreta de notas. Sería interesante investigar. A la espera de nuevas órdenes, me mantengo a la escucha.',31,'2021-06-04',100,19),(78,'Cinta 02: Deportistas & camareros','El degoteo de grabaciones en \'El Bar de los Broder Tolquin\' sigue trayéndonos conversaciones sobre temas diversos pero con poca relavancia para la investigación. Javier Coronas trabajó en unos almacenes de deportes vendiendo raquetas de tenis y \'esquises\' provocando más de una lesión. Raúl Cimas tiene fijación por clasificar a los camareros. Mientras que Julio, Julián y el Pirata viven en sus mundos.',31,'2021-06-18',100,19),(79,'Cinta 03: Marineros & soñadores','El sentido de la responsabilidad es lo que llevaba a los investigadores del caso del marido de Pili a no tirar la toalla y seguir con las escuchas. Las conversaciones seguían sin revelar nada importante: viajes de fin de curso a Camprodón, resolviendo crucigramas entre todos los del bar, baños en el mar, conciertos sin público, cálculos absurdos sobre el tiempo... O Raúl Cimas, Javier Coronas, Julio, Julián y el Pirata no sabían nada o eran tan listos que hablaban en clave para no ser descubiertos.',26,'2021-07-02',100,19),(80,'Cinta 04: Caminantes & superheroes','El equipo de investigación del caso \'El Bar de los Broder Tolquin\' empieza a ver que se está tramando algo oscuro en ese tugurio. Cuando Raúl Cimas y Javier Coronas hablan de \'andar para atrás\' se cree que hacen una referencia inequívoca a una huida, aunque aún no se sabe de qué, o cuando hacen referencia a hablar con los dientes apretados aluden a tapar bocas, cerrar picos, silenciar topos y chivatos.',26,'2021-07-16',100,19),(81,'Cinta 05: Playback & gorrinos','Tenemos respuestas a preguntas como ¿Brian May es un rácano? ¿El playback nace por pereza de la televisión? o ¿Quién fue el primer candidato para componer la banda sonora de Matrix? Pero no sirven para la investigación del marido de Pili, alias el Cabezón. Sí que descubrimos dónde se reunía la banda de Raúl Cimas y los primeros hurtos de Javier Coronas. Las grabaciones empiezan a dar sus frutos. Lo celebramos con tres \'dry martini\'.',26,'2022-07-30',100,19),(82,'Nuestros viajes raros 3x18','Hacemos un repaso a los viajes de nuestra vida. Además, reservadmos el viaje a Turín para ver Eurovisión desde allí (o lo intentamos).',40,'2022-02-24',100,20),(83,'Declaraciones de amor 3x19','Todos los crushes que han ocupado nuestros corazones. Y contactamos en directo con ellos para declararnos!',44,'2022-03-03',100,20),(84,'Musas y divas 3x20','Dedicamos este programa a todas las divas que no dan la vida. Belén Esteban, La Veneno, Laura Pausini... ¡y salimos a la calle! Nuestra primera dragalada.',43,'2022-03-10',100,20),(85,'Mentiras 3x21','Primer \'Reyes del palique Deluxe\', versión nocturna. Hablamos de nuestras excusas recurridas y mentiras más grandes. Quedamos fatal, pero es lo que hay...',40,'2022-03-17',100,20),(86,'Fin de una etapa 3x22','Hablamos de despedidas y los emocionantes finales de etapa que hemos vivido.',45,'2022-02-24',100,20);
/*!40000 ALTER TABLE `capitulo` ENABLE KEYS */;
UNLOCK TABLES;

--
-- Table structure for table `colaboracion_artistica`
--

DROP TABLE IF EXISTS `colaboracion_artistica`;
/*!40101 SET @saved_cs_client     = @@character_set_client */;
/*!50503 SET character_set_client = utf8mb4 */;
CREATE TABLE `colaboracion_artistica` (
  `artista_id` int(10) unsigned NOT NULL,
  `artista_colaborador_id` int(10) unsigned NOT NULL,
  `cancion_id` int(10) unsigned NOT NULL,
  PRIMARY KEY (`cancion_id`,`artista_id`,`artista_colaborador_id`),
  KEY `fk_colaboracion_artistica_artista2_idx` (`artista_colaborador_id`),
  KEY `fk_colaboracion_artistica_artista1_idx` (`artista_id`),
  KEY `fk_colaboracion_artistica_cancion1_idx` (`cancion_id`),
  CONSTRAINT `FK_DAC726FF5C236CBA` FOREIGN KEY (`artista_colaborador_id`) REFERENCES `artista` (`id`),
  CONSTRAINT `FK_DAC726FFAEB0CF13` FOREIGN KEY (`artista_id`) REFERENCES `artista` (`id`),
  CONSTRAINT `fk_colaboracion_artistica_cancion1` FOREIGN KEY (`cancion_id`) REFERENCES `cancion` (`id`) ON DELETE NO ACTION ON UPDATE NO ACTION
) ENGINE=InnoDB DEFAULT CHARSET=utf8;
/*!40101 SET character_set_client = @saved_cs_client */;

--
-- Dumping data for table `colaboracion_artistica`
--

LOCK TABLES `colaboracion_artistica` WRITE;
/*!40000 ALTER TABLE `colaboracion_artistica` DISABLE KEYS */;
INSERT INTO `colaboracion_artistica` VALUES (57,1,215),(2,3,29),(2,3,35),(2,4,29),(2,5,30),(2,6,32),(2,7,33),(2,8,33),(2,9,33),(2,10,34),(2,11,35),(2,12,36),(2,13,37),(2,14,38),(2,15,38),(2,16,39),(2,17,40),(2,18,41),(2,19,42),(2,19,47),(2,20,43),(2,21,44),(2,22,45),(2,22,46),(2,23,45),(2,23,46),(2,24,46),(2,25,47),(2,26,48),(2,27,49),(2,28,50),(2,29,51),(38,29,115),(30,31,55),(30,32,66),(30,33,67),(30,34,75),(30,35,76),(30,36,76),(30,37,79),(38,39,87),(86,39,186),(57,39,201),(38,40,88),(86,40,157),(38,41,89),(38,42,90),(60,42,136),(86,42,163),(57,42,207),(38,43,91),(57,43,221),(38,44,94),(38,45,96),(86,45,181),(38,46,98),(86,46,178),(1,47,15),(38,47,100),(38,48,105),(38,49,106),(38,50,107),(38,51,108),(143,51,312),(38,52,108),(86,52,179),(38,53,108),(38,54,108),(38,55,108),(38,56,109),(38,57,109),(38,58,109),(38,59,118),(60,61,121),(60,62,121),(109,62,239),(60,63,123),(60,64,126),(86,64,161),(60,65,126),(60,66,127),(86,66,161),(60,67,127),(60,68,130),(60,69,132),(60,70,133),(60,71,133),(60,72,134),(60,73,135),(57,73,194),(60,74,135),(60,75,135),(60,76,137),(86,76,167),(60,77,138),(60,78,138),(60,79,141),(60,80,147),(60,81,149),(60,82,151),(60,83,151),(60,84,152),(60,85,152),(86,87,154),(86,88,154),(86,89,160),(86,90,166),(57,90,199),(57,90,204),(86,91,166),(86,92,167),(86,93,168),(86,94,177),(86,95,184),(86,96,187),(86,97,188),(86,98,189),(57,99,196),(57,100,203),(57,101,204),(57,102,206),(57,103,208),(57,104,208),(57,105,209),(57,106,209),(57,107,223),(109,110,240),(109,111,241),(109,112,242),(109,113,243),(109,114,244),(109,115,245),(109,116,246),(109,117,247),(109,118,248),(109,119,249),(109,120,259),(109,121,251),(109,122,252),(109,123,253),(109,124,254),(109,125,255),(109,126,255),(109,127,256),(109,128,258),(109,129,259),(109,130,260),(109,131,261),(109,132,262),(134,135,285),(134,135,288),(134,135,293),(134,136,287),(134,137,288),(134,138,289),(134,138,295),(134,139,290),(134,139,292),(134,140,291),(134,141,294),(134,142,296),(143,144,311),(146,147,334),(146,148,335),(146,149,354),(1,150,3);
/*!40000 ALTER TABLE `colaboracion_artistica` ENABLE KEYS */;
UNLOCK TABLES;

--
-- Table structure for table `configuracion`
--

DROP TABLE IF EXISTS `configuracion`;
/*!40101 SET @saved_cs_client     = @@character_set_client */;
/*!50503 SET character_set_client = utf8mb4 */;
CREATE TABLE `configuracion` (
  `autoplay` tinyint(1) NOT NULL,
  `ajuste` tinyint(1) NOT NULL,
  `normalizacion` tinyint(1) NOT NULL,
  `idioma_id` int(10) unsigned DEFAULT NULL,
  `calidad_id` int(10) unsigned DEFAULT NULL,
  `tipo_descarga_id` int(10) unsigned DEFAULT NULL,
  `usuario_id` int(10) unsigned NOT NULL,
  PRIMARY KEY (`usuario_id`),
  UNIQUE KEY `usuario_id_UNIQUE` (`usuario_id`),
  KEY `fk_configuracion_idioma1_idx` (`idioma_id`),
  KEY `fk_configuracion_calidad1_idx` (`calidad_id`),
  KEY `fk_configuracion_tipo_descarga1_idx` (`tipo_descarga_id`),
  CONSTRAINT `FK_682CCAF1115B91E7` FOREIGN KEY (`calidad_id`) REFERENCES `calidad` (`id`),
  CONSTRAINT `FK_682CCAF144892150` FOREIGN KEY (`tipo_descarga_id`) REFERENCES `tipo_descarga` (`id`),
  CONSTRAINT `FK_682CCAF1DB38439E` FOREIGN KEY (`usuario_id`) REFERENCES `usuario` (`id`),
  CONSTRAINT `FK_682CCAF1DEDC0611` FOREIGN KEY (`idioma_id`) REFERENCES `idioma` (`id`)
) ENGINE=InnoDB DEFAULT CHARSET=utf8;
/*!40101 SET character_set_client = @saved_cs_client */;

--
-- Dumping data for table `configuracion`
--

LOCK TABLES `configuracion` WRITE;
/*!40000 ALTER TABLE `configuracion` DISABLE KEYS */;
INSERT INTO `configuracion` VALUES (0,0,0,1,5,4,1),(0,0,0,1,5,2,2),(0,0,0,5,2,5,3),(0,0,0,4,1,3,4),(0,0,0,5,2,5,5),(0,0,0,5,1,2,6),(0,0,0,4,4,3,7),(0,0,0,4,1,1,8),(0,0,0,2,2,5,9),(0,0,0,4,4,1,10),(0,0,0,2,4,4,11),(0,0,0,3,1,1,12),(0,0,0,2,4,1,13),(0,0,0,5,2,1,14),(0,0,0,1,3,4,15),(0,0,0,2,2,5,16),(0,0,0,2,4,5,17),(0,0,0,1,5,2,18),(0,0,0,3,1,3,19),(0,0,0,5,4,5,20),(0,0,0,4,5,2,21),(0,0,0,4,2,3,22),(0,0,0,2,5,3,23),(0,0,0,1,5,3,24),(0,0,0,1,4,1,25),(0,0,0,3,3,2,26),(0,0,0,5,2,5,27),(0,0,0,3,1,2,28),(0,0,0,3,1,1,29),(0,0,0,5,2,5,30),(0,0,0,5,5,2,31),(0,0,0,4,4,5,32),(0,0,0,3,5,5,33),(0,0,0,1,4,5,34),(0,0,0,2,1,4,35),(0,0,0,2,3,3,36),(0,0,0,3,5,5,37),(0,0,0,1,4,5,38),(0,0,0,5,2,3,39),(0,0,0,2,2,2,40),(0,0,0,4,5,3,41),(0,0,0,4,5,2,42),(0,0,0,1,1,4,43),(0,0,0,2,4,2,44),(0,0,0,3,5,5,45),(0,0,0,2,1,4,46),(0,0,0,2,1,1,47),(0,0,0,1,4,3,48),(0,0,0,2,2,3,49),(0,0,0,5,3,4,50),(0,0,0,2,1,1,51),(0,0,0,4,5,5,52),(0,0,0,5,3,1,53),(0,0,0,3,5,4,54),(0,0,0,2,1,2,55),(0,0,0,5,3,4,56),(0,0,0,3,3,1,57),(0,0,0,1,5,5,58),(0,0,0,1,1,4,59),(0,0,0,4,3,5,60),(0,0,0,5,3,2,61),(0,0,0,3,2,2,62),(0,0,0,4,3,1,63),(0,0,0,4,3,2,64),(0,0,0,2,5,2,65),(0,0,0,4,3,5,66),(0,0,0,3,1,1,67),(0,0,0,1,5,4,68),(0,0,0,3,4,5,69),(0,0,0,5,2,5,70),(0,0,0,5,3,1,71),(0,0,0,1,1,5,72),(0,0,0,3,2,5,73),(0,0,0,2,5,2,74),(0,0,0,1,3,4,75),(0,0,0,4,4,3,76),(0,0,0,4,4,5,77),(0,0,0,2,2,3,78),(0,0,0,3,2,5,79),(0,0,0,1,3,5,80),(0,0,0,1,2,1,81),(0,0,0,3,4,4,82),(0,0,0,5,4,4,83),(0,0,0,5,3,4,84),(0,0,0,5,5,4,85),(0,0,0,5,4,1,86),(0,0,0,3,2,1,87),(0,0,0,2,4,5,88),(0,0,0,2,2,1,89),(0,0,0,4,1,3,90),(0,0,0,5,1,4,91),(0,0,0,2,3,5,92),(0,0,0,2,4,3,93),(0,0,0,2,3,1,94),(0,0,0,4,4,1,95),(0,0,0,2,1,3,96),(0,0,0,3,2,5,97),(0,0,0,5,1,3,98),(0,0,0,4,3,4,99),(0,0,0,1,4,2,100);
/*!40000 ALTER TABLE `configuracion` ENABLE KEYS */;
UNLOCK TABLES;

--
-- Table structure for table `doctrine_migration_versions`
--

DROP TABLE IF EXISTS `doctrine_migration_versions`;
/*!40101 SET @saved_cs_client     = @@character_set_client */;
/*!50503 SET character_set_client = utf8mb4 */;
CREATE TABLE `doctrine_migration_versions` (
  `version` varchar(191) COLLATE utf8_unicode_ci NOT NULL,
  `executed_at` datetime DEFAULT NULL,
  `execution_time` int(11) DEFAULT NULL,
  PRIMARY KEY (`version`)
) ENGINE=InnoDB DEFAULT CHARSET=utf8 COLLATE=utf8_unicode_ci;
/*!40101 SET character_set_client = @saved_cs_client */;

--
-- Dumping data for table `doctrine_migration_versions`
--

LOCK TABLES `doctrine_migration_versions` WRITE;
/*!40000 ALTER TABLE `doctrine_migration_versions` DISABLE KEYS */;
INSERT INTO `doctrine_migration_versions` VALUES ('DoctrineMigrations\\Version20221127220249','2022-11-27 22:02:55',6574),('DoctrineMigrations\\Version20221130164636','2022-11-30 16:46:47',162),('DoctrineMigrations\\Version20221130165507','2022-11-30 16:58:29',205),('DoctrineMigrations\\Version20221130165909','2022-11-30 16:59:41',113),('DoctrineMigrations\\Version20221221175322','2022-12-21 17:54:55',410),('DoctrineMigrations\\Version20221221180726','2022-12-21 18:07:59',423),('DoctrineMigrations\\Version20221221180851','2022-12-21 18:09:13',254);
/*!40000 ALTER TABLE `doctrine_migration_versions` ENABLE KEYS */;
UNLOCK TABLES;

--
-- Table structure for table `eliminada`
--

DROP TABLE IF EXISTS `eliminada`;
/*!40101 SET @saved_cs_client     = @@character_set_client */;
/*!50503 SET character_set_client = utf8mb4 */;
CREATE TABLE `eliminada` (
  `fecha_eliminacion` date NOT NULL,
  `playlist_id` int(10) unsigned NOT NULL,
  PRIMARY KEY (`playlist_id`),
  KEY `fk_eliminada_playlist1_idx` (`playlist_id`),
  CONSTRAINT `fk_eliminada_playlist1` FOREIGN KEY (`playlist_id`) REFERENCES `playlist` (`id`) ON DELETE NO ACTION ON UPDATE NO ACTION
) ENGINE=InnoDB DEFAULT CHARSET=utf8;
/*!40101 SET character_set_client = @saved_cs_client */;

--
-- Dumping data for table `eliminada`
--

LOCK TABLES `eliminada` WRITE;
/*!40000 ALTER TABLE `eliminada` DISABLE KEYS */;
/*!40000 ALTER TABLE `eliminada` ENABLE KEYS */;
UNLOCK TABLES;

--
-- Table structure for table `favoritas`
--

DROP TABLE IF EXISTS `favoritas`;
/*!40101 SET @saved_cs_client     = @@character_set_client */;
/*!50503 SET character_set_client = utf8mb4 */;
CREATE TABLE `favoritas` (
  `playlist_id` int(10) unsigned NOT NULL,
  PRIMARY KEY (`playlist_id`),
  KEY `fk_favoritas_playlist1_idx` (`playlist_id`),
  CONSTRAINT `fk_favoritas_playlist1` FOREIGN KEY (`playlist_id`) REFERENCES `playlist` (`id`) ON DELETE NO ACTION ON UPDATE NO ACTION
) ENGINE=InnoDB DEFAULT CHARSET=utf8;
/*!40101 SET character_set_client = @saved_cs_client */;

--
-- Dumping data for table `favoritas`
--

LOCK TABLES `favoritas` WRITE;
/*!40000 ALTER TABLE `favoritas` DISABLE KEYS */;
INSERT INTO `favoritas` VALUES (1),(2),(3),(4),(5),(6),(7),(8),(9),(10),(11),(12),(13),(14),(15),(16),(17),(18),(19),(20),(21),(22),(23),(24),(25),(26),(27),(28),(29),(30),(31),(32),(33),(34),(35),(36),(37),(38),(39),(40),(41),(42),(43),(44),(45),(46),(47),(48),(49),(50),(51),(52),(53),(54),(55),(56),(57),(58),(59),(60),(61),(62),(63),(64),(65),(66),(67),(68),(69),(70),(71),(72),(73),(74),(75),(76),(77),(78),(79),(80),(81),(82),(83),(84),(85),(86),(87),(88),(89),(90),(91),(92),(93),(94),(95),(96),(97),(98),(99),(100);
/*!40000 ALTER TABLE `favoritas` ENABLE KEYS */;
UNLOCK TABLES;

--
-- Table structure for table `forma_pago`
--

DROP TABLE IF EXISTS `forma_pago`;
/*!40101 SET @saved_cs_client     = @@character_set_client */;
/*!50503 SET character_set_client = utf8mb4 */;
CREATE TABLE `forma_pago` (
  `id` int(10) unsigned NOT NULL AUTO_INCREMENT,
  PRIMARY KEY (`id`)
) ENGINE=InnoDB AUTO_INCREMENT=41 DEFAULT CHARSET=utf8;
/*!40101 SET character_set_client = @saved_cs_client */;

--
-- Dumping data for table `forma_pago`
--

LOCK TABLES `forma_pago` WRITE;
/*!40000 ALTER TABLE `forma_pago` DISABLE KEYS */;
INSERT INTO `forma_pago` VALUES (1),(2),(3),(4),(5),(6),(7),(8),(9),(10),(11),(12),(13),(14),(15),(16),(17),(18),(19),(20),(21),(22),(23),(24),(25),(26),(27),(28),(29),(30),(31),(32),(33),(34),(35),(36),(37),(38),(39),(40);
/*!40000 ALTER TABLE `forma_pago` ENABLE KEYS */;
UNLOCK TABLES;

--
-- Table structure for table `free`
--

DROP TABLE IF EXISTS `free`;
/*!40101 SET @saved_cs_client     = @@character_set_client */;
/*!50503 SET character_set_client = utf8mb4 */;
CREATE TABLE `free` (
  `fecha_revision` date NOT NULL,
  `tiempo_publicidad` int(11) NOT NULL DEFAULT '600',
  `usuario_id` int(10) unsigned NOT NULL,
  PRIMARY KEY (`usuario_id`),
  KEY `fk_free_usuario1_idx` (`usuario_id`),
  KEY `fecha_revision_idx` (`fecha_revision`),
  CONSTRAINT `FK_4D2EC1C8DB38439E` FOREIGN KEY (`usuario_id`) REFERENCES `usuario` (`id`)
) ENGINE=InnoDB DEFAULT CHARSET=utf8;
/*!40101 SET character_set_client = @saved_cs_client */;

--
-- Dumping data for table `free`
--

LOCK TABLES `free` WRITE;
/*!40000 ALTER TABLE `free` DISABLE KEYS */;
INSERT INTO `free` VALUES ('2021-08-03',855,1),('2021-04-28',608,2),('2021-11-29',815,3),('2021-05-01',651,4),('2022-01-22',799,5),('2022-03-02',652,6),('2021-10-23',801,7),('2021-05-18',889,8),('2021-12-03',1000,9),('2022-02-08',923,10),('2021-08-17',604,11),('2021-08-22',920,12),('2021-05-24',949,13),('2021-10-10',695,14),('2022-03-26',753,15),('2022-03-28',755,16),('2021-06-15',718,17),('2021-07-08',749,18),('2021-06-20',613,19),('2021-08-20',852,20),('2021-12-28',757,21),('2021-04-11',929,22),('2021-08-24',759,23),('2021-04-11',664,24),('2021-09-09',717,25),('2022-02-24',714,26),('2021-05-05',602,27),('2021-04-03',645,28),('2022-03-19',799,29),('2021-04-27',866,30),('2021-12-20',758,31),('2022-03-27',620,32),('2022-01-18',771,33),('2021-10-14',604,34),('2022-02-17',631,35),('2021-10-24',695,36),('2022-03-12',647,37),('2021-05-09',677,38),('2021-07-14',623,39),('2021-07-30',703,40),('2021-12-29',964,41),('2021-09-02',678,42),('2021-08-19',902,43),('2021-12-10',850,44),('2021-04-27',805,45),('2021-04-08',616,46),('2021-11-03',841,47),('2021-11-22',794,48),('2021-08-17',866,49),('2021-10-21',789,50),('2021-06-17',864,51),('2021-05-16',916,52),('2022-02-23',849,53),('2022-02-21',698,54),('2021-08-06',774,55),('2021-06-27',979,56),('2021-11-10',734,57),('2021-04-21',882,58),('2021-10-20',845,59),('2021-12-27',759,60),('2022-12-30',600,102);
/*!40000 ALTER TABLE `free` ENABLE KEYS */;
UNLOCK TABLES;

--
-- Table structure for table `guarda_cancion`
--

DROP TABLE IF EXISTS `guarda_cancion`;
/*!40101 SET @saved_cs_client     = @@character_set_client */;
/*!50503 SET character_set_client = utf8mb4 */;
CREATE TABLE `guarda_cancion` (
  `usuario_id` int(10) unsigned NOT NULL,
  `cancion_id` int(10) unsigned NOT NULL,
  PRIMARY KEY (`usuario_id`,`cancion_id`),
  KEY `IDX_ECD558B59B1D840F` (`cancion_id`),
  KEY `IDX_ECD558B5DB38439E` (`usuario_id`),
  CONSTRAINT `FK_ECD558B59B1D840F` FOREIGN KEY (`cancion_id`) REFERENCES `cancion` (`id`),
  CONSTRAINT `FK_ECD558B5DB38439E` FOREIGN KEY (`usuario_id`) REFERENCES `usuario` (`id`)
) ENGINE=InnoDB DEFAULT CHARSET=utf8;
/*!40101 SET character_set_client = @saved_cs_client */;

--
-- Dumping data for table `guarda_cancion`
--

LOCK TABLES `guarda_cancion` WRITE;
/*!40000 ALTER TABLE `guarda_cancion` DISABLE KEYS */;
INSERT INTO `guarda_cancion` VALUES (27,1),(37,1),(39,1),(50,1),(55,1),(71,1),(78,1),(81,1),(84,1),(85,1),(90,1),(91,1),(95,1),(96,1),(1,2),(8,2),(19,2),(24,2),(25,2),(36,2),(38,2),(41,2),(42,2),(49,2),(55,2),(63,2),(64,2),(68,2),(71,2),(5,3),(7,3),(8,3),(19,3),(30,3),(52,3),(55,3),(58,3),(66,3),(72,3),(76,3),(82,3),(83,3),(89,3),(6,4),(15,4),(22,4),(25,4),(27,4),(36,4),(51,4),(60,4),(67,4),(95,4),(100,4),(10,5),(16,5),(20,5),(29,5),(33,5),(40,5),(42,5),(61,5),(68,5),(75,5),(88,5),(89,5),(5,6),(6,6),(13,6),(18,6),(20,6),(40,6),(45,6),(47,6),(60,6),(83,6),(84,6),(94,6),(95,6),(1,7),(8,7),(19,7),(28,7),(33,7),(37,7),(48,7),(57,7),(73,7),(82,7),(91,7),(95,7),(96,7),(2,8),(4,8),(18,8),(19,8),(30,8),(32,8),(35,8),(38,8),(49,8),(58,8),(59,8),(60,8),(73,8),(95,8),(98,8),(100,8),(13,9),(29,9),(30,9),(31,9),(32,9),(48,9),(49,9),(50,9),(52,9),(55,9),(73,9),(78,9),(82,9),(90,9),(6,10),(8,10),(20,10),(22,10),(39,10),(42,10),(43,10),(69,10),(90,10),(93,10),(98,10),(2,11),(19,11),(21,11),(23,11),(27,11),(37,11),(42,11),(45,11),(46,11),(49,11),(53,11),(56,11),(57,11),(68,11),(76,11),(2,12),(22,12),(28,12),(35,12),(39,12),(42,12),(47,12),(48,12),(49,12),(50,12),(61,12),(63,12),(64,12),(78,12),(79,12),(84,12),(89,12),(2,13),(7,13),(8,13),(10,13),(18,13),(19,13),(24,13),(31,13),(38,13),(45,13),(90,13),(12,14),(18,14),(24,14),(31,14),(35,14),(42,14),(44,14),(46,14),(68,14),(73,14),(77,14),(90,14),(91,14),(12,15),(21,15),(27,15),(29,15),(36,15),(49,15),(67,15),(74,15),(85,15),(87,15),(2,16),(6,16),(7,16),(9,16),(17,16),(28,16),(47,16),(51,16),(61,16),(92,16),(98,16),(15,17),(39,17),(41,17),(43,17),(48,17),(53,17),(56,17),(76,17),(77,17),(78,17),(79,17),(84,17),(90,17),(96,17),(1,18),(28,18),(31,18),(36,18),(39,18),(40,18),(41,18),(44,18),(49,18),(65,18),(68,18),(78,18),(82,18),(88,18),(95,18),(99,18),(17,19),(19,19),(22,19),(31,19),(47,19),(50,19),(65,19),(77,19),(81,19),(87,19),(99,19),(9,20),(10,20),(11,20),(13,20),(25,20),(26,20),(37,20),(40,20),(46,20),(58,20),(60,20),(62,20),(63,20),(74,20),(80,20),(89,20),(91,20),(99,20),(10,21),(12,21),(27,21),(35,21),(36,21),(48,21),(49,21),(64,21),(69,21),(77,21),(78,21),(86,21),(92,21),(96,21),(13,22),(23,22),(25,22),(31,22),(32,22),(34,22),(41,22),(51,22),(52,22),(53,22),(54,22),(58,22),(65,22),(70,22),(72,22),(87,22),(90,22),(93,22),(95,22),(1,23),(14,23),(18,23),(23,23),(24,23),(32,23),(52,23),(54,23),(59,23),(69,23),(83,23),(92,23),(96,23),(5,24),(10,24),(15,24),(20,24),(27,24),(34,24),(37,24),(38,24),(39,24),(76,24),(80,24),(87,24),(88,24),(89,24),(91,24),(92,24),(95,24),(1,25),(6,25),(8,25),(18,25),(23,25),(41,25),(46,25),(51,25),(61,25),(63,25),(71,25),(74,25),(4,26),(13,26),(20,26),(36,26),(52,26),(85,26),(93,26),(99,26),(6,27),(23,27),(28,27),(32,27),(37,27),(39,27),(55,27),(92,27),(93,27),(96,27),(100,27),(6,28),(21,28),(25,28),(32,28),(34,28),(36,28),(52,28),(88,28),(92,28),(95,28),(99,28),(2,29),(15,29),(16,29),(18,29),(25,29),(39,29),(50,29),(54,29),(65,29),(67,29),(71,29),(22,30),(23,30),(48,30),(53,30),(56,30),(59,30),(73,30),(74,30),(75,30),(81,30),(5,31),(13,31),(34,31),(63,31),(66,31),(82,31),(98,31),(4,32),(18,32),(20,32),(25,32),(27,32),(42,32),(47,32),(52,32),(58,32),(67,32),(87,32),(100,32),(16,33),(28,33),(30,33),(31,33),(35,33),(38,33),(46,33),(49,33),(56,33),(60,33),(64,33),(71,33),(84,33),(89,33),(19,34),(22,34),(31,34),(36,34),(42,34),(50,34),(55,34),(83,34),(85,34),(88,34),(100,34),(38,35),(42,35),(45,35),(48,35),(49,35),(50,35),(60,35),(62,35),(67,35),(68,35),(72,35),(79,35),(83,35),(84,35),(90,35),(2,36),(5,36),(12,36),(25,36),(38,36),(39,36),(43,36),(49,36),(53,36),(54,36),(58,36),(68,36),(72,36),(91,36),(96,36),(4,37),(10,37),(19,37),(20,37),(23,37),(45,37),(46,37),(55,37),(56,37),(58,37),(75,37),(77,37),(2,38),(7,38),(23,38),(26,38),(29,38),(34,38),(35,38),(50,38),(61,38),(71,38),(72,38),(76,38),(79,38),(90,38),(92,38),(6,39),(8,39),(9,39),(14,39),(16,39),(18,39),(36,39),(51,39),(54,39),(55,39),(65,39),(70,39),(89,39),(94,39),(18,40),(21,40),(34,40),(41,40),(42,40),(44,40),(80,40),(86,40),(7,41),(8,41),(12,41),(16,41),(49,41),(54,41),(56,41),(77,41),(78,41),(97,41),(29,42),(43,42),(72,42),(90,42),(92,42),(94,42),(21,43),(24,43),(48,43),(72,43),(75,43),(85,43),(94,43),(99,43),(10,44),(12,44),(19,44),(23,44),(28,44),(38,44),(40,44),(44,44),(51,44),(84,44),(85,44),(100,44),(1,45),(4,45),(8,45),(10,45),(18,45),(21,45),(26,45),(38,45),(39,45),(49,45),(61,45),(65,45),(78,45),(89,45),(99,45),(9,46),(14,46),(18,46),(25,46),(34,46),(36,46),(38,46),(47,46),(50,46),(63,46),(77,46),(78,46),(4,47),(13,47),(16,47),(18,47),(25,47),(45,47),(89,47),(97,47),(8,48),(10,48),(19,48),(32,48),(41,48),(44,48),(60,48),(68,48),(70,48),(73,48),(79,48),(91,48),(96,48),(100,48),(12,49),(16,49),(33,49),(38,49),(48,49),(51,49),(59,49),(65,49),(68,49),(74,49),(87,49),(90,49),(92,49),(95,49),(100,49),(14,50),(20,50),(28,50),(36,50),(60,50),(77,50),(82,50),(94,50),(1,51),(3,51),(10,51),(17,51),(18,51),(20,51),(31,51),(38,51),(41,51),(43,51),(47,51),(59,51),(61,51),(65,51),(68,51),(84,51),(1,52),(4,52),(23,52),(29,52),(34,52),(35,52),(42,52),(49,52),(53,52),(54,52),(62,52),(67,52),(68,52),(70,52),(76,52),(77,52),(78,52),(82,52),(84,52),(1,53),(16,53),(28,53),(34,53),(46,53),(70,53),(73,53),(77,53),(79,53),(91,53),(96,53),(98,53),(100,53),(2,54),(3,54),(8,54),(14,54),(15,54),(18,54),(26,54),(28,54),(34,54),(38,54),(40,54),(48,54),(51,54),(53,54),(54,54),(67,54),(68,54),(75,54),(76,54),(79,54),(87,54),(100,54),(2,55),(4,55),(28,55),(38,55),(40,55),(56,55),(58,55),(63,55),(72,55),(77,55),(78,55),(82,55),(90,55),(94,55),(96,55),(97,55),(6,56),(13,56),(14,56),(26,56),(28,56),(31,56),(37,56),(47,56),(80,56),(84,56),(86,56),(97,56),(9,57),(12,57),(26,57),(28,57),(31,57),(34,57),(56,57),(66,57),(82,57),(83,57),(95,57),(2,58),(3,58),(4,58),(9,58),(13,58),(27,58),(30,58),(48,58),(50,58),(51,58),(77,58),(81,58),(82,58),(9,59),(19,59),(30,59),(36,59),(37,59),(53,59),(87,59),(93,59),(97,59),(12,60),(16,60),(19,60),(28,60),(29,60),(31,60),(35,60),(36,60),(38,60),(39,60),(47,60),(50,60),(62,60),(69,60),(77,60),(84,60),(88,60),(95,60),(38,61),(40,61),(49,61),(62,61),(68,61),(70,61),(73,61),(78,61),(85,61),(87,61),(88,61),(95,61),(2,62),(7,62),(10,62),(14,62),(26,62),(28,62),(31,62),(46,62),(62,62),(68,62),(69,62),(72,62),(78,62),(89,62),(4,63),(9,63),(12,63),(19,63),(27,63),(28,63),(35,63),(40,63),(44,63),(46,63),(49,63),(54,63),(57,63),(70,63),(75,63),(78,63),(88,63),(95,63),(97,63),(9,64),(18,64),(21,64),(23,64),(31,64),(37,64),(39,64),(41,64),(52,64),(56,64),(59,64),(62,64),(63,64),(3,65),(6,65),(27,65),(29,65),(37,65),(38,65),(54,65),(71,65),(72,65),(99,65),(6,66),(13,66),(26,66),(30,66),(39,66),(41,66),(43,66),(47,66),(48,66),(49,66),(52,66),(59,66),(61,66),(70,66),(17,67),(33,67),(36,67),(41,67),(42,67),(54,67),(64,67),(65,67),(74,67),(79,67),(84,67),(85,67),(91,67),(96,67),(98,67),(99,67),(1,68),(6,68),(12,68),(13,68),(26,68),(27,68),(30,68),(38,68),(39,68),(40,68),(41,68),(53,68),(58,68),(60,68),(66,68),(69,68),(83,68),(93,68),(95,68),(100,68),(20,69),(23,69),(30,69),(49,69),(52,69),(55,69),(67,69),(86,69),(6,70),(7,70),(9,70),(12,70),(27,70),(35,70),(38,70),(58,70),(59,70),(60,70),(65,70),(66,70),(71,70),(72,70),(73,70),(85,70),(89,70),(95,70),(4,71),(10,71),(18,71),(20,71),(23,71),(24,71),(39,71),(41,71),(44,71),(49,71),(73,71),(78,71),(80,71),(81,71),(25,72),(28,72),(30,72),(31,72),(32,72),(58,72),(61,72),(81,72),(83,72),(85,72),(8,73),(14,73),(22,73),(34,73),(38,73),(48,73),(53,73),(58,73),(61,73),(83,73),(85,73),(86,73),(87,73),(90,73),(12,74),(16,74),(18,74),(24,74),(42,74),(55,74),(67,74),(70,74),(91,74),(92,74),(99,74),(1,75),(6,75),(16,75),(26,75),(40,75),(46,75),(50,75),(54,75),(66,75),(73,75),(82,75),(86,75),(11,76),(25,76),(32,76),(39,76),(62,76),(63,76),(70,76),(73,76),(79,76),(82,76),(86,76),(93,76),(8,77),(9,77),(23,77),(35,77),(36,77),(41,77),(43,77),(47,77),(69,77),(70,77),(72,77),(76,77),(91,77),(2,78),(13,78),(16,78),(23,78),(34,78),(45,78),(54,78),(60,78),(74,78),(79,78),(84,78),(86,78),(88,78),(90,78),(98,78),(5,79),(9,79),(27,79),(32,79),(40,79),(43,79),(47,79),(61,79),(74,79),(90,79),(7,80),(10,80),(18,80),(25,80),(30,80),(40,80),(43,80),(46,80),(48,80),(62,80),(63,80),(69,80),(75,80),(82,80),(85,80),(100,80),(12,81),(34,81),(36,81),(42,81),(57,81),(61,81),(74,81),(75,81),(84,81),(91,81),(98,81),(11,82),(15,82),(17,82),(32,82),(44,82),(45,82),(52,82),(62,82),(73,82),(90,82),(99,82),(2,83),(7,83),(9,83),(13,83),(17,83),(25,83),(26,83),(33,83),(34,83),(45,83),(46,83),(56,83),(61,83),(63,83),(81,83),(95,83),(96,83),(8,84),(10,84),(14,84),(16,84),(29,84),(38,84),(40,84),(52,84),(64,84),(66,84),(74,84),(75,84),(78,84),(85,84),(93,84),(94,84),(98,84),(8,85),(13,85),(32,85),(36,85),(40,85),(55,85),(97,85),(1,86),(10,86),(24,86),(39,86),(41,86),(56,86),(72,86),(73,86),(76,86),(83,86),(85,86),(90,86),(91,86),(16,87),(42,87),(52,87),(53,87),(54,87),(64,87),(72,87),(90,87),(97,87),(11,88),(54,88),(62,88),(69,88),(80,88),(81,88),(87,88),(90,88),(96,88),(100,88),(4,89),(6,89),(14,89),(15,89),(68,89),(69,89),(77,89),(90,89),(98,89),(100,89),(6,90),(15,90),(28,90),(30,90),(32,90),(36,90),(40,90),(50,90),(77,90),(90,90),(92,90),(97,90),(9,91),(18,91),(21,91),(25,91),(35,91),(39,91),(45,91),(52,91),(61,91),(69,91),(77,91),(90,91),(91,91),(92,91),(93,91),(98,91),(4,92),(14,92),(22,92),(27,92),(29,92),(35,92),(42,92),(45,92),(50,92),(52,92),(55,92),(67,92),(72,92),(87,92),(91,92),(96,92),(97,92),(99,92),(1,93),(2,93),(5,93),(6,93),(9,93),(12,93),(13,93),(15,93),(23,93),(35,93),(40,93),(46,93),(49,93),(51,93),(53,93),(61,93),(70,93),(72,93),(80,93),(3,94),(4,94),(5,94),(22,94),(32,94),(35,94),(57,94),(61,94),(78,94),(89,94),(9,95),(17,95),(26,95),(30,95),(51,95),(52,95),(90,95),(91,95),(94,95),(2,96),(7,96),(15,96),(17,96),(25,96),(29,96),(32,96),(33,96),(36,96),(42,96),(67,96),(78,96),(86,96),(89,96),(13,97),(17,97),(26,97),(28,97),(30,97),(34,97),(38,97),(40,97),(46,97),(48,97),(56,97),(58,97),(59,97),(77,97),(78,97),(82,97),(91,97),(2,98),(3,98),(12,98),(24,98),(25,98),(28,98),(42,98),(46,98),(47,98),(50,98),(51,98),(62,98),(67,98),(68,98),(71,98),(87,98),(89,98),(91,98),(21,99),(39,99),(44,99),(48,99),(53,99),(55,99),(63,99),(75,99),(94,99),(96,99),(11,100),(13,100),(17,100),(27,100),(39,100),(51,100),(76,100),(84,100),(1,101),(7,101),(29,101),(31,101),(33,101),(35,101),(66,101),(72,101),(97,101),(6,102),(8,102),(29,102),(30,102),(35,102),(45,102),(58,102),(61,102),(62,102),(81,102),(86,102),(88,102),(90,102),(94,102),(21,103),(22,103),(40,103),(48,103),(54,103),(61,103),(63,103),(73,103),(81,103),(83,103),(85,103),(88,103),(99,103),(3,104),(17,104),(22,104),(31,104),(32,104),(43,104),(52,104),(72,104),(83,104),(89,104),(96,104),(17,105),(18,105),(20,105),(21,105),(25,105),(32,105),(35,105),(55,105),(60,105),(69,105),(72,105),(73,105),(91,105),(94,105),(1,106),(5,106),(8,106),(26,106),(34,106),(64,106),(71,106),(74,106),(94,106),(1,107),(6,107),(7,107),(10,107),(13,107),(16,107),(57,107),(61,107),(64,107),(78,107),(79,107),(89,107),(97,107),(2,108),(7,108),(17,108),(38,108),(39,108),(45,108),(58,108),(61,108),(66,108),(70,108),(71,108),(85,108),(86,108),(99,108),(3,109),(29,109),(36,109),(39,109),(40,109),(58,109),(67,109),(74,109),(79,109),(86,109),(88,109),(91,109),(92,109),(93,109),(9,110),(11,110),(17,110),(42,110),(53,110),(68,110),(75,110),(76,110),(77,110),(86,110),(87,110),(100,110),(13,111),(15,111),(16,111),(18,111),(19,111),(20,111),(23,111),(27,111),(28,111),(30,111),(42,111),(54,111),(65,111),(66,111),(76,111),(78,111),(87,111),(91,111),(3,112),(8,112),(10,112),(11,112),(26,112),(27,112),(32,112),(39,112),(41,112),(45,112),(48,112),(54,112),(57,112),(65,112),(75,112),(85,112),(93,112),(95,112),(7,113),(15,113),(28,113),(39,113),(57,113),(58,113),(70,113),(77,113),(83,113),(95,113),(97,113),(6,114),(10,114),(15,114),(18,114),(19,114),(30,114),(34,114),(43,114),(44,114),(69,114),(72,114),(77,114),(81,114),(83,114),(84,114),(91,114),(100,114),(2,115),(19,115),(26,115),(39,115),(41,115),(52,115),(59,115),(71,115),(81,115),(82,115),(86,115),(87,115),(96,115),(1,116),(9,116),(10,116),(15,116),(21,116),(31,116),(32,116),(49,116),(52,116),(64,116),(69,116),(86,116),(3,117),(12,117),(13,117),(24,117),(34,117),(53,117),(54,117),(55,117),(57,117),(61,117),(62,117),(68,117),(74,117),(82,117),(96,117),(4,118),(5,118),(17,118),(22,118),(23,118),(30,118),(31,118),(44,118),(47,118),(59,118),(64,118),(67,118),(69,118),(78,118),(79,118),(80,118),(91,118),(5,119),(10,119),(14,119),(16,119),(21,119),(29,119),(42,119),(44,119),(54,119),(61,119),(68,119),(74,119),(80,119),(89,119),(92,119),(2,120),(4,120),(23,120),(26,120),(33,120),(43,120),(44,120),(50,120),(54,120),(63,120),(65,120),(74,120),(78,120),(81,120),(91,120),(99,120),(14,121),(21,121),(35,121),(43,121),(46,121),(48,121),(50,121),(53,121),(58,121),(61,121),(72,121),(75,121),(76,121),(82,121),(84,121),(85,121),(93,121),(3,122),(5,122),(9,122),(11,122),(16,122),(23,122),(34,122),(40,122),(45,122),(48,122),(54,122),(74,122),(92,122),(95,122),(96,122),(1,123),(13,123),(16,123),(31,123),(32,123),(56,123),(57,123),(58,123),(63,123),(66,123),(75,123),(77,123),(81,123),(92,123),(96,123),(16,124),(21,124),(31,124),(33,124),(41,124),(48,124),(71,124),(74,124),(81,124),(84,124),(89,124),(98,124),(2,125),(4,125),(11,125),(17,125),(23,125),(35,125),(40,125),(42,125),(43,125),(51,125),(53,125),(62,125),(76,125),(92,125),(100,125),(5,126),(9,126),(12,126),(14,126),(15,126),(20,126),(29,126),(38,126),(39,126),(40,126),(49,126),(55,126),(5,127),(16,127),(18,127),(24,127),(34,127),(45,127),(49,127),(51,127),(55,127),(83,127),(93,127),(95,127),(1,128),(2,128),(11,128),(12,128),(15,128),(18,128),(24,128),(33,128),(39,128),(40,128),(44,128),(54,128),(68,128),(71,128),(72,128),(74,128),(78,128),(13,129),(15,129),(18,129),(24,129),(33,129),(34,129),(37,129),(43,129),(54,129),(63,129),(64,129),(71,129),(75,129),(76,129),(81,129),(82,129),(91,129),(97,129),(2,130),(4,130),(18,130),(28,130),(33,130),(35,130),(38,130),(39,130),(45,130),(55,130),(64,130),(65,130),(83,130),(89,130),(91,130),(93,130),(2,131),(3,131),(7,131),(19,131),(20,131),(26,131),(32,131),(42,131),(43,131),(44,131),(46,131),(50,131),(70,131),(77,131),(80,131),(82,131),(84,131),(96,131),(9,132),(20,132),(21,132),(25,132),(40,132),(43,132),(61,132),(68,132),(70,132),(78,132),(99,132),(3,133),(8,133),(26,133),(29,133),(30,133),(41,133),(47,133),(48,133),(49,133),(50,133),(56,133),(71,133),(73,133),(75,133),(79,133),(96,133),(1,134),(5,134),(7,134),(13,134),(17,134),(28,134),(62,134),(75,134),(79,134),(82,134),(86,134),(87,134),(88,134),(92,134),(2,135),(19,135),(25,135),(39,135),(54,135),(58,135),(67,135),(68,135),(70,135),(77,135),(79,135),(80,135),(83,135),(89,135),(4,136),(6,136),(16,136),(17,136),(19,136),(24,136),(38,136),(59,136),(65,136),(75,136),(76,136),(78,136),(79,136),(83,136),(85,136),(89,136),(91,136),(11,137),(13,137),(22,137),(41,137),(45,137),(47,137),(82,137),(85,137),(10,138),(28,138),(31,138),(39,138),(43,138),(45,138),(48,138),(51,138),(54,138),(58,138),(68,138),(73,138),(83,138),(84,138),(92,138),(94,138),(22,139),(36,139),(54,139),(65,139),(66,139),(84,139),(89,139),(5,140),(9,140),(35,140),(49,140),(75,140),(78,140),(79,140),(99,140),(5,141),(6,141),(37,141),(40,141),(41,141),(61,141),(65,141),(74,141),(83,141),(92,141),(1,142),(11,142),(16,142),(22,142),(28,142),(30,142),(33,142),(52,142),(54,142),(70,142),(81,142),(82,142),(86,142),(87,142),(90,142),(93,142),(8,143),(43,143),(48,143),(74,143),(83,143),(15,144),(24,144),(31,144),(34,144),(39,144),(40,144),(43,144),(45,144),(52,144),(66,144),(73,144),(88,144),(93,144),(95,144),(4,145),(16,145),(20,145),(45,145),(46,145),(47,145),(59,145),(69,145),(70,145),(88,145),(4,146),(11,146),(31,146),(34,146),(39,146),(41,146),(58,146),(61,146),(67,146),(73,146),(81,146),(16,147),(40,147),(49,147),(51,147),(6,148),(29,148),(50,148),(54,148),(59,148),(66,148),(73,148),(87,148),(99,148),(5,149),(13,149),(14,149),(46,149),(49,149),(56,149),(72,149),(74,149),(90,149),(19,150),(24,150),(29,150),(40,150),(44,150),(50,150),(54,150),(62,150),(75,150),(83,150),(4,151),(16,151),(21,151),(32,151),(40,151),(48,151),(53,151),(58,151),(72,151),(73,151),(79,151),(88,151),(12,152),(15,152),(17,152),(20,152),(55,152),(58,152),(62,152),(64,152),(77,152),(83,152),(88,152),(91,152),(94,152),(99,152),(9,153),(20,153),(42,153),(50,153),(52,153),(70,153),(79,153),(80,153),(85,153),(90,153),(97,153),(9,154),(30,154),(37,154),(43,154),(46,154),(57,154),(64,154),(73,154),(75,154),(77,154),(92,154),(100,154),(25,155),(35,155),(48,155),(60,155),(74,155),(80,155),(81,155),(84,155),(95,155),(98,155),(22,156),(30,156),(44,156),(47,156),(59,156),(67,156),(70,156),(4,157),(43,157),(45,157),(50,157),(51,157),(60,157),(85,157),(4,158),(11,158),(12,158),(13,158),(41,158),(43,158),(59,158),(61,158),(62,158),(65,158),(84,158),(92,158),(98,158),(5,159),(10,159),(16,159),(29,159),(32,159),(35,159),(51,159),(68,159),(70,159),(78,159),(85,159),(92,159),(93,159),(99,159),(100,159),(8,160),(13,160),(15,160),(24,160),(51,160),(63,160),(64,160),(75,160),(97,160),(9,161),(34,161),(45,161),(51,161),(54,161),(61,161),(63,161),(77,161),(82,161),(91,161),(96,161),(15,162),(17,162),(22,162),(35,162),(40,162),(51,162),(52,162),(53,162),(54,162),(56,162),(58,162),(62,162),(67,162),(73,162),(86,162),(87,162),(89,162),(94,162),(9,163),(15,163),(18,163),(31,163),(45,163),(46,163),(47,163),(48,163),(66,163),(68,163),(70,163),(77,163),(85,163),(88,163),(96,163),(12,164),(14,164),(18,164),(26,164),(32,164),(33,164),(36,164),(42,164),(46,164),(49,164),(67,164),(73,164),(74,164),(79,164),(91,164),(95,164),(97,164),(8,165),(26,165),(36,165),(41,165),(43,165),(45,165),(57,165),(61,165),(82,165),(87,165),(92,165),(99,165),(12,166),(17,166),(34,166),(45,166),(52,166),(60,166),(70,166),(85,166),(88,166),(89,166),(7,167),(20,167),(22,167),(26,167),(33,167),(45,167),(48,167),(51,167),(55,167),(56,167),(77,167),(95,167),(4,168),(11,168),(12,168),(21,168),(41,168),(62,168),(71,168),(85,168),(88,168),(89,168),(94,168),(98,168),(99,168),(100,168),(11,169),(12,169),(14,169),(21,169),(32,169),(36,169),(59,169),(69,169),(91,169),(94,169),(97,169),(1,170),(2,170),(5,170),(7,170),(19,170),(28,170),(37,170),(55,170),(57,170),(62,170),(63,170),(76,170),(77,170),(1,171),(6,171),(14,171),(16,171),(21,171),(23,171),(34,171),(38,171),(43,171),(50,171),(52,171),(66,171),(79,171),(84,171),(87,171),(92,171),(100,171),(36,172),(42,172),(61,172),(82,172),(83,172),(85,172),(88,172),(90,172),(92,172),(5,173),(17,173),(29,173),(38,173),(41,173),(44,173),(49,173),(51,173),(52,173),(73,173),(75,173),(89,173),(91,173),(97,173),(98,173),(100,173),(4,174),(27,174),(32,174),(34,174),(44,174),(45,174),(52,174),(63,174),(72,174),(87,174),(89,174),(91,174),(95,174),(15,175),(28,175),(66,175),(79,175),(80,175),(97,175),(4,176),(8,176),(18,176),(30,176),(32,176),(41,176),(51,176),(64,176),(66,176),(75,176),(79,176),(91,176),(97,176),(1,177),(14,177),(21,177),(25,177),(35,177),(38,177),(44,177),(55,177),(78,177),(79,177),(5,178),(6,178),(8,178),(10,178),(40,178),(57,178),(71,178),(100,178),(3,179),(4,179),(11,179),(26,179),(37,179),(52,179),(55,179),(64,179),(72,179),(77,179),(92,179),(99,179),(4,180),(9,180),(20,180),(25,180),(30,180),(38,180),(62,180),(68,180),(76,180),(84,180),(90,180),(14,181),(17,181),(19,181),(20,181),(32,181),(35,181),(42,181),(47,181),(53,181),(94,181),(16,182),(32,182),(40,182),(43,182),(44,182),(57,182),(76,182),(79,182),(80,182),(82,182),(85,182),(89,182),(92,182),(8,183),(9,183),(11,183),(22,183),(24,183),(30,183),(51,183),(52,183),(65,183),(71,183),(82,183),(95,183),(99,183),(18,184),(30,184),(45,184),(49,184),(56,184),(59,184),(60,184),(85,184),(17,185),(28,185),(43,185),(45,185),(47,185),(70,185),(75,185),(79,185),(83,185),(88,185),(89,185),(98,185),(99,185),(25,186),(27,186),(28,186),(29,186),(35,186),(53,186),(64,186),(78,186),(81,186),(91,186),(96,186),(6,187),(10,187),(13,187),(22,187),(38,187),(43,187),(50,187),(55,187),(59,187),(60,187),(67,187),(74,187),(80,187),(83,187),(84,187),(93,187),(97,187),(98,187),(1,188),(2,188),(18,188),(19,188),(48,188),(50,188),(62,188),(71,188),(74,188),(75,188),(76,188),(84,188),(86,188),(91,188),(98,188),(99,188),(100,188),(5,189),(8,189),(17,189),(18,189),(19,189),(20,189),(30,189),(38,189),(51,189),(63,189),(76,189),(78,189),(81,189),(89,189),(90,189),(92,189),(96,189),(99,189),(6,190),(15,190),(22,190),(37,190),(43,190),(57,190),(62,190),(76,190),(81,190),(90,190),(100,190),(9,191),(10,191),(12,191),(18,191),(21,191),(48,191),(49,191),(53,191),(65,191),(71,191),(74,191),(77,191),(79,191),(87,191),(97,191),(7,192),(8,192),(13,192),(20,192),(26,192),(34,192),(38,192),(45,192),(88,192),(99,192),(1,193),(9,193),(22,193),(24,193),(45,193),(46,193),(47,193),(48,193),(50,193),(60,193),(63,193),(69,193),(86,193),(92,193),(93,193),(99,193),(7,194),(8,194),(10,194),(23,194),(29,194),(45,194),(47,194),(52,194),(53,194),(75,194),(78,194),(89,194),(96,194),(98,194),(18,195),(21,195),(23,195),(28,195),(31,195),(33,195),(38,195),(42,195),(45,195),(51,195),(53,195),(61,195),(76,195),(83,195),(91,195),(93,195),(2,196),(7,196),(12,196),(23,196),(33,196),(34,196),(42,196),(57,196),(79,196),(88,196),(98,196),(1,197),(7,197),(9,197),(13,197),(15,197),(17,197),(23,197),(24,197),(30,197),(38,197),(40,197),(41,197),(42,197),(43,197),(51,197),(58,197),(62,197),(65,197),(1,198),(4,198),(9,198),(14,198),(15,198),(24,198),(28,198),(34,198),(42,198),(48,198),(51,198),(61,198),(66,198),(90,198),(37,199),(48,199),(56,199),(61,199),(85,199),(91,199),(98,199),(99,199),(5,200),(9,200),(41,200),(45,200),(51,200),(52,200),(58,200),(59,200),(61,200),(66,200),(76,200),(77,200),(94,200),(4,201),(9,201),(17,201),(25,201),(39,201),(55,201),(58,201),(60,201),(69,201),(70,201),(75,201),(83,201),(94,201),(99,201),(100,201),(14,202),(22,202),(32,202),(36,202),(51,202),(53,202),(54,202),(59,202),(63,202),(66,202),(78,202),(1,203),(17,203),(38,203),(44,203),(46,203),(52,203),(54,203),(61,203),(10,204),(12,204),(26,204),(29,204),(31,204),(40,204),(52,204),(57,204),(61,204),(65,204),(67,204),(70,204),(77,204),(84,204),(86,204),(94,204),(7,205),(27,205),(36,205),(52,205),(61,205),(67,205),(71,205),(80,205),(95,205),(14,206),(19,206),(20,206),(34,206),(47,206),(59,206),(67,206),(70,206),(75,206),(4,207),(5,207),(7,207),(12,207),(26,207),(29,207),(40,207),(46,207),(47,207),(52,207),(54,207),(56,207),(72,207),(86,207),(97,207),(100,207),(3,208),(5,208),(13,208),(15,208),(19,208),(23,208),(24,208),(29,208),(31,208),(41,208),(59,208),(60,208),(72,208),(76,208),(85,208),(86,208),(87,208),(96,208),(14,209),(15,209),(17,209),(23,209),(33,209),(57,209),(66,209),(70,209),(81,209),(82,209),(84,209),(98,209),(2,210),(4,210),(11,210),(19,210),(22,210),(41,210),(44,210),(50,210),(66,210),(92,210),(95,210),(98,210),(99,210),(3,211),(4,211),(5,211),(12,211),(20,211),(29,211),(48,211),(68,211),(71,211),(83,211),(86,211),(93,211),(100,211),(17,212),(20,212),(27,212),(42,212),(46,212),(47,212),(64,212),(65,212),(71,212),(74,212),(76,212),(77,212),(87,212),(12,213),(14,213),(32,213),(47,213),(70,213),(93,213),(95,213),(7,214),(14,214),(40,214),(41,214),(42,214),(43,214),(52,214),(65,214),(66,214),(72,214),(75,214),(77,214),(89,214),(9,215),(12,215),(14,215),(17,215),(19,215),(26,215),(29,215),(35,215),(40,215),(41,215),(42,215),(43,215),(47,215),(49,215),(54,215),(62,215),(64,215),(65,215),(74,215),(77,215),(98,215),(2,216),(4,216),(24,216),(31,216),(40,216),(52,216),(61,216),(66,216),(73,216),(74,216),(76,216),(78,216),(82,216),(85,216),(98,216),(5,217),(8,217),(9,217),(12,217),(24,217),(27,217),(37,217),(42,217),(47,217),(49,217),(51,217),(52,217),(62,217),(69,217),(77,217),(84,217),(96,217),(1,218),(3,218),(8,218),(9,218),(13,218),(16,218),(20,218),(24,218),(34,218),(39,218),(52,218),(58,218),(62,218),(69,218),(82,218),(87,218),(91,218),(94,218),(96,218),(7,219),(12,219),(20,219),(33,219),(44,219),(59,219),(79,219),(81,219),(82,219),(85,219),(91,219),(98,219),(1,220),(9,220),(18,220),(19,220),(29,220),(32,220),(33,220),(37,220),(41,220),(42,220),(57,220),(67,220),(85,220),(89,220),(96,220),(13,221),(26,221),(27,221),(29,221),(31,221),(49,221),(51,221),(70,221),(74,221),(76,221),(91,221),(95,221),(21,222),(23,222),(26,222),(39,222),(41,222),(42,222),(49,222),(53,222),(54,222),(63,222),(70,222),(75,222),(82,222),(89,222),(93,222),(96,222),(26,223),(35,223),(40,223),(49,223),(60,223),(70,223),(79,223),(81,223),(82,223),(88,223),(91,223),(97,223),(2,224),(3,224),(28,224),(33,224),(38,224),(47,224),(59,224),(74,224),(82,224),(91,224),(2,225),(5,225),(22,225),(32,225),(34,225),(36,225),(46,225),(67,225),(80,225),(83,225),(89,225),(99,225),(1,226),(4,226),(18,226),(28,226),(29,226),(38,226),(39,226),(45,226),(48,226),(50,226),(56,226),(59,226),(62,226),(70,226),(71,226),(77,226),(83,226),(84,226),(88,226),(93,226),(94,226),(100,226),(5,227),(10,227),(47,227),(49,227),(51,227),(55,227),(57,227),(65,227),(71,227),(6,228),(7,228),(8,228),(10,228),(16,228),(42,228),(55,228),(60,228),(67,228),(68,228),(71,228),(79,228),(81,228),(89,228),(96,228),(27,229),(29,229),(34,229),(48,229),(49,229),(60,229),(61,229),(65,229),(68,229),(91,229),(3,230),(7,230),(32,230),(36,230),(39,230),(44,230),(46,230),(60,230),(72,230),(77,230),(80,230),(81,230),(89,230),(99,230),(1,231),(24,231),(32,231),(33,231),(77,231),(78,231),(87,231),(88,231),(100,231),(5,232),(10,232),(12,232),(18,232),(23,232),(26,232),(35,232),(57,232),(62,232),(68,232),(88,232),(2,233),(4,233),(19,233),(20,233),(29,233),(38,233),(40,233),(41,233),(51,233),(65,233),(69,233),(97,233),(1,234),(8,234),(23,234),(34,234),(36,234),(41,234),(52,234),(62,234),(64,234),(70,234),(87,234),(2,235),(5,235),(15,235),(16,235),(21,235),(22,235),(24,235),(26,235),(37,235),(38,235),(50,235),(60,235),(70,235),(81,235),(83,235),(22,236),(25,236),(26,236),(40,236),(43,236),(46,236),(55,236),(59,236),(68,236),(70,236),(74,236),(85,236),(86,236),(89,236),(91,236),(93,236),(1,237),(17,237),(20,237),(37,237),(40,237),(41,237),(43,237),(48,237),(56,237),(60,237),(69,237),(74,237),(75,237),(79,237),(86,237),(89,237),(94,237),(100,237),(1,238),(2,238),(9,238),(10,238),(11,238),(13,238),(16,238),(20,238),(22,238),(29,238),(35,238),(82,238),(98,238),(99,238),(5,239),(15,239),(17,239),(41,239),(73,239),(74,239),(83,239),(92,239),(93,239),(94,239),(1,240),(7,240),(15,240),(16,240),(17,240),(29,240),(48,240),(54,240),(59,240),(62,240),(76,240),(80,240),(91,240),(92,240),(94,240),(100,240),(12,241),(14,241),(25,241),(36,241),(46,241),(49,241),(52,241),(53,241),(60,241),(64,241),(70,241),(71,241),(72,241),(74,241),(75,241),(78,241),(95,241),(96,241),(100,241),(1,242),(4,242),(5,242),(9,242),(22,242),(34,242),(35,242),(36,242),(41,242),(53,242),(58,242),(65,242),(85,242),(90,242),(93,242),(98,242),(2,243),(8,243),(14,243),(15,243),(17,243),(28,243),(31,243),(35,243),(43,243),(49,243),(55,243),(58,243),(70,243),(98,243),(100,243),(2,244),(5,244),(28,244),(35,244),(38,244),(39,244),(49,244),(50,244),(54,244),(58,244),(78,244),(81,244),(84,244),(86,244),(94,244),(97,244),(99,244),(7,245),(24,245),(47,245),(56,245),(57,245),(69,245),(93,245),(3,246),(6,246),(13,246),(14,246),(22,246),(23,246),(51,246),(58,246),(84,246),(89,246),(94,246),(97,246),(8,247),(10,247),(11,247),(35,247),(40,247),(43,247),(45,247),(47,247),(56,247),(58,247),(59,247),(60,247),(61,247),(81,247),(85,247),(86,247),(92,247),(98,247),(100,247),(11,248),(12,248),(19,248),(50,248),(53,248),(56,248),(59,248),(65,248),(70,248),(72,248),(78,248),(79,248),(90,248),(5,249),(10,249),(17,249),(34,249),(43,249),(45,249),(48,249),(59,249),(65,249),(75,249),(76,249),(81,249),(88,249),(92,249),(98,249),(7,250),(10,250),(25,250),(26,250),(32,250),(35,250),(37,250),(40,250),(44,250),(46,250),(47,250),(50,250),(66,250),(79,250),(91,250),(24,251),(50,251),(51,251),(55,251),(59,251),(60,251),(64,251),(82,251),(84,251),(97,251),(100,251),(4,252),(6,252),(12,252),(13,252),(23,252),(24,252),(28,252),(33,252),(38,252),(47,252),(62,252),(63,252),(72,252),(73,252),(95,252),(96,252),(100,252),(8,253),(22,253),(26,253),(27,253),(36,253),(41,253),(57,253),(58,253),(59,253),(63,253),(67,253),(86,253),(93,253),(96,253),(100,253),(5,254),(10,254),(11,254),(25,254),(40,254),(56,254),(83,254),(93,254),(96,254),(12,255),(18,255),(27,255),(37,255),(53,255),(76,255),(79,255),(83,255),(99,255),(8,256),(13,256),(30,256),(32,256),(38,256),(49,256),(58,256),(67,256),(69,256),(70,256),(72,256),(77,256),(79,256),(90,256),(94,256),(8,257),(10,257),(16,257),(18,257),(21,257),(36,257),(37,257),(47,257),(55,257),(57,257),(74,257),(77,257),(87,257),(5,258),(7,258),(16,258),(19,258),(20,258),(49,258),(50,258),(53,258),(58,258),(60,258),(68,258),(73,258),(77,258),(79,258),(84,258),(85,258),(100,258),(5,259),(7,259),(12,259),(19,259),(38,259),(43,259),(44,259),(45,259),(47,259),(73,259),(5,260),(6,260),(8,260),(16,260),(19,260),(20,260),(46,260),(49,260),(53,260),(65,260),(78,260),(81,260),(82,260),(84,260),(86,260),(88,260),(96,260),(98,260),(4,261),(6,261),(23,261),(25,261),(29,261),(39,261),(40,261),(41,261),(46,261),(52,261),(53,261),(54,261),(64,261),(69,261),(5,262),(6,262),(12,262),(22,262),(26,262),(34,262),(35,262),(38,262),(46,262),(51,262),(54,262),(56,262),(73,262),(77,262),(81,262),(7,263),(12,263),(19,263),(29,263),(31,263),(44,263),(47,263),(50,263),(60,263),(66,263),(67,263),(72,263),(99,263),(17,264),(21,264),(26,264),(29,264),(32,264),(43,264),(60,264),(71,264),(75,264),(76,264),(84,264),(86,264),(90,264),(92,264),(29,265),(76,265),(78,265),(80,265),(81,265),(6,266),(12,266),(15,266),(20,266),(28,266),(39,266),(44,266),(49,266),(51,266),(57,266),(59,266),(61,266),(63,266),(66,266),(67,266),(87,266),(90,266),(7,267),(9,267),(14,267),(16,267),(24,267),(58,267),(87,267),(98,267),(1,268),(10,268),(15,268),(43,268),(48,268),(51,268),(52,268),(74,268),(87,268),(9,269),(15,269),(18,269),(21,269),(28,269),(35,269),(40,269),(67,269),(68,269),(74,269),(86,269),(91,269),(92,269),(2,270),(3,270),(13,270),(23,270),(31,270),(32,270),(37,270),(44,270),(57,270),(65,270),(66,270),(68,270),(75,270),(96,270),(97,270),(13,271),(15,271),(45,271),(61,271),(65,271),(81,271),(86,271),(90,271),(96,271),(1,272),(11,272),(26,272),(29,272),(32,272),(48,272),(53,272),(59,272),(67,272),(70,272),(78,272),(81,272),(82,272),(95,272),(98,272),(8,273),(12,273),(13,273),(23,273),(28,273),(57,273),(72,273),(84,273),(90,273),(92,273),(6,274),(17,274),(21,274),(35,274),(52,274),(56,274),(68,274),(69,274),(75,274),(84,274),(90,274),(12,275),(15,275),(31,275),(32,275),(38,275),(40,275),(41,275),(49,275),(52,275),(58,275),(64,275),(81,275),(83,275),(100,275),(21,276),(22,276),(26,276),(27,276),(31,276),(39,276),(51,276),(60,276),(65,276),(73,276),(94,276),(96,276),(98,276),(9,277),(11,277),(13,277),(25,277),(28,277),(30,277),(31,277),(40,277),(61,277),(64,277),(65,277),(76,277),(99,277),(2,278),(12,278),(21,278),(28,278),(58,278),(65,278),(72,278),(77,278),(82,278),(86,278),(90,278),(95,278),(1,279),(2,279),(13,279),(15,279),(19,279),(21,279),(22,279),(26,279),(53,279),(68,279),(8,280),(22,280),(35,280),(40,280),(53,280),(69,280),(81,280),(94,280),(12,281),(15,281),(19,281),(30,281),(34,281),(36,281),(38,281),(39,281),(55,281),(67,281),(69,281),(70,281),(79,281),(85,281),(1,282),(8,282),(23,282),(26,282),(30,282),(46,282),(50,282),(68,282),(100,282),(3,283),(4,283),(6,283),(13,283),(23,283),(33,283),(35,283),(53,283),(54,283),(62,283),(86,283),(97,283),(98,283),(3,284),(8,284),(16,284),(49,284),(64,284),(74,284),(79,284),(81,284),(41,285),(42,285),(53,285),(54,285),(60,285),(66,285),(67,285),(79,285),(94,285),(96,285),(11,286),(16,286),(22,286),(29,286),(33,286),(38,286),(41,286),(47,286),(54,286),(55,286),(59,286),(66,286),(68,286),(71,286),(72,286),(99,286),(100,286),(4,287),(7,287),(30,287),(32,287),(36,287),(43,287),(44,287),(47,287),(77,287),(95,287),(96,287),(9,288),(10,288),(12,288),(20,288),(26,288),(39,288),(45,288),(48,288),(53,288),(56,288),(71,288),(86,288),(92,288),(94,288),(10,289),(24,289),(30,289),(33,289),(41,289),(50,289),(69,289),(98,289),(7,290),(22,290),(33,290),(35,290),(37,290),(39,290),(41,290),(45,290),(60,290),(61,290),(65,290),(78,290),(89,290),(92,290),(14,291),(23,291),(47,291),(60,291),(65,291),(68,291),(71,291),(76,291),(91,291),(5,292),(11,292),(17,292),(51,292),(61,292),(62,292),(76,292),(97,292),(5,293),(8,293),(13,293),(15,293),(29,293),(32,293),(42,293),(43,293),(45,293),(46,293),(51,293),(55,293),(58,293),(68,293),(71,293),(75,293),(87,293),(92,293),(97,293),(5,294),(9,294),(11,294),(32,294),(43,294),(45,294),(48,294),(72,294),(74,294),(77,294),(78,294),(80,294),(88,294),(89,294),(90,294),(4,295),(13,295),(16,295),(42,295),(46,295),(48,295),(60,295),(86,295),(88,295),(91,295),(96,295),(99,295),(1,296),(2,296),(3,296),(5,296),(11,296),(12,296),(17,296),(19,296),(34,296),(48,296),(57,296),(75,296),(76,296),(77,296),(4,297),(6,297),(12,297),(14,297),(36,297),(48,297),(59,297),(68,297),(78,297),(79,297),(85,297),(12,298),(21,298),(26,298),(55,298),(56,298),(57,298),(62,298),(69,298),(71,298),(87,298),(95,298),(7,299),(12,299),(16,299),(33,299),(49,299),(52,299),(58,299),(60,299),(76,299),(79,299),(94,299),(19,300),(30,300),(42,300),(65,300),(80,300),(81,300),(2,301),(5,301),(21,301),(25,301),(29,301),(43,301),(44,301),(53,301),(73,301),(93,301),(6,302),(12,302),(19,302),(29,302),(35,302),(36,302),(37,302),(54,302),(62,302),(68,302),(73,302),(79,302),(93,302),(100,302),(4,303),(9,303),(29,303),(36,303),(37,303),(44,303),(46,303),(47,303),(49,303),(53,303),(68,303),(72,303),(83,303),(86,303),(99,303),(5,304),(11,304),(12,304),(45,304),(46,304),(56,304),(57,304),(76,304),(82,304),(86,304),(1,305),(9,305),(19,305),(20,305),(22,305),(24,305),(26,305),(36,305),(42,305),(50,305),(66,305),(70,305),(85,305),(95,305),(6,306),(11,306),(13,306),(14,306),(28,306),(35,306),(39,306),(45,306),(49,306),(53,306),(60,306),(71,306),(72,306),(79,306),(85,306),(89,306),(91,306),(93,306),(1,307),(13,307),(17,307),(32,307),(33,307),(40,307),(46,307),(57,307),(58,307),(62,307),(67,307),(88,307),(97,307),(99,307),(12,308),(13,308),(14,308),(28,308),(30,308),(34,308),(38,308),(51,308),(53,308),(56,308),(69,308),(75,308),(96,308),(97,308),(3,309),(5,309),(14,309),(22,309),(26,309),(33,309),(41,309),(58,309),(59,309),(63,309),(64,309),(87,309),(88,309),(89,309),(4,310),(8,310),(23,310),(38,310),(39,310),(40,310),(41,310),(49,310),(53,310),(54,310),(57,310),(68,310),(69,310),(79,310),(93,310),(6,311),(13,311),(25,311),(34,311),(36,311),(39,311),(42,311),(54,311),(67,311),(71,311),(91,311),(2,312),(10,312),(11,312),(16,312),(20,312),(22,312),(28,312),(34,312),(51,312),(53,312),(68,312),(87,312),(90,312),(92,312),(96,312),(97,312),(99,312),(3,313),(4,313),(8,313),(14,313),(19,313),(25,313),(38,313),(50,313),(60,313),(70,313),(78,313),(81,313),(100,313),(1,314),(6,314),(9,314),(12,314),(18,314),(20,314),(24,314),(30,314),(33,314),(40,314),(69,314),(76,314),(84,314),(13,315),(23,315),(26,315),(27,315),(28,315),(40,315),(50,315),(53,315),(58,315),(67,315),(72,315),(75,315),(87,315),(95,315),(8,316),(17,316),(20,316),(22,316),(26,316),(27,316),(30,316),(31,316),(36,316),(49,316),(61,316),(73,316),(75,316),(79,316),(82,316),(87,316),(88,316),(1,317),(12,317),(17,317),(32,317),(42,317),(44,317),(45,317),(74,317),(85,317),(7,318),(32,318),(35,318),(49,318),(59,318),(60,318),(77,318),(78,318),(87,318),(94,318),(3,319),(6,319),(10,319),(30,319),(49,319),(55,319),(76,319),(77,319),(89,319),(1,320),(2,320),(6,320),(23,320),(44,320),(45,320),(52,320),(54,320),(63,320),(74,320),(75,320),(84,320),(90,320),(99,320),(6,321),(8,321),(20,321),(31,321),(33,321),(53,321),(74,321),(15,322),(21,322),(33,322),(43,322),(50,322),(51,322),(60,322),(66,322),(69,322),(90,322),(1,323),(17,323),(18,323),(21,323),(25,323),(41,323),(49,323),(51,323),(59,323),(67,323),(69,323),(79,323),(97,323),(12,324),(19,324),(35,324),(37,324),(50,324),(51,324),(55,324),(58,324),(69,324),(77,324),(78,324),(82,324),(88,324),(92,324),(1,325),(12,325),(23,325),(28,325),(29,325),(42,325),(45,325),(46,325),(48,325),(74,325),(81,325),(100,325),(12,326),(13,326),(18,326),(25,326),(35,326),(43,326),(44,326),(52,326),(55,326),(59,326),(73,326),(76,326),(82,326),(95,326),(5,327),(20,327),(49,327),(50,327),(57,327),(69,327),(74,327),(76,327),(89,327),(9,328),(13,328),(15,328),(17,328),(18,328),(30,328),(54,328),(63,328),(78,328),(85,328),(87,328),(6,329),(9,329),(10,329),(15,329),(20,329),(27,329),(29,329),(46,329),(51,329),(57,329),(67,329),(73,329),(74,329),(79,329),(85,329),(93,329),(94,329),(100,329),(3,330),(18,330),(31,330),(41,330),(45,330),(70,330),(81,330),(2,331),(16,331),(20,331),(28,331),(34,331),(45,331),(55,331),(66,331),(84,331),(92,331),(99,331),(3,332),(29,332),(36,332),(47,332),(48,332),(51,332),(59,332),(61,332),(64,332),(65,332),(69,332),(74,332),(81,332),(5,333),(7,333),(10,333),(22,333),(28,333),(36,333),(43,333),(45,333),(46,333),(47,333),(48,333),(59,333),(66,333),(73,333),(100,333),(21,334),(34,334),(45,334),(50,334),(60,334),(75,334),(82,334),(84,334),(14,335),(23,335),(29,335),(34,335),(42,335),(45,335),(53,335),(62,335),(66,335),(68,335),(75,335),(84,335),(92,335),(94,335),(1,336),(10,336),(14,336),(15,336),(24,336),(25,336),(29,336),(32,336),(33,336),(38,336),(59,336),(60,336),(69,336),(81,336),(83,336),(84,336),(85,336),(92,336),(95,336),(5,337),(10,337),(18,337),(27,337),(41,337),(56,337),(59,337),(87,337),(92,337),(93,337),(2,338),(7,338),(11,338),(13,338),(22,338),(28,338),(29,338),(33,338),(44,338),(48,338),(65,338),(68,338),(75,338),(85,338),(91,338),(93,338),(4,339),(9,339),(13,339),(35,339),(36,339),(49,339),(53,339),(60,339),(70,339),(75,339),(76,339),(79,339),(83,339),(92,339),(6,340),(10,340),(16,340),(20,340),(35,340),(45,340),(50,340),(61,340),(63,340),(67,340),(81,340),(86,340),(88,340),(11,341),(17,341),(22,341),(24,341),(38,341),(44,341),(48,341),(51,341),(60,341),(69,341),(78,341),(80,341),(2,342),(6,342),(13,342),(43,342),(68,342),(75,342),(78,342),(83,342),(87,342),(6,343),(14,343),(22,343),(37,343),(43,343),(45,343),(46,343),(57,343),(76,343),(86,343),(88,343),(93,343),(95,343),(98,343),(2,344),(10,344),(11,344),(12,344),(13,344),(21,344),(22,344),(24,344),(27,344),(39,344),(40,344),(42,344),(48,344),(54,344),(71,344),(73,344),(75,344),(86,344),(100,344),(2,345),(9,345),(14,345),(19,345),(21,345),(31,345),(34,345),(35,345),(37,345),(39,345),(55,345),(61,345),(64,345),(72,345),(90,345),(92,345),(93,345),(95,345),(6,346),(11,346),(37,346),(40,346),(50,346),(65,346),(68,346),(74,346),(82,346),(84,346),(98,346),(1,347),(5,347),(6,347),(9,347),(10,347),(19,347),(27,347),(44,347),(53,347),(73,347),(81,347),(90,347),(96,347),(5,348),(17,348),(22,348),(31,348),(42,348),(52,348),(67,348),(76,348),(77,348),(91,348),(95,348),(1,349),(18,349),(23,349),(26,349),(34,349),(42,349),(45,349),(46,349),(51,349),(56,349),(64,349),(70,349),(73,349),(75,349),(87,349),(88,349),(94,349),(99,349),(6,350),(14,350),(16,350),(20,350),(21,350),(25,350),(28,350),(29,350),(31,350),(43,350),(47,350),(61,350),(72,350),(73,350),(74,350),(79,350),(84,350),(94,350),(97,350),(5,351),(9,351),(23,351),(25,351),(41,351),(46,351),(48,351),(50,351),(75,351),(85,351),(86,351),(14,352),(24,352),(30,352),(35,352),(42,352),(43,352),(45,352),(60,352),(83,352),(92,352),(98,352),(6,353),(15,353),(27,353),(45,353),(62,353),(65,353),(66,353),(74,353),(75,353),(78,353),(88,353),(91,353),(92,353),(99,353),(2,354),(7,354),(8,354),(11,354),(15,354),(23,354),(24,354),(40,354),(43,354),(48,354),(51,354),(53,354),(71,354),(76,354),(85,354),(93,354),(98,354),(2,355),(3,355),(12,355),(41,355),(61,355),(63,355),(66,355),(80,355),(81,355),(100,355),(10,356),(13,356),(19,356),(20,356),(24,356),(34,356),(36,356),(37,356),(41,356),(52,356),(61,356),(63,356),(68,356),(69,356),(71,356),(78,356),(80,356),(82,356),(93,356),(95,356),(96,356),(100,356),(6,357),(7,357),(20,357),(32,357),(43,357),(56,357),(64,357),(65,357),(71,357),(72,357),(80,357),(83,357),(89,357),(91,357),(92,357),(99,357),(10,358),(16,358),(22,358),(24,358),(25,358),(32,358),(34,358),(40,358),(50,358),(54,358),(56,358),(58,358),(75,358),(85,358),(98,358),(2,359),(4,359),(9,359),(17,359),(36,359),(59,359),(63,359),(69,359),(73,359),(85,359),(95,359);
/*!40000 ALTER TABLE `guarda_cancion` ENABLE KEYS */;
UNLOCK TABLES;

--
-- Table structure for table `idioma`
--

DROP TABLE IF EXISTS `idioma`;
/*!40101 SET @saved_cs_client     = @@character_set_client */;
/*!50503 SET character_set_client = utf8mb4 */;
CREATE TABLE `idioma` (
  `id` int(10) unsigned NOT NULL AUTO_INCREMENT,
  `nombre` varchar(15) NOT NULL,
  PRIMARY KEY (`id`),
  KEY `nombre_idx` (`nombre`)
) ENGINE=InnoDB AUTO_INCREMENT=6 DEFAULT CHARSET=utf8;
/*!40101 SET character_set_client = @saved_cs_client */;

--
-- Dumping data for table `idioma`
--

LOCK TABLES `idioma` WRITE;
/*!40000 ALTER TABLE `idioma` DISABLE KEYS */;
INSERT INTO `idioma` VALUES (5,'Alemán'),(1,'Español'),(3,'Francés'),(2,'Inglés'),(4,'Italiano');
/*!40000 ALTER TABLE `idioma` ENABLE KEYS */;
UNLOCK TABLES;

--
-- Table structure for table `letra`
--

DROP TABLE IF EXISTS `letra`;
/*!40101 SET @saved_cs_client     = @@character_set_client */;
/*!50503 SET character_set_client = utf8mb4 */;
CREATE TABLE `letra` (
  `id` int(10) unsigned NOT NULL AUTO_INCREMENT,
  `ruta` varchar(255) NOT NULL,
  `cancion_id` int(10) unsigned DEFAULT NULL,
  PRIMARY KEY (`id`),
  UNIQUE KEY `cancion_id_UNIQUE` (`cancion_id`),
  CONSTRAINT `FK_E25CE0569B1D840F` FOREIGN KEY (`cancion_id`) REFERENCES `cancion` (`id`)
) ENGINE=InnoDB AUTO_INCREMENT=360 DEFAULT CHARSET=utf8;
/*!40101 SET character_set_client = @saved_cs_client */;

--
-- Dumping data for table `letra`
--

LOCK TABLES `letra` WRITE;
/*!40000 ALTER TABLE `letra` DISABLE KEYS */;
INSERT INTO `letra` VALUES (1,'/lyrics/1.txt',1),(2,'/lyrics/2.txt',2),(3,'/lyrics/3.txt',3),(4,'/lyrics/4.txt',4),(5,'/lyrics/5.txt',5),(6,'/lyrics/6.txt',6),(7,'/lyrics/7.txt',7),(8,'/lyrics/8.txt',8),(9,'/lyrics/9.txt',9),(10,'/lyrics/10.txt',10),(11,'/lyrics/11.txt',11),(12,'/lyrics/12.txt',12),(13,'/lyrics/13.txt',13),(14,'/lyrics/14.txt',14),(15,'/lyrics/15.txt',15),(16,'/lyrics/16.txt',16),(17,'/lyrics/17.txt',17),(18,'/lyrics/18.txt',18),(19,'/lyrics/19.txt',19),(20,'/lyrics/20.txt',20),(21,'/lyrics/21.txt',21),(22,'/lyrics/22.txt',22),(23,'/lyrics/23.txt',23),(24,'/lyrics/24.txt',24),(25,'/lyrics/25.txt',25),(26,'/lyrics/26.txt',26),(27,'/lyrics/27.txt',27),(28,'/lyrics/28.txt',28),(29,'/lyrics/29.txt',29),(30,'/lyrics/30.txt',30),(31,'/lyrics/31.txt',31),(32,'/lyrics/32.txt',32),(33,'/lyrics/33.txt',33),(34,'/lyrics/34.txt',34),(35,'/lyrics/35.txt',35),(36,'/lyrics/36.txt',36),(37,'/lyrics/37.txt',37),(38,'/lyrics/38.txt',38),(39,'/lyrics/39.txt',39),(40,'/lyrics/40.txt',40),(41,'/lyrics/41.txt',41),(42,'/lyrics/42.txt',42),(43,'/lyrics/43.txt',43),(44,'/lyrics/44.txt',44),(45,'/lyrics/45.txt',45),(46,'/lyrics/46.txt',46),(47,'/lyrics/47.txt',47),(48,'/lyrics/48.txt',48),(49,'/lyrics/49.txt',49),(50,'/lyrics/50.txt',50),(51,'/lyrics/51.txt',51),(52,'/lyrics/52.txt',52),(53,'/lyrics/53.txt',53),(54,'/lyrics/54.txt',54),(55,'/lyrics/55.txt',55),(56,'/lyrics/56.txt',56),(57,'/lyrics/57.txt',57),(58,'/lyrics/58.txt',58),(59,'/lyrics/59.txt',59),(60,'/lyrics/60.txt',60),(61,'/lyrics/61.txt',61),(62,'/lyrics/62.txt',62),(63,'/lyrics/63.txt',63),(64,'/lyrics/64.txt',64),(65,'/lyrics/65.txt',65),(66,'/lyrics/66.txt',66),(67,'/lyrics/67.txt',67),(68,'/lyrics/68.txt',68),(69,'/lyrics/69.txt',69),(70,'/lyrics/70.txt',70),(71,'/lyrics/71.txt',71),(72,'/lyrics/72.txt',72),(73,'/lyrics/73.txt',73),(74,'/lyrics/74.txt',74),(75,'/lyrics/75.txt',75),(76,'/lyrics/76.txt',76),(77,'/lyrics/77.txt',77),(78,'/lyrics/78.txt',78),(79,'/lyrics/79.txt',79),(80,'/lyrics/80.txt',80),(81,'/lyrics/81.txt',81),(82,'/lyrics/82.txt',82),(83,'/lyrics/83.txt',83),(84,'/lyrics/84.txt',84),(85,'/lyrics/85.txt',85),(86,'/lyrics/86.txt',86),(87,'/lyrics/87.txt',87),(88,'/lyrics/88.txt',88),(89,'/lyrics/89.txt',89),(90,'/lyrics/90.txt',90),(91,'/lyrics/91.txt',91),(92,'/lyrics/92.txt',92),(93,'/lyrics/93.txt',93),(94,'/lyrics/94.txt',94),(95,'/lyrics/95.txt',95),(96,'/lyrics/96.txt',96),(97,'/lyrics/97.txt',97),(98,'/lyrics/98.txt',98),(99,'/lyrics/99.txt',99),(100,'/lyrics/100.txt',100),(101,'/lyrics/101.txt',101),(102,'/lyrics/102.txt',102),(103,'/lyrics/103.txt',103),(104,'/lyrics/104.txt',104),(105,'/lyrics/105.txt',105),(106,'/lyrics/106.txt',106),(107,'/lyrics/107.txt',107),(108,'/lyrics/108.txt',108),(109,'/lyrics/109.txt',109),(110,'/lyrics/110.txt',110),(111,'/lyrics/111.txt',111),(112,'/lyrics/112.txt',112),(113,'/lyrics/113.txt',113),(114,'/lyrics/114.txt',114),(115,'/lyrics/115.txt',115),(116,'/lyrics/116.txt',116),(117,'/lyrics/117.txt',117),(118,'/lyrics/118.txt',118),(119,'/lyrics/119.txt',119),(120,'/lyrics/120.txt',120),(121,'/lyrics/121.txt',121),(122,'/lyrics/122.txt',122),(123,'/lyrics/123.txt',123),(124,'/lyrics/124.txt',124),(125,'/lyrics/125.txt',125),(126,'/lyrics/126.txt',126),(127,'/lyrics/127.txt',127),(128,'/lyrics/128.txt',128),(129,'/lyrics/129.txt',129),(130,'/lyrics/130.txt',130),(131,'/lyrics/131.txt',131),(132,'/lyrics/132.txt',132),(133,'/lyrics/133.txt',133),(134,'/lyrics/134.txt',134),(135,'/lyrics/135.txt',135),(136,'/lyrics/136.txt',136),(137,'/lyrics/137.txt',137),(138,'/lyrics/138.txt',138),(139,'/lyrics/139.txt',139),(140,'/lyrics/140.txt',140),(141,'/lyrics/141.txt',141),(142,'/lyrics/142.txt',142),(143,'/lyrics/143.txt',143),(144,'/lyrics/144.txt',144),(145,'/lyrics/145.txt',145),(146,'/lyrics/146.txt',146),(147,'/lyrics/147.txt',147),(148,'/lyrics/148.txt',148),(149,'/lyrics/149.txt',149),(150,'/lyrics/150.txt',150),(151,'/lyrics/151.txt',151),(152,'/lyrics/152.txt',152),(153,'/lyrics/153.txt',153),(154,'/lyrics/154.txt',154),(155,'/lyrics/155.txt',155),(156,'/lyrics/156.txt',156),(157,'/lyrics/157.txt',157),(158,'/lyrics/158.txt',158),(159,'/lyrics/159.txt',159),(160,'/lyrics/160.txt',160),(161,'/lyrics/161.txt',161),(162,'/lyrics/162.txt',162),(163,'/lyrics/163.txt',163),(164,'/lyrics/164.txt',164),(165,'/lyrics/165.txt',165),(166,'/lyrics/166.txt',166),(167,'/lyrics/167.txt',167),(168,'/lyrics/168.txt',168),(169,'/lyrics/169.txt',169),(170,'/lyrics/170.txt',170),(171,'/lyrics/171.txt',171),(172,'/lyrics/172.txt',172),(173,'/lyrics/173.txt',173),(174,'/lyrics/174.txt',174),(175,'/lyrics/175.txt',175),(176,'/lyrics/176.txt',176),(177,'/lyrics/177.txt',177),(178,'/lyrics/178.txt',178),(179,'/lyrics/179.txt',179),(180,'/lyrics/180.txt',180),(181,'/lyrics/181.txt',181),(182,'/lyrics/182.txt',182),(183,'/lyrics/183.txt',183),(184,'/lyrics/184.txt',184),(185,'/lyrics/185.txt',185),(186,'/lyrics/186.txt',186),(187,'/lyrics/187.txt',187),(188,'/lyrics/188.txt',188),(189,'/lyrics/189.txt',189),(190,'/lyrics/190.txt',190),(191,'/lyrics/191.txt',191),(192,'/lyrics/192.txt',192),(193,'/lyrics/193.txt',193),(194,'/lyrics/194.txt',194),(195,'/lyrics/195.txt',195),(196,'/lyrics/196.txt',196),(197,'/lyrics/197.txt',197),(198,'/lyrics/198.txt',198),(199,'/lyrics/199.txt',199),(200,'/lyrics/200.txt',200),(201,'/lyrics/201.txt',201),(202,'/lyrics/202.txt',202),(203,'/lyrics/203.txt',203),(204,'/lyrics/204.txt',204),(205,'/lyrics/205.txt',205),(206,'/lyrics/206.txt',206),(207,'/lyrics/207.txt',207),(208,'/lyrics/208.txt',208),(209,'/lyrics/209.txt',209),(210,'/lyrics/210.txt',210),(211,'/lyrics/211.txt',211),(212,'/lyrics/212.txt',212),(213,'/lyrics/213.txt',213),(214,'/lyrics/214.txt',214),(215,'/lyrics/215.txt',215),(216,'/lyrics/216.txt',216),(217,'/lyrics/217.txt',217),(218,'/lyrics/218.txt',218),(219,'/lyrics/219.txt',219),(220,'/lyrics/220.txt',220),(221,'/lyrics/221.txt',221),(222,'/lyrics/222.txt',222),(223,'/lyrics/223.txt',223),(224,'/lyrics/224.txt',224),(225,'/lyrics/225.txt',225),(226,'/lyrics/226.txt',226),(227,'/lyrics/227.txt',227),(228,'/lyrics/228.txt',228),(229,'/lyrics/229.txt',229),(230,'/lyrics/230.txt',230),(231,'/lyrics/231.txt',231),(232,'/lyrics/232.txt',232),(233,'/lyrics/233.txt',233),(234,'/lyrics/234.txt',234),(235,'/lyrics/235.txt',235),(236,'/lyrics/236.txt',236),(237,'/lyrics/237.txt',237),(238,'/lyrics/238.txt',238),(239,'/lyrics/239.txt',239),(240,'/lyrics/240.txt',240),(241,'/lyrics/241.txt',241),(242,'/lyrics/242.txt',242),(243,'/lyrics/243.txt',243),(244,'/lyrics/244.txt',244),(245,'/lyrics/245.txt',245),(246,'/lyrics/246.txt',246),(247,'/lyrics/247.txt',247),(248,'/lyrics/248.txt',248),(249,'/lyrics/249.txt',249),(250,'/lyrics/250.txt',250),(251,'/lyrics/251.txt',251),(252,'/lyrics/252.txt',252),(253,'/lyrics/253.txt',253),(254,'/lyrics/254.txt',254),(255,'/lyrics/255.txt',255),(256,'/lyrics/256.txt',256),(257,'/lyrics/257.txt',257),(258,'/lyrics/258.txt',258),(259,'/lyrics/259.txt',259),(260,'/lyrics/260.txt',260),(261,'/lyrics/261.txt',261),(262,'/lyrics/262.txt',262),(263,'/lyrics/263.txt',263),(264,'/lyrics/264.txt',264),(265,'/lyrics/265.txt',265),(266,'/lyrics/266.txt',266),(267,'/lyrics/267.txt',267),(268,'/lyrics/268.txt',268),(269,'/lyrics/269.txt',269),(270,'/lyrics/270.txt',270),(271,'/lyrics/271.txt',271),(272,'/lyrics/272.txt',272),(273,'/lyrics/273.txt',273),(274,'/lyrics/274.txt',274),(275,'/lyrics/275.txt',275),(276,'/lyrics/276.txt',276),(277,'/lyrics/277.txt',277),(278,'/lyrics/278.txt',278),(279,'/lyrics/279.txt',279),(280,'/lyrics/280.txt',280),(281,'/lyrics/281.txt',281),(282,'/lyrics/282.txt',282),(283,'/lyrics/283.txt',283),(284,'/lyrics/284.txt',284),(285,'/lyrics/285.txt',285),(286,'/lyrics/286.txt',286),(287,'/lyrics/287.txt',287),(288,'/lyrics/288.txt',288),(289,'/lyrics/289.txt',289),(290,'/lyrics/290.txt',290),(291,'/lyrics/291.txt',291),(292,'/lyrics/292.txt',292),(293,'/lyrics/293.txt',293),(294,'/lyrics/294.txt',294),(295,'/lyrics/295.txt',295),(296,'/lyrics/296.txt',296),(297,'/lyrics/297.txt',297),(298,'/lyrics/298.txt',298),(299,'/lyrics/299.txt',299),(300,'/lyrics/300.txt',300),(301,'/lyrics/301.txt',301),(302,'/lyrics/302.txt',302),(303,'/lyrics/303.txt',303),(304,'/lyrics/304.txt',304),(305,'/lyrics/305.txt',305),(306,'/lyrics/306.txt',306),(307,'/lyrics/307.txt',307),(308,'/lyrics/308.txt',308),(309,'/lyrics/309.txt',309),(310,'/lyrics/310.txt',310),(311,'/lyrics/311.txt',311),(312,'/lyrics/312.txt',312),(313,'/lyrics/313.txt',313),(314,'/lyrics/314.txt',314),(315,'/lyrics/315.txt',315),(316,'/lyrics/316.txt',316),(317,'/lyrics/317.txt',317),(318,'/lyrics/318.txt',318),(319,'/lyrics/319.txt',319),(320,'/lyrics/320.txt',320),(321,'/lyrics/321.txt',321),(322,'/lyrics/322.txt',322),(323,'/lyrics/323.txt',323),(324,'/lyrics/324.txt',324),(325,'/lyrics/325.txt',325),(326,'/lyrics/326.txt',326),(327,'/lyrics/327.txt',327),(328,'/lyrics/328.txt',328),(329,'/lyrics/329.txt',329),(330,'/lyrics/330.txt',330),(331,'/lyrics/331.txt',331),(332,'/lyrics/332.txt',332),(333,'/lyrics/333.txt',333),(334,'/lyrics/334.txt',334),(335,'/lyrics/335.txt',335),(336,'/lyrics/336.txt',336),(337,'/lyrics/337.txt',337),(338,'/lyrics/338.txt',338),(339,'/lyrics/339.txt',339),(340,'/lyrics/340.txt',340),(341,'/lyrics/341.txt',341),(342,'/lyrics/342.txt',342),(343,'/lyrics/343.txt',343),(344,'/lyrics/344.txt',344),(345,'/lyrics/345.txt',345),(346,'/lyrics/346.txt',346),(347,'/lyrics/347.txt',347),(348,'/lyrics/348.txt',348),(349,'/lyrics/349.txt',349),(350,'/lyrics/350.txt',350),(351,'/lyrics/351.txt',351),(352,'/lyrics/352.txt',352),(353,'/lyrics/353.txt',353),(354,'/lyrics/354.txt',354),(355,'/lyrics/355.txt',355),(356,'/lyrics/356.txt',356),(357,'/lyrics/357.txt',357),(358,'/lyrics/358.txt',358),(359,'/lyrics/359.txt',359);
/*!40000 ALTER TABLE `letra` ENABLE KEYS */;
UNLOCK TABLES;

--
-- Table structure for table `pago`
--

DROP TABLE IF EXISTS `pago`;
/*!40101 SET @saved_cs_client     = @@character_set_client */;
/*!50503 SET character_set_client = utf8mb4 */;
CREATE TABLE `pago` (
  `numero_orden` int(10) unsigned NOT NULL AUTO_INCREMENT,
  `fecha` date NOT NULL,
  `total` float NOT NULL,
  `forma_pago_id` int(10) unsigned DEFAULT NULL,
  `suscripcion_id` int(10) unsigned DEFAULT NULL,
  PRIMARY KEY (`numero_orden`),
  UNIQUE KEY `suscripcion_id_UNIQUE` (`suscripcion_id`),
  KEY `fk_pago_forma_pago1_idx` (`forma_pago_id`),
  KEY `fecha_idx` (`fecha`),
  CONSTRAINT `fk_pago_forma_pago1` FOREIGN KEY (`forma_pago_id`) REFERENCES `forma_pago` (`id`) ON DELETE NO ACTION,
  CONSTRAINT `fk_pago_suscripcion1` FOREIGN KEY (`suscripcion_id`) REFERENCES `suscripcion` (`id`) ON DELETE NO ACTION ON UPDATE NO ACTION
) ENGINE=InnoDB AUTO_INCREMENT=121 DEFAULT CHARSET=utf8;
/*!40101 SET character_set_client = @saved_cs_client */;

--
-- Dumping data for table `pago`
--

LOCK TABLES `pago` WRITE;
/*!40000 ALTER TABLE `pago` DISABLE KEYS */;
INSERT INTO `pago` VALUES (1,'2021-05-04',15.99,1,1),(2,'2021-06-01',15.99,2,2),(3,'2021-06-21',15.99,3,3),(4,'2021-12-01',15.99,4,4),(5,'2021-05-22',15.99,5,5),(6,'2021-04-14',15.99,6,6),(7,'2021-10-16',15.99,7,7),(8,'2022-01-19',15.99,8,8),(9,'2021-09-27',15.99,9,9),(10,'2021-05-31',15.99,10,10),(11,'2021-06-27',15.99,11,11),(12,'2021-11-28',15.99,12,12),(13,'2021-06-03',15.99,13,13),(14,'2021-06-24',15.99,14,14),(15,'2021-05-03',15.99,15,15),(16,'2021-02-19',15.99,16,16),(17,'2021-09-04',15.99,17,17),(18,'2021-03-16',15.99,18,18),(19,'2021-07-05',15.99,19,19),(20,'2021-02-10',15.99,20,20),(21,'2021-08-25',15.99,21,21),(22,'2021-04-29',15.99,22,22),(23,'2021-10-23',15.99,23,23),(24,'2021-12-19',15.99,24,24),(25,'2021-08-28',15.99,25,25),(26,'2021-04-30',15.99,26,26),(27,'2021-12-23',15.99,27,27),(28,'2021-10-16',15.99,28,28),(29,'2021-08-01',15.99,29,29),(30,'2021-09-30',15.99,30,30),(31,'2021-07-09',15.99,31,31),(32,'2021-12-24',15.99,32,32),(33,'2022-01-12',15.99,33,33),(34,'2022-01-06',15.99,34,34),(35,'2021-04-22',15.99,35,35),(36,'2021-04-23',15.99,36,36),(37,'2021-04-10',15.99,37,37),(38,'2021-11-02',15.99,38,38),(39,'2021-07-21',15.99,39,39),(40,'2021-05-21',15.99,40,40),(41,'2022-02-02',15.99,1,41),(42,'2021-08-20',15.99,2,42),(43,'2021-03-03',15.99,3,43),(44,'2021-06-04',15.99,4,44),(45,'2021-10-11',15.99,5,45),(46,'2021-10-09',15.99,6,46),(47,'2021-12-18',15.99,7,47),(48,'2021-10-29',15.99,8,48),(49,'2021-09-14',15.99,9,49),(50,'2021-11-10',15.99,10,50),(51,'2021-06-04',15.99,11,51),(52,'2022-01-13',15.99,12,52),(53,'2021-12-31',15.99,13,53),(54,'2021-12-05',15.99,14,54),(55,'2021-10-10',15.99,15,55),(56,'2021-10-06',15.99,16,56),(57,'2021-10-26',15.99,17,57),(58,'2022-02-25',15.99,18,58),(59,'2021-05-06',15.99,19,59),(60,'2021-07-07',15.99,20,60),(61,'2022-02-10',15.99,21,61),(62,'2021-11-19',15.99,22,62),(63,'2021-08-26',15.99,23,63),(64,'2021-10-17',15.99,24,64),(65,'2021-07-18',15.99,25,65),(66,'2021-03-02',15.99,26,66),(67,'2021-06-01',15.99,27,67),(68,'2021-03-18',15.99,28,68),(69,'2021-10-19',15.99,29,69),(70,'2021-11-18',15.99,30,70),(71,'2021-05-02',15.99,31,71),(72,'2021-05-19',15.99,32,72),(73,'2022-02-10',15.99,33,73),(74,'2021-08-01',15.99,34,74),(75,'2022-02-06',15.99,35,75),(76,'2021-06-24',15.99,36,76),(77,'2021-12-13',15.99,37,77),(78,'2021-07-19',15.99,38,78),(79,'2022-02-06',15.99,39,79),(80,'2021-09-11',15.99,40,80),(81,'2021-08-08',15.99,1,81),(82,'2021-09-26',15.99,2,82),(83,'2021-07-06',15.99,3,83),(84,'2021-11-23',15.99,4,84),(85,'2021-08-13',15.99,5,85),(86,'2021-07-19',15.99,6,86),(87,'2021-04-05',15.99,7,87),(88,'2021-06-17',15.99,8,88),(89,'2021-08-05',15.99,9,89),(90,'2021-07-31',15.99,10,90),(91,'2021-04-25',15.99,11,91),(92,'2021-09-24',15.99,12,92),(93,'2022-02-18',15.99,13,93),(94,'2021-07-31',15.99,14,94),(95,'2021-10-18',15.99,15,95),(96,'2022-01-17',15.99,16,96),(97,'2022-02-17',15.99,17,97),(98,'2021-07-06',15.99,18,98),(99,'2021-04-28',15.99,19,99),(100,'2021-05-09',15.99,20,100),(101,'2021-10-14',15.99,21,101),(102,'2022-02-06',15.99,22,102),(103,'2021-08-14',15.99,23,103),(104,'2021-11-25',15.99,24,104),(105,'2021-10-03',15.99,25,105),(106,'2021-08-18',15.99,26,106),(107,'2022-02-11',15.99,27,107),(108,'2021-12-12',15.99,28,108),(109,'2021-11-25',15.99,29,109),(110,'2021-04-04',15.99,30,110),(111,'2021-06-11',15.99,31,111),(112,'2021-08-14',15.99,32,112),(113,'2021-04-08',15.99,33,113),(114,'2021-11-07',15.99,34,114),(115,'2021-06-14',15.99,35,115),(116,'2021-04-19',15.99,36,116),(117,'2021-06-24',15.99,37,117),(118,'2021-07-20',15.99,38,118),(119,'2021-10-27',15.99,39,119),(120,'2021-09-15',15.99,40,120);
/*!40000 ALTER TABLE `pago` ENABLE KEYS */;
UNLOCK TABLES;

--
-- Table structure for table `patrocinada`
--

DROP TABLE IF EXISTS `patrocinada`;
/*!40101 SET @saved_cs_client     = @@character_set_client */;
/*!50503 SET character_set_client = utf8mb4 */;
CREATE TABLE `patrocinada` (
  `patrocinada` tinyint(4) NOT NULL DEFAULT '1',
  `fecha_inicio` date NOT NULL,
  `fecha_fin` date DEFAULT NULL,
  `playlist_id` int(10) unsigned NOT NULL,
  PRIMARY KEY (`playlist_id`),
  KEY `fk_patrocinada_playlist1_idx` (`playlist_id`),
  CONSTRAINT `fk_patrocinada_playlist1` FOREIGN KEY (`playlist_id`) REFERENCES `playlist` (`id`) ON DELETE NO ACTION ON UPDATE NO ACTION
) ENGINE=InnoDB DEFAULT CHARSET=utf8;
/*!40101 SET character_set_client = @saved_cs_client */;

--
-- Dumping data for table `patrocinada`
--

LOCK TABLES `patrocinada` WRITE;
/*!40000 ALTER TABLE `patrocinada` DISABLE KEYS */;
INSERT INTO `patrocinada` VALUES (0,'2021-12-29','2022-08-27',100),(0,'2021-06-04','2021-03-19',143),(0,'2021-09-07','2022-12-21',153),(0,'2021-12-13','2022-07-04',162),(0,'2021-07-29','2021-11-11',172),(0,'2021-11-12','2021-05-05',174),(0,'2022-04-11','2021-09-09',181),(0,'2021-12-05','2022-11-27',183),(0,'2021-04-14','2022-10-18',195),(0,'2022-01-01','2021-03-14',204),(0,'2022-05-18','2022-10-30',215),(0,'2022-08-18','2022-12-13',216),(0,'2021-08-17','2022-07-05',231),(0,'2021-03-21','2021-02-05',233),(0,'2021-12-14','2022-01-29',245),(0,'2022-07-08','2022-03-28',264),(0,'2021-07-02','2022-07-26',267),(0,'2022-08-27','2022-02-23',290),(0,'2022-01-08','2021-11-14',298),(0,'2022-06-06','2021-07-09',300),(0,'2022-03-19','2021-07-21',303),(0,'2022-06-23','2021-05-30',304),(0,'2021-05-25','2021-10-25',314),(0,'2021-03-20','2021-04-16',316),(0,'2021-07-05','2022-07-01',322),(0,'2022-09-11','2022-10-07',324),(0,'2022-09-01','2021-12-01',329),(0,'2021-09-26','2021-07-21',337),(0,'2022-08-27','2022-12-24',361),(0,'2022-08-21','2022-07-17',370),(0,'2022-07-03','2021-11-04',398),(0,'2021-10-02','2022-10-08',411),(0,'2021-06-17','2021-05-10',413),(0,'2021-04-18','2022-11-30',418),(0,'2021-11-19','2021-11-17',429),(0,'2021-07-04','2022-03-23',444),(0,'2021-07-15','2022-01-16',464),(0,'2021-08-21','2021-09-08',475),(0,'2021-03-25','2022-12-09',482),(0,'2021-06-11','2022-09-16',511),(0,'2022-08-24','2021-09-19',514),(0,'2021-07-08','2021-05-10',516),(0,'2022-03-26','2022-07-29',523),(0,'2021-10-16','2021-03-29',530),(0,'2022-03-28','2022-08-28',546),(0,'2021-04-15','2021-10-19',552),(0,'2022-01-29','2022-06-15',564),(0,'2021-10-18','2021-12-21',568);
/*!40000 ALTER TABLE `patrocinada` ENABLE KEYS */;
UNLOCK TABLES;

--
-- Table structure for table `paypal`
--

DROP TABLE IF EXISTS `paypal`;
/*!40101 SET @saved_cs_client     = @@character_set_client */;
/*!50503 SET character_set_client = utf8mb4 */;
CREATE TABLE `paypal` (
  `username_paypal` varchar(150) NOT NULL,
  `forma_pago_id` int(10) unsigned NOT NULL,
  PRIMARY KEY (`forma_pago_id`),
  UNIQUE KEY `username_paypal_UNIQUE` (`username_paypal`),
  KEY `fk_paypal_forma_pago1_idx` (`forma_pago_id`),
  CONSTRAINT `FK_6496024C407AFCF9` FOREIGN KEY (`forma_pago_id`) REFERENCES `forma_pago` (`id`)
) ENGINE=InnoDB DEFAULT CHARSET=utf8;
/*!40101 SET character_set_client = @saved_cs_client */;

--
-- Dumping data for table `paypal`
--

LOCK TABLES `paypal` WRITE;
/*!40000 ALTER TABLE `paypal` DISABLE KEYS */;
INSERT INTO `paypal` VALUES ('aaugust8@sogou.com',39),('askeggs5@woothemes.com',36),('cmellonby0@moonfruit.com',31),('drajchert1@springer.com',32),('elackham3@jalbum.net',34),('lbergeau9@prlog.org',40),('phalsted4@hibu.com',35),('rcowlam6@msu.edu',37),('sabramovitch2@bravesites.com',33),('wapps7@sciencedaily.com',38);
/*!40000 ALTER TABLE `paypal` ENABLE KEYS */;
UNLOCK TABLES;

--
-- Table structure for table `playlist`
--

DROP TABLE IF EXISTS `playlist`;
/*!40101 SET @saved_cs_client     = @@character_set_client */;
/*!50503 SET character_set_client = utf8mb4 */;
CREATE TABLE `playlist` (
  `id` int(10) unsigned NOT NULL AUTO_INCREMENT,
  `titulo` varchar(150) NOT NULL,
  `numero_canciones` int(10) unsigned DEFAULT NULL,
  `fecha_creacion` date DEFAULT NULL,
  `usuario_id` int(10) unsigned DEFAULT NULL,
  PRIMARY KEY (`id`),
  KEY `fk_playlist_usuario1_idx` (`usuario_id`),
  CONSTRAINT `fk_playlist_usuario1` FOREIGN KEY (`usuario_id`) REFERENCES `usuario` (`id`) ON DELETE NO ACTION ON UPDATE NO ACTION
) ENGINE=InnoDB AUTO_INCREMENT=601 DEFAULT CHARSET=utf8;
/*!40101 SET character_set_client = @saved_cs_client */;

--
-- Dumping data for table `playlist`
--

LOCK TABLES `playlist` WRITE;
/*!40000 ALTER TABLE `playlist` DISABLE KEYS */;
INSERT INTO `playlist` VALUES (1,'favorita_1',0,'2021-08-09',1),(2,'favorita_2',0,'2021-09-28',2),(3,'favorita_3',0,'2021-10-18',3),(4,'favorita_4',0,'2021-05-13',4),(5,'favorita_5',0,'2021-04-08',5),(6,'favorita_6',0,'2021-11-29',6),(7,'favorita_7',0,'2021-06-09',7),(8,'favorita_8',0,'2021-09-04',8),(9,'favorita_9',0,'2021-07-30',9),(10,'favorita_10',0,'2021-12-14',10),(11,'favorita_11',0,'2021-03-24',11),(12,'favorita_12',0,'2021-05-11',12),(13,'favorita_13',0,'2021-07-15',13),(14,'favorita_14',0,'2021-02-10',14),(15,'favorita_15',0,'2021-02-16',15),(16,'favorita_16',0,'2021-12-29',16),(17,'favorita_17',0,'2021-08-11',17),(18,'favorita_18',0,'2021-05-30',18),(19,'favorita_19',0,'2021-12-13',19),(20,'favorita_20',0,'2021-10-21',20),(21,'favorita_21',0,'2021-03-31',21),(22,'favorita_22',0,'2021-12-08',22),(23,'favorita_23',0,'2021-10-26',23),(24,'favorita_24',0,'2021-03-10',24),(25,'favorita_25',0,'2021-04-25',25),(26,'favorita_26',0,'2021-08-19',26),(27,'favorita_27',0,'2021-02-02',27),(28,'favorita_28',0,'2021-02-22',28),(29,'favorita_29',0,'2021-11-20',29),(30,'favorita_30',0,'2021-08-01',30),(31,'favorita_31',0,'2021-11-11',31),(32,'favorita_32',0,'2021-11-01',32),(33,'favorita_33',0,'2021-11-14',33),(34,'favorita_34',0,'2021-08-02',34),(35,'favorita_35',0,'2021-10-03',35),(36,'favorita_36',0,'2021-06-14',36),(37,'favorita_37',0,'2021-05-21',37),(38,'favorita_38',0,'2021-11-03',38),(39,'favorita_39',0,'2021-09-03',39),(40,'favorita_40',0,'2021-02-11',40),(41,'favorita_41',0,'2021-08-03',41),(42,'favorita_42',0,'2021-12-17',42),(43,'favorita_43',0,'2021-05-28',43),(44,'favorita_44',0,'2021-09-29',44),(45,'favorita_45',0,'2021-08-14',45),(46,'favorita_46',0,'2021-12-11',46),(47,'favorita_47',0,'2021-06-22',47),(48,'favorita_48',0,'2021-08-24',48),(49,'favorita_49',0,'2021-10-12',49),(50,'favorita_50',0,'2021-03-14',50),(51,'favorita_51',0,'2021-04-05',51),(52,'favorita_52',0,'2022-01-09',52),(53,'favorita_53',0,'2021-12-18',53),(54,'favorita_54',0,'2021-06-01',54),(55,'favorita_55',0,'2021-06-30',55),(56,'favorita_56',0,'2021-03-29',56),(57,'favorita_57',0,'2021-09-24',57),(58,'favorita_58',0,'2021-05-07',58),(59,'favorita_59',0,'2021-09-03',59),(60,'favorita_60',0,'2021-10-03',60),(61,'favorita_61',0,'2021-10-25',61),(62,'favorita_62',0,'2021-10-31',62),(63,'favorita_63',0,'2021-11-01',63),(64,'favorita_64',0,'2021-10-18',64),(65,'favorita_65',0,'2022-01-07',65),(66,'favorita_66',0,'2021-04-03',66),(67,'favorita_67',0,'2021-08-28',67),(68,'favorita_68',0,'2021-06-29',68),(69,'favorita_69',0,'2021-05-05',69),(70,'favorita_70',0,'2021-06-18',70),(71,'favorita_71',0,'2021-04-07',71),(72,'favorita_72',0,'2021-12-17',72),(73,'favorita_73',0,'2021-08-16',73),(74,'favorita_74',0,'2021-07-25',74),(75,'favorita_75',0,'2021-08-15',75),(76,'favorita_76',0,'2021-05-16',76),(77,'favorita_77',0,'2021-06-15',77),(78,'favorita_78',0,'2021-09-12',78),(79,'favorita_79',0,'2021-04-21',79),(80,'favorita_80',0,'2021-09-01',80),(81,'favorita_81',0,'2021-04-06',81),(82,'favorita_82',0,'2021-02-07',82),(83,'favorita_83',0,'2021-07-08',83),(84,'favorita_84',0,'2021-07-10',84),(85,'favorita_85',0,'2021-09-03',85),(86,'favorita_86',0,'2021-10-17',86),(87,'favorita_87',0,'2021-11-20',87),(88,'favorita_88',0,'2021-06-23',88),(89,'favorita_89',0,'2021-11-03',89),(90,'favorita_90',0,'2021-05-01',90),(91,'favorita_91',0,'2021-06-13',91),(92,'favorita_92',0,'2021-02-20',92),(93,'favorita_93',0,'2022-01-25',93),(94,'favorita_94',0,'2021-03-04',94),(95,'favorita_95',0,'2021-04-06',95),(96,'favorita_96',0,'2021-06-04',96),(97,'favorita_97',0,'2021-07-17',97),(98,'favorita_98',0,'2021-05-17',98),(99,'favorita_99',0,'2021-04-16',99),(100,'favorita_100',0,'2021-06-05',100),(101,'lista_suscipit',0,'2021-10-11',89),(102,'lista_in',0,'2021-10-24',63),(103,'lista_fermentum',0,'2021-08-14',10),(104,'lista_ultrices',0,'2021-10-23',80),(105,'lista_at',0,'2021-02-24',80),(106,'lista_techno',0,'2021-08-08',53),(107,'lista_amet',0,'2021-07-14',13),(108,'lista_consequat',0,'2021-08-12',45),(109,'lista_libero',0,'2021-10-01',82),(110,'lista_venenatis',0,'2021-07-01',24),(111,'lista_sem',0,'2021-06-15',51),(112,'lista_vestibulum',0,'2021-03-18',32),(113,'lista_eu',0,'2021-09-25',80),(114,'lista_convallis',0,'2021-07-18',35),(115,'lista_felis',0,'2021-02-26',49),(116,'lista_potenti',0,'2021-10-13',38),(117,'lista_maecenas',0,'2021-07-03',20),(118,'lista_techno',0,'2021-03-14',78),(119,'lista_a',0,'2021-02-23',93),(120,'lista_pellentesque',0,'2021-12-30',49),(121,'lista_a',0,'2021-05-13',99),(122,'lista_donec',0,'2021-07-14',46),(123,'lista_nunc',0,'2021-04-09',31),(124,'lista_tortor',0,'2021-04-24',28),(125,'lista_ridiculus',0,'2021-07-14',34),(126,'lista_nam',0,'2021-05-17',68),(127,'lista_fusce',0,'2021-09-09',46),(128,'lista_tincidunt',0,'2021-09-30',73),(129,'lista_magna',0,'2021-10-30',98),(130,'lista_euismod',0,'2022-01-20',25),(131,'lista_integer',0,'2021-04-23',94),(132,'lista_condimentum',0,'2021-09-08',82),(133,'lista_etiam',0,'2022-01-09',35),(134,'lista_quam',0,'2021-10-05',6),(135,'lista_sit',0,'2021-07-05',39),(136,'lista_eget',0,'2021-09-20',1),(137,'lista_platea',0,'2021-03-29',10),(138,'lista_orci',0,'2021-02-10',42),(139,'lista_techno',0,'2021-03-14',66),(140,'lista_massa',0,'2022-01-08',53),(141,'lista_quisque',0,'2021-06-14',58),(142,'lista_ipsum',0,'2021-03-02',46),(143,'lista_dictumst',0,'2021-06-05',10),(144,'lista_at',0,'2021-05-17',99),(145,'lista_mattis',0,'2021-06-28',98),(146,'lista_ante',0,'2021-06-01',10),(147,'lista_potenti',0,'2021-10-16',41),(148,'lista_velit',0,'2021-12-06',47),(149,'lista_pede',0,'2021-11-02',19),(150,'lista_pellentesque',0,'2021-03-17',27),(151,'lista_eleifend',0,'2021-03-06',1),(152,'lista_mi',0,'2021-07-05',98),(153,'lista_vestibulum',0,'2021-06-19',68),(154,'lista_eros',0,'2021-03-13',81),(155,'lista_in',0,'2021-07-12',61),(156,'lista_curabitur',0,'2021-12-08',8),(157,'lista_libero',0,'2021-10-16',73),(158,'lista_libero',0,'2021-02-11',62),(159,'lista_in',0,'2021-07-13',78),(160,'lista_ac',0,'2021-09-19',86),(161,'lista_magna',0,'2021-04-29',5),(162,'lista_interdum',0,'2021-08-06',55),(163,'lista_techno',0,'2021-11-20',98),(164,'lista_viverra',0,'2021-08-10',59),(165,'lista_non',0,'2021-10-01',50),(166,'lista_lectus',0,'2021-11-21',14),(167,'lista_hac',0,'2021-12-11',20),(168,'lista_et',0,'2021-03-22',1),(169,'lista_viverra',0,'2021-12-12',96),(170,'lista_velit',0,'2021-06-04',92),(171,'lista_tempor',0,'2021-10-08',46),(172,'lista_curae',0,'2021-07-19',26),(173,'lista_id',0,'2022-01-17',5),(174,'lista_eget',0,'2021-06-17',71),(175,'lista_vel',0,'2021-02-18',73),(176,'lista_lacinia',0,'2022-01-11',14),(177,'lista_rutrum',0,'2021-06-08',67),(178,'lista_nulla',0,'2021-02-21',37),(179,'lista_felis',0,'2021-12-27',97),(180,'lista_vel',0,'2021-05-04',71),(181,'lista_nulla',0,'2021-12-19',44),(182,'lista_sit',0,'2021-12-25',74),(183,'lista_volutpat',0,'2021-09-08',81),(184,'lista_posuere',0,'2022-01-10',19),(185,'lista_house',0,'2021-05-25',27),(186,'lista_est',0,'2021-05-27',52),(187,'lista_id',0,'2021-12-22',53),(188,'lista_faucibus',0,'2021-07-13',40),(189,'lista_nulla',0,'2022-01-24',44),(190,'lista_elit',0,'2021-06-23',29),(191,'lista_enim',0,'2021-07-06',92),(192,'lista_suspendisse',0,'2021-08-06',62),(193,'lista_ante',0,'2022-01-01',1),(194,'lista_nulla',0,'2021-04-02',89),(195,'lista_sit',0,'2021-05-24',93),(196,'lista_blandit',0,'2022-01-21',8),(197,'lista_erat',0,'2022-01-02',38),(198,'lista_sollicitudin',0,'2021-12-31',74),(199,'lista_maecenas',0,'2021-05-26',31),(200,'lista_mauris',0,'2021-06-24',25),(201,'lista_volutpat',0,'2021-08-26',95),(202,'lista_quam',0,'2021-04-04',3),(203,'lista_condimentum',0,'2021-07-06',53),(204,'lista_elit',0,'2021-02-10',61),(205,'lista_eget',0,'2021-10-28',58),(206,'lista_vestibulum',0,'2021-03-01',75),(207,'lista_mollis',0,'2021-02-20',22),(208,'lista_vivamus',0,'2021-09-14',33),(209,'lista_vitae',0,'2021-05-26',33),(210,'lista_eleifend',0,'2021-03-11',84),(211,'lista_duis',0,'2021-07-10',52),(212,'lista_et',0,'2021-03-22',75),(213,'lista_nulla',0,'2021-03-01',46),(214,'lista_duis',0,'2021-08-21',94),(215,'lista_sem',0,'2021-10-03',70),(216,'lista_luctus',0,'2021-04-09',74),(217,'lista_leo',0,'2021-11-03',47),(218,'lista_techno',0,'2021-11-16',34),(219,'lista_dictumst',0,'2021-07-09',47),(220,'lista_neque',0,'2021-06-28',18),(221,'lista_nisi',0,'2021-02-11',51),(222,'lista_amet',0,'2021-07-31',20),(223,'lista_at',0,'2021-11-06',32),(224,'lista_montes',0,'2022-01-09',6),(225,'lista_ipsum',0,'2021-04-11',66),(226,'lista_curae',0,'2021-10-08',31),(227,'lista_pretium',0,'2021-11-11',70),(228,'lista_eleifend',0,'2021-11-25',27),(229,'lista_erat',0,'2021-05-23',78),(230,'lista_nullam',0,'2021-03-03',95),(231,'lista_euismod',0,'2021-08-09',73),(232,'lista_ultrices',0,'2021-12-11',18),(233,'lista_leo',0,'2021-05-20',54),(234,'lista_eu',0,'2021-06-21',63),(235,'lista_volutpat',0,'2021-12-24',12),(236,'lista_dis',0,'2021-04-25',71),(237,'lista_lobortis',0,'2021-08-28',12),(238,'lista_sed',0,'2021-02-15',4),(239,'lista_purus',0,'2021-05-25',49),(240,'lista_quis',0,'2021-03-14',25),(241,'lista_sapien',0,'2021-12-04',65),(242,'lista_nulla',0,'2021-09-08',24),(243,'lista_techno',0,'2021-11-05',6),(244,'lista_volutpat',0,'2021-10-15',98),(245,'lista_molestie',0,'2021-06-12',14),(246,'lista_eget',0,'2021-05-15',70),(247,'lista_ac',0,'2021-03-09',20),(248,'lista_sapien',0,'2021-12-05',94),(249,'lista_congue',0,'2021-02-27',46),(250,'lista_est',0,'2021-12-19',35),(251,'lista_ac',0,'2021-03-23',38),(252,'lista_quam',0,'2021-03-15',78),(253,'lista_sit',0,'2021-03-07',89),(254,'lista_ullamcorper',0,'2021-12-20',62),(255,'lista_et',0,'2022-01-09',74),(256,'lista_tempus',0,'2021-08-16',9),(257,'lista_sed',0,'2021-06-13',53),(258,'lista_tincidunt',0,'2021-12-23',12),(259,'lista_in',0,'2021-02-16',80),(260,'lista_vitae',0,'2021-02-13',35),(261,'lista_turpis',0,'2021-09-26',69),(262,'lista_techno',0,'2021-06-24',85),(263,'lista_amet',0,'2021-09-07',58),(264,'lista_in',0,'2021-03-20',59),(265,'lista_morbi',0,'2021-04-08',11),(266,'lista_proin',0,'2021-06-02',2),(267,'lista_ante',0,'2021-05-05',83),(268,'lista_auctor',0,'2021-02-23',31),(269,'lista_sit',0,'2021-11-11',81),(270,'lista_sit',0,'2021-11-04',59),(271,'lista_amet',0,'2021-07-07',45),(272,'lista_eleifend',0,'2021-09-07',11),(273,'lista_montes',0,'2021-09-15',1),(274,'lista_lectus',0,'2022-01-18',27),(275,'lista_sem',0,'2021-02-05',78),(276,'lista_aenean',0,'2022-01-24',1),(277,'lista_convallis',0,'2021-05-25',81),(278,'lista_dolor',0,'2021-04-09',64),(279,'lista_cras',0,'2021-04-16',80),(280,'lista_massa',0,'2021-07-10',76),(281,'lista_penatibus',0,'2021-05-21',14),(282,'lista_mi',0,'2021-02-08',83),(283,'lista_placerat',0,'2021-02-13',5),(284,'lista_mi',0,'2021-03-10',81),(285,'lista_curabitur',0,'2022-01-07',64),(286,'lista_ligula',0,'2021-08-14',95),(287,'lista_amet',0,'2021-12-16',69),(288,'lista_lectus',0,'2021-03-08',82),(289,'lista_sit',0,'2021-05-19',91),(290,'lista_rutrum',0,'2021-12-22',1),(291,'lista_orci',0,'2021-08-27',34),(292,'lista_natoque',0,'2021-06-14',61),(293,'lista_house',0,'2021-10-08',30),(294,'lista_non',0,'2021-03-05',43),(295,'lista_mauris',0,'2021-12-08',28),(296,'lista_eu',0,'2021-09-18',25),(297,'lista_integer',0,'2021-02-13',84),(298,'lista_tincidunt',0,'2021-10-11',54),(299,'lista_placerat',0,'2021-06-28',9),(300,'lista_consequat',0,'2021-06-22',76),(301,'lista_vitae',0,'2021-10-28',88),(302,'lista_tempus',0,'2022-01-25',14),(303,'lista_morbi',0,'2021-06-19',85),(304,'lista_molestie',0,'2021-09-25',94),(305,'lista_lobortis',0,'2022-01-27',85),(306,'lista_leo',0,'2021-10-20',39),(307,'lista_felis',0,'2021-07-06',47),(308,'lista_et',0,'2021-07-15',27),(309,'lista_tempor',0,'2021-05-02',90),(310,'lista_ante',0,'2021-05-05',97),(311,'lista_pede',0,'2021-12-21',14),(312,'lista_house',0,'2021-09-14',99),(313,'lista_nisl',0,'2021-05-05',66),(314,'lista_lacus',0,'2022-01-06',79),(315,'lista_bibendum',0,'2021-03-28',30),(316,'lista_ac',0,'2021-04-06',93),(317,'lista_habitasse',0,'2021-09-05',100),(318,'lista_techno',0,'2021-05-21',35),(319,'lista_in',0,'2021-05-14',64),(320,'lista_lorem',0,'2021-06-11',61),(321,'lista_quis',0,'2021-02-22',15),(322,'lista_molestie',0,'2021-03-19',4),(323,'lista_sed',0,'2021-03-21',47),(324,'lista_nulla',0,'2021-02-05',30),(325,'lista_ut',0,'2021-05-06',68),(326,'lista_cras',0,'2021-04-01',47),(327,'lista_house',0,'2021-04-19',4),(328,'lista_tempus',0,'2021-10-23',24),(329,'lista_nulla',0,'2021-09-01',41),(330,'lista_nulla',0,'2021-11-26',34),(331,'lista_sed',0,'2021-03-08',47),(332,'lista_ante',0,'2021-05-12',43),(333,'lista_natoque',0,'2021-07-06',87),(334,'lista_adipiscing',0,'2021-11-25',4),(335,'lista_elementum',0,'2021-11-06',89),(336,'lista_fringilla',0,'2021-07-22',91),(337,'lista_amet',0,'2021-08-10',17),(338,'lista_faucibus',0,'2022-01-03',34),(339,'lista_luctus',0,'2021-10-25',42),(340,'lista_duis',0,'2021-02-02',99),(341,'lista_tellus',0,'2021-02-01',46),(342,'lista_duis',0,'2021-05-05',23),(343,'lista_in',0,'2021-09-29',36),(344,'lista_morbi',0,'2021-04-03',91),(345,'lista_ultrices',0,'2021-05-24',77),(346,'lista_quis',0,'2021-10-31',12),(347,'lista_quis',0,'2021-02-10',10),(348,'lista_aliquam',0,'2021-11-17',97),(349,'lista_nunc',0,'2021-08-17',42),(350,'lista_quam',0,'2021-10-22',3),(351,'lista_elementum',0,'2021-08-06',98),(352,'lista_luctus',0,'2021-04-15',28),(353,'lista_aliquet',0,'2021-07-10',5),(354,'lista_fusce',0,'2021-12-22',12),(355,'lista_turpis',0,'2021-04-19',7),(356,'lista_non',0,'2021-10-01',25),(357,'lista_augue',0,'2021-12-08',63),(358,'lista_consectetuer',0,'2021-12-30',76),(359,'lista_magna',0,'2021-12-03',22),(360,'lista_sit',0,'2021-10-24',96),(361,'lista_morbi',0,'2021-05-12',78),(362,'lista_arcu',0,'2021-11-22',25),(363,'lista_interdum',0,'2021-10-09',66),(364,'lista_mauris',0,'2021-09-17',35),(365,'lista_turpis',0,'2021-11-07',6),(366,'lista_eleifend',0,'2021-07-09',70),(367,'lista_ut',0,'2021-03-02',86),(368,'lista_blandit',0,'2021-12-31',96),(369,'lista_quis',0,'2021-02-06',8),(370,'lista_luctus',0,'2021-04-09',84),(371,'lista_luctus',0,'2022-01-10',49),(372,'lista_molestie',0,'2021-06-06',57),(373,'lista_dui',0,'2021-03-25',54),(374,'lista_magna',0,'2022-01-16',37),(375,'lista_lacinia',0,'2021-02-24',1),(376,'lista_in',0,'2021-02-24',9),(377,'lista_duis',0,'2021-02-17',75),(378,'lista_et',0,'2021-08-09',99),(379,'lista_ac',0,'2021-04-05',19),(380,'lista_interdum',0,'2021-11-30',39),(381,'lista_ligula',0,'2021-03-19',41),(382,'lista_eget',0,'2021-11-11',30),(383,'lista_nulla',0,'2021-03-18',79),(384,'lista_congue',0,'2021-12-29',94),(385,'lista_malesuada',0,'2021-09-29',36),(386,'lista_id',0,'2021-05-09',75),(387,'lista_pellentesque',0,'2021-03-19',30),(388,'lista_amet',0,'2021-10-21',22),(389,'lista_maecenas',0,'2021-10-15',57),(390,'lista_lacus',0,'2021-12-18',13),(391,'lista_ornare',0,'2021-07-29',4),(392,'lista_curabitur',0,'2021-04-17',62),(393,'lista_arcu',0,'2021-07-18',53),(394,'lista_lectus',0,'2021-11-16',90),(395,'lista_lacus',0,'2021-05-23',40),(396,'lista_tortor',0,'2021-12-27',82),(397,'lista_a',0,'2021-05-28',3),(398,'lista_cras',0,'2021-10-03',83),(399,'lista_vitae',0,'2021-06-20',65),(400,'lista_volutpat',0,'2021-04-15',32),(401,'lista_suspendisse',0,'2022-01-07',77),(402,'lista_luctus',0,'2021-12-13',27),(403,'lista_sit',0,'2021-03-07',10),(404,'lista_imperdiet',0,'2022-01-14',7),(405,'lista_quis',0,'2021-06-28',76),(406,'lista_vulputate',0,'2021-08-30',21),(407,'lista_sed',0,'2021-07-05',58),(408,'lista_lorem',0,'2021-09-14',23),(409,'lista_vel',0,'2021-07-15',37),(410,'lista_ultrices',0,'2021-05-23',21),(411,'lista_ornare',0,'2021-03-10',38),(412,'lista_blandit',0,'2021-04-16',59),(413,'lista_suspendisse',0,'2021-10-11',81),(414,'lista_consectetuer',0,'2021-08-31',85),(415,'lista_curae',0,'2021-11-19',45),(416,'lista_donec',0,'2021-03-14',35),(417,'lista_pede',0,'2021-10-27',30),(418,'lista_dis',0,'2021-11-08',59),(419,'lista_posuere',0,'2021-11-08',25),(420,'lista_in',0,'2021-08-18',68),(421,'lista_pede',0,'2021-06-14',55),(422,'lista_orci',0,'2021-12-14',40),(423,'lista_platea',0,'2021-03-16',40),(424,'lista_faucibus',0,'2021-07-30',86),(425,'lista_primis',0,'2021-10-04',95),(426,'lista_mauris',0,'2021-05-01',71),(427,'lista_libero',0,'2021-10-08',10),(428,'lista_ipsum',0,'2021-09-21',30),(429,'lista_ut',0,'2021-02-08',40),(430,'lista_mauris',0,'2021-06-08',100),(431,'lista_velit',0,'2021-05-15',73),(432,'lista_et',0,'2021-03-23',24),(433,'lista_sit',0,'2021-08-17',38),(434,'lista_nam',0,'2021-09-13',89),(435,'lista_vel',0,'2021-02-28',74),(436,'lista_nunc',0,'2021-08-11',11),(437,'lista_eu',0,'2021-06-23',26),(438,'lista_libero',0,'2021-10-12',96),(439,'lista_mi',0,'2021-08-11',63),(440,'lista_ac',0,'2021-07-09',60),(441,'lista_tortor',0,'2021-06-22',43),(442,'lista_nonummy',0,'2021-07-25',58),(443,'lista_ultrices',0,'2021-02-05',9),(444,'lista_ipsum',0,'2021-05-26',37),(445,'lista_quis',0,'2021-12-18',63),(446,'lista_sem',0,'2021-10-08',92),(447,'lista_accumsan',0,'2021-07-31',9),(448,'lista_curabitur',0,'2021-04-04',29),(449,'lista_sit',0,'2021-08-08',51),(450,'lista_duis',0,'2021-05-04',54),(451,'lista_morbi',0,'2021-06-15',58),(452,'lista_tempus',0,'2021-03-11',29),(453,'lista_sed',0,'2021-04-17',33),(454,'lista_sapien',0,'2021-06-18',47),(455,'lista_amet',0,'2021-10-23',97),(456,'lista_mattis',0,'2021-05-18',5),(457,'lista_porttitor',0,'2021-02-06',42),(458,'lista_eget',0,'2021-04-18',7),(459,'lista_ipsum',0,'2021-11-20',16),(460,'lista_diam',0,'2021-06-03',22),(461,'lista_orci',0,'2021-06-16',97),(462,'lista_arcu',0,'2021-08-22',36),(463,'lista_convallis',0,'2021-09-01',56),(464,'lista_mauris',0,'2021-05-17',35),(465,'lista_ante',0,'2021-03-30',96),(466,'lista_lorem',0,'2021-05-12',57),(467,'lista_est',0,'2021-02-04',80),(468,'lista_est',0,'2021-08-05',8),(469,'lista_pellentesque',0,'2021-02-06',38),(470,'lista_eros',0,'2021-10-29',30),(471,'lista_quam',0,'2021-08-20',84),(472,'lista_luctus',0,'2021-05-27',4),(473,'lista_eleifend',0,'2021-05-22',93),(474,'lista_cum',0,'2021-10-23',18),(475,'lista_ut',0,'2021-07-21',64),(476,'lista_at',0,'2021-10-10',4),(477,'lista_habitasse',0,'2021-02-10',90),(478,'lista_cursus',0,'2021-03-30',19),(479,'lista_at',0,'2021-09-09',53),(480,'lista_risus',0,'2021-12-24',6),(481,'lista_elit',0,'2021-12-30',25),(482,'lista_sem',0,'2021-11-20',86),(483,'lista_nulla',0,'2021-06-25',12),(484,'lista_ac',0,'2021-10-08',39),(485,'lista_viverra',0,'2021-10-14',62),(486,'lista_phasellus',0,'2021-09-30',30),(487,'lista_lectus',0,'2021-08-18',97),(488,'lista_erat',0,'2021-12-20',11),(489,'lista_augue',0,'2021-06-14',26),(490,'lista_eu',0,'2021-05-06',8),(491,'lista_consequat',0,'2021-03-31',27),(492,'lista_libero',0,'2021-04-11',56),(493,'lista_ac',0,'2021-06-20',11),(494,'lista_montes',0,'2021-12-02',40),(495,'lista_nisl',0,'2021-09-17',86),(496,'lista_suspendisse',0,'2021-09-29',21),(497,'lista_proin',0,'2021-10-31',47),(498,'lista_quam',0,'2021-12-04',49),(499,'lista_at',0,'2021-05-31',94),(500,'lista_ac',0,'2021-08-13',34),(501,'lista_semper',0,'2021-10-23',65),(502,'lista_tempus',0,'2021-02-24',27),(503,'lista_eu',0,'2021-02-25',4),(504,'lista_nullam',0,'2021-07-11',45),(505,'lista_volutpat',0,'2021-11-05',79),(506,'lista_mattis',0,'2021-07-19',91),(507,'lista_pharetra',0,'2022-01-16',16),(508,'lista_sapien',0,'2021-04-18',32),(509,'lista_elit',0,'2021-02-28',15),(510,'lista_quisque',0,'2021-09-19',55),(511,'lista_sem',0,'2021-08-28',99),(512,'lista_techno',0,'2021-11-04',96),(513,'lista_dolor',0,'2021-08-25',65),(514,'lista_habitasse',0,'2021-07-05',45),(515,'lista_accumsan',0,'2021-09-23',70),(516,'lista_duis',0,'2021-04-13',1),(517,'lista_convallis',0,'2021-08-26',14),(518,'lista_nulla',0,'2021-11-19',39),(519,'lista_house',0,'2021-06-02',9),(520,'lista_integer',0,'2021-08-05',96),(521,'lista_quam',0,'2021-10-02',86),(522,'lista_etiam',0,'2021-09-17',83),(523,'lista_vel',0,'2021-04-27',34),(524,'lista_proin',0,'2021-05-25',35),(525,'lista_tincidunt',0,'2021-04-29',76),(526,'lista_non',0,'2021-05-16',19),(527,'lista_lacus',0,'2021-11-13',44),(528,'lista_dis',0,'2021-03-24',50),(529,'lista_quam',0,'2021-11-12',28),(530,'lista_nulla',0,'2022-01-21',23),(531,'lista_at',0,'2021-08-08',86),(532,'lista_potenti',0,'2021-02-28',94),(533,'lista_pede',0,'2021-11-16',45),(534,'lista_augue',0,'2021-10-03',16),(535,'lista_in',0,'2021-07-28',81),(536,'lista_lectus',0,'2021-04-23',61),(537,'lista_nisl',0,'2021-12-09',55),(538,'lista_bibendum',0,'2021-12-20',67),(539,'lista_tortor',0,'2022-01-06',10),(540,'lista_vehicula',0,'2021-07-15',30),(541,'lista_faucibus',0,'2021-08-08',26),(542,'lista_libero',0,'2021-07-15',72),(543,'lista_in',0,'2021-12-16',39),(544,'lista_techno',0,'2021-03-19',86),(545,'lista_varius',0,'2021-03-31',59),(546,'lista_et',0,'2022-01-02',22),(547,'lista_in',0,'2021-02-18',33),(548,'lista_habitasse',0,'2021-10-21',30),(549,'lista_integer',0,'2021-02-27',43),(550,'lista_volutpat',0,'2021-09-29',51),(551,'lista_amet',0,'2021-09-15',26),(552,'lista_nisi',0,'2021-05-02',10),(553,'lista_sapien',0,'2021-11-06',74),(554,'lista_amet',0,'2021-02-25',19),(555,'lista_nam',0,'2021-10-17',17),(556,'lista_amet',0,'2021-12-07',43),(557,'lista_erat',0,'2021-02-21',44),(558,'lista_in',0,'2022-01-19',42),(559,'lista_aenean',0,'2021-09-08',70),(560,'lista_in',0,'2021-04-01',80),(561,'lista_parturient',0,'2021-07-25',82),(562,'lista_eleifend',0,'2021-10-15',74),(563,'lista_sapien',0,'2021-07-02',40),(564,'lista_vel',0,'2021-10-26',35),(565,'lista_interdum',0,'2021-06-11',79),(566,'lista_habitasse',0,'2021-07-17',90),(567,'lista_quis',0,'2021-05-16',59),(568,'lista_maecenas',0,'2021-10-02',71),(569,'lista_diam',0,'2021-12-15',19),(570,'lista_penatibus',0,'2021-08-26',50),(571,'lista_ut',0,'2021-08-05',60),(572,'lista_eros',0,'2021-10-20',33),(573,'lista_sed',0,'2021-09-20',49),(574,'lista_fringilla',0,'2021-07-07',69),(575,'lista_libero',0,'2021-05-08',24),(576,'lista_tortor',0,'2021-03-10',55),(577,'lista_ornare',0,'2021-05-28',4),(578,'lista_luctus',0,'2021-11-10',42),(579,'lista_etiam',0,'2021-05-12',82),(580,'lista_proin',0,'2021-09-08',50),(581,'lista_scelerisque',0,'2021-09-06',13),(582,'lista_orci',0,'2021-02-10',64),(583,'lista_tincidunt',0,'2021-03-25',66),(584,'lista_tincidunt',0,'2021-11-07',62),(585,'lista_vulputate',0,'2021-12-21',62),(586,'lista_lectus',0,'2021-07-15',93),(587,'lista_eros',0,'2021-03-03',14),(588,'lista_magna',0,'2022-01-21',5),(589,'lista_auctor',0,'2021-10-28',56),(590,'lista_suspendisse',0,'2021-08-11',22),(591,'lista_sit',0,'2021-10-02',50),(592,'lista_sapien',0,'2021-10-22',52),(593,'lista_libero',0,'2021-09-07',43),(594,'lista_ut',0,'2021-03-13',5),(595,'lista_lorem',0,'2021-12-05',4),(596,'lista_potenti',0,'2021-02-09',59),(597,'lista_amet',0,'2022-01-01',91),(598,'lista_tempus',0,'2021-08-04',18),(599,'lista_quam',0,'2021-02-12',37),(600,'lista_felis',0,'2021-10-25',23);
/*!40000 ALTER TABLE `playlist` ENABLE KEYS */;
UNLOCK TABLES;

--
-- Table structure for table `podcast`
--

DROP TABLE IF EXISTS `podcast`;
/*!40101 SET @saved_cs_client     = @@character_set_client */;
/*!50503 SET character_set_client = utf8mb4 */;
CREATE TABLE `podcast` (
  `id` int(10) unsigned NOT NULL AUTO_INCREMENT,
  `titulo` varchar(100) NOT NULL,
  `imagen` varchar(255) DEFAULT NULL,
  `descripcion` text,
  `anyo` datetime DEFAULT NULL,
  PRIMARY KEY (`id`),
  KEY `titulo_idx` (`titulo`),
  KEY `anyo_idx` (`anyo`)
) ENGINE=InnoDB AUTO_INCREMENT=21 DEFAULT CHARSET=utf8;
/*!40101 SET character_set_client = @saved_cs_client */;

--
-- Dumping data for table `podcast`
--

LOCK TABLES `podcast` WRITE;
/*!40000 ALTER TABLE `podcast` DISABLE KEYS */;
INSERT INTO `podcast` VALUES (1,'The Wild Project',NULL,'Actualidad, deportes, charlas con los invitados más interesantes, ciencia, anécdotas y curiosidades, debates, filosofía, psicología, misterio, terror... y muchísimo más. Cada semana hablando claro y sin miedo sobre el mundo que nos rodea.','2020-01-01 00:00:00'),(2,'Estirando el chicle',NULL,'Presentado por Carolina Iglesias y Victoria Martín','2020-01-01 00:00:00'),(3,'Dentrísimo',NULL,'Café, plantas, comida picante, buceo, cómics, limpieza… Manuel Burque charla con famosos sobre sus pasiones ocultas y analiza hasta qué punto están locos por ellas. Dentrísimo es un podcast sobre obsesiones, contado de forma obsesiva.','2018-01-01 00:00:00'),(4,'Por si las voces vuelven',NULL,'Ángel Martín charla con personajes populares acerca de sus problemas con la salud mental y de cómo se enfrentan o enfrentaron a ellos para poder seguir adelante.','2021-01-01 00:00:00'),(5,'Cuarto milenial',NULL,'Andrea Compton y Lalachus abren micro desde su Cuarto Milenial. Con invitadas de fantasía, esta habitación sonora (¡que se puede ver, solo en Spotify!) te transportará a tu infancia y adolescencia a través de música, pelis, revistas, juegos…','2017-01-01 00:00:00'),(6,'Informativo matinal express',NULL,'Un informativo matinal diario pensado para que ahorres tiempo y puedas ponerte cuanto antes a hacer cosas','2018-01-01 00:00:00'),(7,'Entiende tu mente',NULL,'Seguro que a lo largo del día tienes 20 minutos. Piénsalo. Puede que sea en ese trayecto que haces en transporte público, en tu coche o paseando. Tal vez mientras cocinas o antes de ir a dormir. Elige el momento y nosotros te prometemos ayudarte a entenderTE y entenderLES mejor.','2019-01-01 00:00:00'),(8,'Nadie Sabe nada',NULL,'Andreu Buenafuente y Berto Romero se sientan frente a frente, micro a micro, e improvisan. ¿Qué puede salir mal? El humor de estos dos genios es oro para tus orejas. Ábrelas bien que, en el fondo, nadie sabe nada.','2018-01-01 00:00:00'),(9,'Dile que baje',NULL,'Para conocer a la gente que creemos conocer, o para saber por qué son cómo son, hay que acudir a la infancia. Al barrio. Al pueblo. Al lugar y el tiempo donde comenzó todo. Quique Peinado, que cree que la patria son los barrios, hablará con calma con gente que llegó lejos empezando de muy abajo. Una charla sobre orígenes que arranca, como todo en la infancia, con un timbrazo al telefonillo y una petición a quien lo cogía: Dile que baje.','2020-01-01 00:00:00'),(10,'La Pija y La Quinqui',NULL,'El podcast de Carlos Peguer y Mariang. Domingos a las 16:00h. Síguenos en redes en @pijayquinqui.','2020-01-01 00:00:00'),(11,'AM',NULL,'El resumen informativo de Kloshletter, dirigido por Charo Marcos, producido por Ricardo Villa y narrado por Eixchélt González y Jon Elicegui. Una producción de The Voice Village para Spotify.De lunes a viernes, a las 8:00 AM.','2019-01-01 00:00:00'),(12,'Levántate OK',NULL,'Levántate Ok, con toda la actualidad contada sin censuras. Música propia gracias a algunos de los mejores DJ\'s de Europa, mucho humor y crítica política despiadada.','2021-01-01 00:00:00'),(13,'Generación Futuro',NULL,'Este podcast no es un podcast, es un experimento. Un puente para que las ideas de los jóvenes dialoguen directamente con el Gobierno de España. ¿Por qué? El 85% de los jóvenes no se siente representado por ningún partido político, España es uno de los países con el mayor índice de trastornos mentales entre los jóvenes y el segundo con mayor desempleo de toda la Unión Europea. Por eso, hemos invitado a las mentes más lúcidas, tanto jóvenes activistas como pensadores de renombre, para charlar sobre discursos de odio, crisis climática, el impacto de la tecnología en nuestras vidas, los retos de la educación y del trabajo… y mucho más. Siempre de forma tranquila y humana. Conducido por Isaac Marcet, director de PlayGround, nos preguntaremos si es posible crear un espacio de diálogo entre los diferentes ministerios y la juventud para imaginar juntos el futuro. Si te interesa la política y sabemos que sí, escúchalo para averiguarlo.','2020-01-01 00:00:00'),(14,'Como si nadie escuchara',NULL,'En este programa yo (Cris Blanco) compartiré con vosotr@s todas mis ideas, opiniones, reflexiones, experiencias... y todo aquello que me pida el corazón! Sin filtros, como si nadie escuchara! Mi intención es acompañarte en tu día, entretenerte e inspirarte a ser la mejor versión de ti mism@, y que lo descubramos junt@s!','2019-01-01 00:00:00'),(15,'Saldremos mejores',NULL,'¿Acaso te conformas con cualquier cosa que te cuenten? Si tienes sed más allá de los ÚLTIMA HORA de Twitter, SALDREMOS MEJORES es tu espacio. Nosotras te contamos con gracia a dónde van tus impuestos, tus derechos como autónoma, para qué está la institución de la Corona en España o si la UE es justa con Murcia. No solo no te vas a dormir, sino que vas a espabilar. ¿Saldremos mejores? En este podcast, por lo menos, lo vamos a intentar.','2018-01-01 00:00:00'),(16,'Deforme semanal ideal total',NULL,'Deforme Semanal Ideal Total es el radioshow quincenal en el que Isa Calderón y Lucía Lijtmaer desgranan en Radio Primavera Sound su particular visión de la vida y la cultura contemporánea con risas, explicaciones redundantes y, en definitiva, todo aquello que necesitas saber en una hora entera sólo para ti. El podcast revelación en castellano de 2020 y uno de los más escuchados de España según Spotify.​','2017-01-01 00:00:00'),(17,'Club 133',NULL,'Club 113 es un podcast de Team Heretics presentado por Goorgo, Nil Ojeda y Werlyb. Obviamente, Team Heretics no se hace responsable de las opiniones vertidas por los invitados en el programa.','2018-01-01 00:00:00'),(18,'Maldito Bollodrama',NULL,'Maldito Bollodrama, el podcast definitivo de lesbianas hablando sobre lesbianas para lesbianas. Safo de Mitilene es nuestra pastora, nada nos falta.','2019-01-01 00:00:00'),(19,'El bar de los Broder Tolquin',NULL,'En 2010, la policia inició una investigación que acabaría con la desmantelación de una peligrosa banda criminal. Para ello se sirvió de micrófonos ocultos en un modesto bar de la capital. Casualmente ese tugurio es el mismo bar donde Javier Coronas, Raúl Cimas, El Pirata y un grupo de parroquianos muy variopinto pasaban las horas muertas. Todas las conversaciones fueron registradas llegando a acumular más de 43.000 horas en cintas de cassette de 90 minutos de Chrome Extra. Ahora, salen a la luz todas aquellas charlas que sobraron de la investigación... aunque sean años de conversaciones vacías.','2021-01-01 00:00:00'),(20,'Reyes del palique',NULL,'Desde su palacio (el salón de su casa) llegan los Reyes del Palique para hacer lo que más les mola: estar de cachondeo dando la chapa. Un podcast de Fizpireta y Uy Albert.','2018-01-01 00:00:00');
/*!40000 ALTER TABLE `podcast` ENABLE KEYS */;
UNLOCK TABLES;

--
-- Table structure for table `podcast_usuario`
--

DROP TABLE IF EXISTS `podcast_usuario`;
/*!40101 SET @saved_cs_client     = @@character_set_client */;
/*!50503 SET character_set_client = utf8mb4 */;
CREATE TABLE `podcast_usuario` (
  `usuario_id` int(10) unsigned NOT NULL,
  `podcast_id` int(10) unsigned NOT NULL,
  PRIMARY KEY (`usuario_id`,`podcast_id`),
  KEY `IDX_88248757786136AB` (`podcast_id`),
  KEY `IDX_88248757DB38439E` (`usuario_id`),
  CONSTRAINT `FK_88248757786136AB` FOREIGN KEY (`podcast_id`) REFERENCES `podcast` (`id`),
  CONSTRAINT `FK_88248757DB38439E` FOREIGN KEY (`usuario_id`) REFERENCES `usuario` (`id`)
) ENGINE=InnoDB DEFAULT CHARSET=utf8;
/*!40101 SET character_set_client = @saved_cs_client */;

--
-- Dumping data for table `podcast_usuario`
--

LOCK TABLES `podcast_usuario` WRITE;
/*!40000 ALTER TABLE `podcast_usuario` DISABLE KEYS */;
INSERT INTO `podcast_usuario` VALUES (1,1),(6,1),(10,1),(11,1),(12,1),(13,1),(14,1),(15,1),(17,1),(18,1),(19,1),(22,1),(23,1),(25,1),(27,1),(29,1),(38,1),(41,1),(42,1),(46,1),(47,1),(49,1),(50,1),(58,1),(60,1),(61,1),(62,1),(63,1),(64,1),(66,1),(68,1),(73,1),(77,1),(78,1),(81,1),(83,1),(84,1),(89,1),(90,1),(93,1),(97,1),(2,2),(3,2),(10,2),(15,2),(21,2),(32,2),(33,2),(35,2),(41,2),(42,2),(44,2),(46,2),(48,2),(49,2),(51,2),(52,2),(53,2),(55,2),(57,2),(58,2),(59,2),(64,2),(65,2),(69,2),(70,2),(71,2),(72,2),(76,2),(77,2),(79,2),(84,2),(85,2),(86,2),(89,2),(93,2),(94,2),(95,2),(98,2),(100,2),(3,3),(5,3),(9,3),(11,3),(17,3),(18,3),(23,3),(25,3),(28,3),(31,3),(32,3),(34,3),(37,3),(38,3),(40,3),(41,3),(42,3),(43,3),(45,3),(48,3),(49,3),(50,3),(55,3),(56,3),(57,3),(58,3),(59,3),(62,3),(68,3),(74,3),(76,3),(79,3),(89,3),(91,3),(92,3),(95,3),(97,3),(1,4),(3,4),(5,4),(6,4),(11,4),(12,4),(13,4),(15,4),(16,4),(17,4),(18,4),(19,4),(22,4),(23,4),(26,4),(29,4),(33,4),(34,4),(35,4),(36,4),(37,4),(41,4),(43,4),(55,4),(62,4),(66,4),(69,4),(70,4),(73,4),(76,4),(78,4),(84,4),(85,4),(86,4),(91,4),(92,4),(93,4),(99,4),(1,5),(3,5),(8,5),(9,5),(10,5),(11,5),(12,5),(15,5),(21,5),(25,5),(26,5),(28,5),(29,5),(34,5),(41,5),(54,5),(57,5),(59,5),(63,5),(67,5),(69,5),(70,5),(72,5),(74,5),(75,5),(77,5),(91,5),(93,5),(94,5),(99,5),(2,6),(3,6),(4,6),(6,6),(14,6),(21,6),(25,6),(26,6),(30,6),(31,6),(34,6),(35,6),(41,6),(44,6),(46,6),(48,6),(53,6),(56,6),(57,6),(59,6),(64,6),(66,6),(68,6),(70,6),(72,6),(73,6),(79,6),(82,6),(84,6),(87,6),(91,6),(96,6),(99,6),(1,7),(2,7),(3,7),(6,7),(8,7),(9,7),(12,7),(13,7),(17,7),(21,7),(22,7),(23,7),(26,7),(27,7),(30,7),(31,7),(32,7),(33,7),(39,7),(40,7),(41,7),(43,7),(45,7),(47,7),(51,7),(53,7),(59,7),(61,7),(62,7),(63,7),(65,7),(67,7),(68,7),(70,7),(72,7),(73,7),(75,7),(76,7),(78,7),(80,7),(84,7),(86,7),(87,7),(89,7),(90,7),(92,7),(95,7),(96,7),(98,7),(99,7),(1,8),(2,8),(8,8),(9,8),(14,8),(17,8),(19,8),(20,8),(21,8),(24,8),(25,8),(31,8),(33,8),(35,8),(37,8),(38,8),(40,8),(42,8),(46,8),(47,8),(49,8),(51,8),(54,8),(55,8),(56,8),(58,8),(60,8),(69,8),(70,8),(71,8),(79,8),(85,8),(88,8),(90,8),(94,8),(97,8),(99,8),(100,8),(1,9),(3,9),(15,9),(20,9),(25,9),(27,9),(30,9),(32,9),(33,9),(39,9),(40,9),(48,9),(49,9),(50,9),(51,9),(53,9),(55,9),(58,9),(59,9),(61,9),(64,9),(69,9),(70,9),(71,9),(72,9),(77,9),(81,9),(86,9),(91,9),(92,9),(3,10),(6,10),(7,10),(9,10),(10,10),(11,10),(13,10),(15,10),(16,10),(19,10),(20,10),(23,10),(25,10),(30,10),(32,10),(37,10),(41,10),(44,10),(47,10),(54,10),(55,10),(56,10),(61,10),(65,10),(69,10),(73,10),(74,10),(75,10),(76,10),(77,10),(80,10),(82,10),(87,10),(93,10),(98,10),(3,11),(4,11),(6,11),(7,11),(9,11),(14,11),(15,11),(16,11),(17,11),(20,11),(21,11),(22,11),(23,11),(26,11),(30,11),(34,11),(35,11),(38,11),(44,11),(46,11),(47,11),(49,11),(58,11),(59,11),(60,11),(62,11),(65,11),(67,11),(68,11),(70,11),(72,11),(75,11),(78,11),(79,11),(81,11),(87,11),(88,11),(91,11),(95,11),(1,12),(3,12),(4,12),(6,12),(7,12),(9,12),(12,12),(15,12),(18,12),(20,12),(21,12),(22,12),(27,12),(28,12),(30,12),(36,12),(39,12),(40,12),(41,12),(43,12),(44,12),(45,12),(46,12),(47,12),(50,12),(56,12),(57,12),(58,12),(63,12),(67,12),(71,12),(75,12),(77,12),(81,12),(82,12),(90,12),(91,12),(93,12),(94,12),(99,12),(1,13),(2,13),(3,13),(5,13),(8,13),(9,13),(10,13),(11,13),(12,13),(13,13),(15,13),(17,13),(21,13),(23,13),(24,13),(25,13),(26,13),(31,13),(34,13),(39,13),(40,13),(42,13),(45,13),(49,13),(50,13),(51,13),(58,13),(62,13),(67,13),(69,13),(70,13),(71,13),(72,13),(75,13),(76,13),(77,13),(78,13),(79,13),(80,13),(81,13),(84,13),(85,13),(86,13),(87,13),(88,13),(90,13),(91,13),(92,13),(97,13),(98,13),(3,14),(5,14),(11,14),(15,14),(18,14),(19,14),(20,14),(24,14),(29,14),(31,14),(32,14),(37,14),(39,14),(44,14),(45,14),(51,14),(55,14),(57,14),(60,14),(61,14),(62,14),(63,14),(64,14),(65,14),(66,14),(72,14),(74,14),(76,14),(77,14),(79,14),(81,14),(84,14),(85,14),(86,14),(87,14),(88,14),(90,14),(92,14),(93,14),(96,14),(97,14),(98,14),(5,15),(6,15),(10,15),(12,15),(15,15),(16,15),(17,15),(18,15),(19,15),(23,15),(26,15),(30,15),(31,15),(33,15),(36,15),(42,15),(44,15),(45,15),(48,15),(52,15),(53,15),(57,15),(58,15),(60,15),(61,15),(63,15),(65,15),(67,15),(70,15),(72,15),(80,15),(81,15),(82,15),(83,15),(84,15),(88,15),(89,15),(91,15),(92,15),(95,15),(97,15),(100,15),(1,16),(3,16),(7,16),(8,16),(13,16),(14,16),(20,16),(21,16),(23,16),(28,16),(29,16),(31,16),(32,16),(33,16),(36,16),(39,16),(42,16),(44,16),(45,16),(47,16),(54,16),(58,16),(64,16),(66,16),(67,16),(68,16),(70,16),(71,16),(72,16),(75,16),(76,16),(77,16),(78,16),(84,16),(86,16),(87,16),(89,16),(92,16),(94,16),(95,16),(97,16),(98,16),(3,17),(4,17),(9,17),(11,17),(13,17),(15,17),(19,17),(24,17),(25,17),(28,17),(32,17),(35,17),(38,17),(43,17),(44,17),(46,17),(48,17),(49,17),(54,17),(56,17),(60,17),(61,17),(66,17),(69,17),(71,17),(73,17),(75,17),(77,17),(78,17),(82,17),(84,17),(85,17),(87,17),(89,17),(91,17),(92,17),(96,17),(99,17),(100,17),(4,18),(5,18),(6,18),(12,18),(13,18),(16,18),(17,18),(23,18),(32,18),(34,18),(35,18),(36,18),(38,18),(41,18),(42,18),(44,18),(45,18),(47,18),(50,18),(51,18),(52,18),(53,18),(55,18),(56,18),(59,18),(60,18),(61,18),(63,18),(66,18),(67,18),(68,18),(69,18),(70,18),(74,18),(76,18),(81,18),(91,18),(92,18),(94,18),(97,18),(5,19),(8,19),(10,19),(11,19),(12,19),(13,19),(14,19),(15,19),(23,19),(26,19),(27,19),(28,19),(31,19),(32,19),(33,19),(34,19),(38,19),(41,19),(42,19),(44,19),(45,19),(46,19),(49,19),(52,19),(55,19),(58,19),(60,19),(62,19),(65,19),(67,19),(68,19),(70,19),(72,19),(74,19),(76,19),(78,19),(79,19),(81,19),(82,19),(84,19),(85,19),(90,19),(93,19),(95,19),(96,19),(97,19),(99,19),(11,20),(18,20),(20,20),(22,20),(23,20),(25,20),(27,20),(32,20),(36,20),(40,20),(41,20),(42,20),(49,20),(50,20),(51,20),(54,20),(55,20),(56,20),(58,20),(60,20),(63,20),(64,20),(66,20),(72,20),(74,20),(77,20),(79,20),(80,20),(81,20),(85,20),(86,20),(90,20),(93,20),(95,20),(99,20);
/*!40000 ALTER TABLE `podcast_usuario` ENABLE KEYS */;
UNLOCK TABLES;

--
-- Table structure for table `premium`
--

DROP TABLE IF EXISTS `premium`;
/*!40101 SET @saved_cs_client     = @@character_set_client */;
/*!50503 SET character_set_client = utf8mb4 */;
CREATE TABLE `premium` (
  `fecha_renovacion` date NOT NULL,
  `usuario_id` int(10) unsigned NOT NULL,
  PRIMARY KEY (`usuario_id`),
  KEY `fk_premium_usuario1_idx` (`usuario_id`),
  KEY `fecha_renovacion_idx` (`fecha_renovacion`),
  CONSTRAINT `FK_893D1485DB38439E` FOREIGN KEY (`usuario_id`) REFERENCES `usuario` (`id`)
) ENGINE=InnoDB DEFAULT CHARSET=utf8;
/*!40101 SET character_set_client = @saved_cs_client */;

--
-- Dumping data for table `premium`
--

LOCK TABLES `premium` WRITE;
/*!40000 ALTER TABLE `premium` DISABLE KEYS */;
INSERT INTO `premium` VALUES ('2021-04-01',79),('2021-04-13',62),('2021-04-17',86),('2021-05-17',83),('2021-05-23',92),('2021-05-26',91),('2021-05-27',65),('2021-07-05',75),('2021-07-07',99),('2021-07-20',67),('2021-07-26',71),('2021-07-31',81),('2021-08-08',66),('2021-08-13',90),('2021-08-19',72),('2021-08-26',94),('2021-08-29',97),('2021-09-05',84),('2021-09-19',69),('2021-09-21',64),('2021-09-26',80),('2021-10-01',100),('2021-10-11',96),('2021-10-16',77),('2021-10-17',68),('2021-10-24',76),('2021-10-28',87),('2021-11-11',85),('2021-11-16',95),('2021-11-27',61),('2021-11-30',74),('2021-12-03',73),('2021-12-08',63),('2021-12-12',78),('2022-01-07',82),('2022-01-12',89),('2022-01-15',88),('2022-02-06',93),('2022-02-17',98),('2022-03-11',70);
/*!40000 ALTER TABLE `premium` ENABLE KEYS */;
UNLOCK TABLES;

--
-- Table structure for table `sigue_album`
--

DROP TABLE IF EXISTS `sigue_album`;
/*!40101 SET @saved_cs_client     = @@character_set_client */;
/*!50503 SET character_set_client = utf8mb4 */;
CREATE TABLE `sigue_album` (
  `usuario_id` int(10) unsigned NOT NULL,
  `album_id` int(10) unsigned NOT NULL,
  PRIMARY KEY (`usuario_id`,`album_id`),
  KEY `IDX_26EB99031137ABCF` (`album_id`),
  KEY `IDX_26EB9903DB38439E` (`usuario_id`),
  CONSTRAINT `FK_26EB99031137ABCF` FOREIGN KEY (`album_id`) REFERENCES `album` (`id`),
  CONSTRAINT `FK_26EB9903DB38439E` FOREIGN KEY (`usuario_id`) REFERENCES `usuario` (`id`)
) ENGINE=InnoDB DEFAULT CHARSET=utf8;
/*!40101 SET character_set_client = @saved_cs_client */;

--
-- Dumping data for table `sigue_album`
--

LOCK TABLES `sigue_album` WRITE;
/*!40000 ALTER TABLE `sigue_album` DISABLE KEYS */;
INSERT INTO `sigue_album` VALUES (3,1),(4,1),(6,1),(7,1),(13,1),(14,1),(17,1),(19,1),(20,1),(21,1),(22,1),(25,1),(27,1),(28,1),(31,1),(32,1),(33,1),(35,1),(36,1),(37,1),(42,1),(43,1),(45,1),(47,1),(48,1),(49,1),(51,1),(54,1),(56,1),(60,1),(63,1),(64,1),(66,1),(68,1),(69,1),(70,1),(72,1),(75,1),(76,1),(77,1),(80,1),(81,1),(85,1),(89,1),(91,1),(93,1),(98,1),(99,1),(1,2),(3,2),(6,2),(7,2),(10,2),(11,2),(13,2),(15,2),(18,2),(19,2),(22,2),(23,2),(24,2),(25,2),(28,2),(31,2),(33,2),(35,2),(37,2),(38,2),(39,2),(41,2),(44,2),(45,2),(48,2),(49,2),(51,2),(52,2),(53,2),(55,2),(57,2),(58,2),(61,2),(62,2),(63,2),(67,2),(69,2),(74,2),(76,2),(78,2),(79,2),(80,2),(83,2),(84,2),(88,2),(94,2),(97,2),(99,2),(3,3),(7,3),(10,3),(13,3),(18,3),(19,3),(20,3),(24,3),(31,3),(34,3),(37,3),(38,3),(42,3),(43,3),(45,3),(46,3),(47,3),(48,3),(53,3),(54,3),(56,3),(63,3),(68,3),(71,3),(72,3),(73,3),(74,3),(76,3),(78,3),(79,3),(81,3),(85,3),(86,3),(89,3),(90,3),(91,3),(92,3),(96,3),(97,3),(100,3),(1,4),(3,4),(6,4),(7,4),(8,4),(9,4),(10,4),(12,4),(16,4),(19,4),(20,4),(22,4),(24,4),(25,4),(30,4),(32,4),(33,4),(34,4),(35,4),(37,4),(38,4),(39,4),(40,4),(42,4),(43,4),(44,4),(45,4),(46,4),(47,4),(49,4),(50,4),(51,4),(52,4),(53,4),(55,4),(56,4),(59,4),(60,4),(63,4),(66,4),(69,4),(70,4),(71,4),(72,4),(75,4),(76,4),(78,4),(82,4),(87,4),(88,4),(89,4),(90,4),(91,4),(92,4),(95,4),(96,4),(97,4),(98,4),(1,5),(3,5),(4,5),(7,5),(8,5),(10,5),(15,5),(16,5),(17,5),(18,5),(20,5),(22,5),(24,5),(25,5),(27,5),(29,5),(30,5),(31,5),(32,5),(35,5),(38,5),(40,5),(41,5),(43,5),(44,5),(45,5),(46,5),(47,5),(49,5),(52,5),(53,5),(54,5),(57,5),(59,5),(60,5),(61,5),(63,5),(64,5),(66,5),(67,5),(70,5),(71,5),(76,5),(78,5),(79,5),(80,5),(84,5),(85,5),(86,5),(87,5),(89,5),(90,5),(91,5),(93,5),(94,5),(95,5),(96,5),(99,5),(100,5),(2,6),(3,6),(4,6),(5,6),(7,6),(9,6),(11,6),(15,6),(17,6),(19,6),(22,6),(23,6),(24,6),(25,6),(26,6),(27,6),(30,6),(33,6),(35,6),(37,6),(38,6),(39,6),(40,6),(41,6),(42,6),(44,6),(45,6),(47,6),(49,6),(50,6),(52,6),(53,6),(55,6),(59,6),(62,6),(64,6),(67,6),(68,6),(69,6),(70,6),(72,6),(73,6),(74,6),(75,6),(77,6),(78,6),(79,6),(80,6),(81,6),(86,6),(87,6),(89,6),(92,6),(94,6),(96,6),(97,6),(98,6),(99,6),(100,6),(1,7),(2,7),(7,7),(8,7),(9,7),(11,7),(12,7),(15,7),(16,7),(18,7),(20,7),(22,7),(27,7),(28,7),(29,7),(30,7),(35,7),(36,7),(40,7),(42,7),(45,7),(47,7),(51,7),(53,7),(55,7),(57,7),(58,7),(59,7),(62,7),(67,7),(68,7),(70,7),(71,7),(73,7),(74,7),(75,7),(76,7),(77,7),(80,7),(81,7),(82,7),(84,7),(86,7),(87,7),(88,7),(89,7),(90,7),(91,7),(92,7),(93,7),(94,7),(96,7),(97,7),(98,7),(99,7),(2,8),(3,8),(4,8),(5,8),(7,8),(8,8),(9,8),(11,8),(12,8),(13,8),(14,8),(16,8),(17,8),(19,8),(22,8),(24,8),(25,8),(26,8),(29,8),(30,8),(32,8),(34,8),(38,8),(39,8),(40,8),(41,8),(44,8),(45,8),(46,8),(47,8),(48,8),(52,8),(53,8),(55,8),(57,8),(58,8),(61,8),(63,8),(64,8),(65,8),(66,8),(67,8),(69,8),(72,8),(73,8),(74,8),(75,8),(78,8),(79,8),(84,8),(86,8),(89,8),(90,8),(96,8),(98,8),(99,8),(100,8),(1,9),(2,9),(7,9),(8,9),(10,9),(13,9),(17,9),(18,9),(19,9),(21,9),(22,9),(24,9),(25,9),(26,9),(27,9),(29,9),(30,9),(31,9),(32,9),(34,9),(36,9),(37,9),(38,9),(40,9),(41,9),(44,9),(49,9),(51,9),(52,9),(53,9),(55,9),(56,9),(58,9),(62,9),(63,9),(65,9),(67,9),(69,9),(71,9),(72,9),(73,9),(74,9),(75,9),(76,9),(78,9),(79,9),(80,9),(82,9),(84,9),(85,9),(86,9),(88,9),(89,9),(90,9),(93,9),(94,9),(96,9),(2,10),(4,10),(6,10),(7,10),(8,10),(10,10),(11,10),(12,10),(15,10),(17,10),(18,10),(20,10),(22,10),(24,10),(25,10),(27,10),(29,10),(31,10),(32,10),(33,10),(34,10),(38,10),(39,10),(41,10),(43,10),(45,10),(46,10),(47,10),(50,10),(51,10),(52,10),(54,10),(55,10),(57,10),(60,10),(61,10),(62,10),(65,10),(66,10),(72,10),(74,10),(75,10),(78,10),(80,10),(81,10),(83,10),(86,10),(87,10),(89,10),(92,10),(94,10),(96,10),(100,10),(2,11),(4,11),(5,11),(6,11),(7,11),(8,11),(9,11),(10,11),(11,11),(12,11),(13,11),(15,11),(16,11),(19,11),(22,11),(23,11),(24,11),(26,11),(31,11),(34,11),(36,11),(37,11),(38,11),(39,11),(40,11),(41,11),(42,11),(43,11),(45,11),(46,11),(47,11),(49,11),(50,11),(51,11),(52,11),(55,11),(56,11),(57,11),(58,11),(59,11),(60,11),(63,11),(67,11),(68,11),(74,11),(77,11),(78,11),(79,11),(80,11),(83,11),(84,11),(85,11),(88,11),(89,11),(90,11),(91,11),(93,11),(96,11),(99,11),(1,12),(2,12),(3,12),(4,12),(6,12),(9,12),(11,12),(12,12),(14,12),(15,12),(16,12),(18,12),(19,12),(20,12),(21,12),(22,12),(23,12),(25,12),(26,12),(28,12),(30,12),(34,12),(35,12),(36,12),(37,12),(40,12),(42,12),(44,12),(46,12),(47,12),(48,12),(50,12),(51,12),(55,12),(56,12),(61,12),(62,12),(64,12),(65,12),(67,12),(68,12),(69,12),(72,12),(73,12),(74,12),(77,12),(81,12),(82,12),(85,12),(87,12),(89,12),(92,12),(98,12),(99,12),(100,12),(1,13),(3,13),(6,13),(7,13),(10,13),(15,13),(17,13),(18,13),(21,13),(22,13),(23,13),(24,13),(29,13),(30,13),(31,13),(32,13),(33,13),(37,13),(39,13),(40,13),(44,13),(46,13),(48,13),(49,13),(51,13),(52,13),(53,13),(55,13),(56,13),(58,13),(59,13),(60,13),(63,13),(64,13),(65,13),(66,13),(67,13),(71,13),(73,13),(75,13),(80,13),(84,13),(85,13),(87,13),(89,13),(90,13),(91,13),(92,13),(99,13),(100,13),(1,14),(2,14),(3,14),(5,14),(6,14),(9,14),(10,14),(13,14),(15,14),(16,14),(18,14),(20,14),(21,14),(22,14),(23,14),(26,14),(27,14),(28,14),(29,14),(32,14),(33,14),(34,14),(35,14),(36,14),(37,14),(39,14),(40,14),(42,14),(43,14),(45,14),(48,14),(51,14),(52,14),(53,14),(54,14),(56,14),(61,14),(63,14),(64,14),(65,14),(68,14),(69,14),(72,14),(74,14),(76,14),(78,14),(80,14),(82,14),(83,14),(86,14),(87,14),(90,14),(91,14),(93,14),(95,14),(96,14),(1,15),(2,15),(4,15),(5,15),(6,15),(7,15),(8,15),(9,15),(10,15),(12,15),(13,15),(14,15),(15,15),(18,15),(21,15),(23,15),(24,15),(25,15),(26,15),(29,15),(30,15),(34,15),(37,15),(38,15),(39,15),(40,15),(41,15),(45,15),(46,15),(54,15),(56,15),(58,15),(59,15),(61,15),(63,15),(67,15),(71,15),(72,15),(74,15),(78,15),(80,15),(81,15),(82,15),(85,15),(87,15),(88,15),(89,15),(92,15),(93,15),(95,15),(96,15),(1,16),(2,16),(3,16),(6,16),(7,16),(9,16),(10,16),(13,16),(14,16),(16,16),(20,16),(21,16),(24,16),(27,16),(28,16),(29,16),(31,16),(35,16),(36,16),(38,16),(39,16),(40,16),(43,16),(44,16),(45,16),(47,16),(48,16),(50,16),(51,16),(52,16),(55,16),(57,16),(58,16),(60,16),(61,16),(62,16),(63,16),(64,16),(67,16),(68,16),(70,16),(71,16),(72,16),(74,16),(76,16),(77,16),(78,16),(80,16),(81,16),(83,16),(86,16),(87,16),(88,16),(89,16),(91,16),(94,16),(96,16),(97,16),(99,16),(2,17),(3,17),(4,17),(7,17),(10,17),(12,17),(13,17),(15,17),(18,17),(19,17),(20,17),(21,17),(23,17),(24,17),(25,17),(27,17),(29,17),(30,17),(32,17),(33,17),(36,17),(39,17),(40,17),(41,17),(43,17),(45,17),(46,17),(48,17),(49,17),(50,17),(51,17),(52,17),(54,17),(55,17),(56,17),(58,17),(59,17),(61,17),(63,17),(64,17),(67,17),(70,17),(72,17),(73,17),(74,17),(76,17),(77,17),(80,17),(84,17),(87,17),(88,17),(89,17),(91,17),(94,17),(97,17),(98,17),(2,18),(3,18),(4,18),(5,18),(7,18),(9,18),(10,18),(11,18),(14,18),(15,18),(16,18),(17,18),(19,18),(20,18),(23,18),(24,18),(25,18),(26,18),(29,18),(30,18),(32,18),(33,18),(35,18),(40,18),(42,18),(43,18),(44,18),(45,18),(46,18),(47,18),(49,18),(51,18),(53,18),(54,18),(55,18),(56,18),(57,18),(58,18),(61,18),(64,18),(66,18),(67,18),(68,18),(69,18),(73,18),(74,18),(76,18),(78,18),(82,18),(85,18),(87,18),(89,18),(92,18),(93,18),(94,18),(95,18),(97,18),(98,18),(99,18),(1,19),(3,19),(4,19),(5,19),(6,19),(7,19),(9,19),(11,19),(13,19),(14,19),(15,19),(16,19),(17,19),(18,19),(20,19),(22,19),(23,19),(24,19),(25,19),(26,19),(28,19),(29,19),(30,19),(32,19),(34,19),(37,19),(39,19),(40,19),(42,19),(44,19),(49,19),(51,19),(53,19),(55,19),(61,19),(62,19),(63,19),(66,19),(67,19),(68,19),(70,19),(71,19),(72,19),(73,19),(74,19),(76,19),(79,19),(80,19),(84,19),(86,19),(88,19),(92,19),(93,19),(96,19),(99,19),(1,20),(2,20),(3,20),(4,20),(8,20),(10,20),(14,20),(16,20),(17,20),(18,20),(19,20),(20,20),(21,20),(22,20),(23,20),(24,20),(25,20),(27,20),(30,20),(34,20),(39,20),(40,20),(41,20),(43,20),(44,20),(46,20),(47,20),(48,20),(49,20),(53,20),(54,20),(58,20),(59,20),(61,20),(62,20),(63,20),(64,20),(65,20),(66,20),(67,20),(68,20),(69,20),(71,20),(72,20),(74,20),(76,20),(81,20),(82,20),(83,20),(84,20),(85,20),(87,20),(88,20),(89,20),(92,20),(93,20),(96,20),(100,20),(2,21),(4,21),(6,21),(7,21),(9,21),(13,21),(14,21),(17,21),(18,21),(19,21),(25,21),(31,21),(32,21),(33,21),(36,21),(37,21),(38,21),(40,21),(45,21),(46,21),(47,21),(48,21),(50,21),(51,21),(52,21),(53,21),(54,21),(57,21),(59,21),(60,21),(61,21),(62,21),(63,21),(64,21),(66,21),(67,21),(69,21),(70,21),(71,21),(77,21),(78,21),(82,21),(83,21),(84,21),(85,21),(86,21),(87,21),(88,21),(89,21),(90,21),(91,21),(92,21),(94,21),(95,21),(96,21),(97,21),(99,21),(100,21),(1,22),(2,22),(3,22),(5,22),(6,22),(8,22),(9,22),(10,22),(11,22),(12,22),(14,22),(18,22),(20,22),(21,22),(23,22),(25,22),(29,22),(35,22),(37,22),(39,22),(40,22),(42,22),(43,22),(44,22),(49,22),(53,22),(55,22),(56,22),(57,22),(58,22),(60,22),(63,22),(64,22),(65,22),(66,22),(67,22),(70,22),(72,22),(73,22),(74,22),(75,22),(76,22),(77,22),(78,22),(79,22),(81,22),(84,22),(85,22),(89,22),(90,22),(91,22),(94,22),(95,22),(96,22),(97,22),(99,22),(100,22),(1,23),(3,23),(5,23),(10,23),(12,23),(13,23),(15,23),(20,23),(21,23),(23,23),(24,23),(26,23),(29,23),(30,23),(31,23),(32,23),(33,23),(34,23),(35,23),(36,23),(38,23),(40,23),(43,23),(44,23),(46,23),(47,23),(48,23),(49,23),(50,23),(51,23),(53,23),(55,23),(56,23),(63,23),(66,23),(68,23),(69,23),(71,23),(72,23),(75,23),(78,23),(80,23),(81,23),(83,23),(85,23),(88,23),(89,23),(90,23),(91,23),(92,23),(94,23),(95,23),(99,23),(100,23),(1,24),(2,24),(5,24),(8,24),(9,24),(11,24),(15,24),(17,24),(18,24),(19,24),(21,24),(23,24),(24,24),(27,24),(29,24),(33,24),(34,24),(35,24),(36,24),(37,24),(38,24),(39,24),(40,24),(42,24),(43,24),(44,24),(48,24),(50,24),(53,24),(55,24),(56,24),(57,24),(59,24),(60,24),(61,24),(62,24),(64,24),(65,24),(66,24),(67,24),(68,24),(69,24),(70,24),(73,24),(74,24),(76,24),(77,24),(79,24),(80,24),(81,24),(82,24),(83,24),(84,24),(85,24),(86,24),(87,24),(88,24),(90,24),(91,24),(94,24),(96,24),(97,24),(98,24),(100,24),(5,25),(8,25),(11,25),(15,25),(16,25),(17,25),(19,25),(20,25),(21,25),(22,25),(23,25),(24,25),(27,25),(28,25),(29,25),(31,25),(32,25),(35,25),(39,25),(40,25),(45,25),(46,25),(47,25),(48,25),(50,25),(52,25),(56,25),(57,25),(59,25),(62,25),(63,25),(64,25),(65,25),(67,25),(69,25),(74,25),(82,25),(84,25),(86,25),(87,25),(89,25),(91,25),(93,25),(95,25),(98,25),(100,25),(4,26),(6,26),(7,26),(8,26),(10,26),(11,26),(14,26),(15,26),(16,26),(17,26),(18,26),(19,26),(20,26),(21,26),(23,26),(24,26),(25,26),(26,26),(28,26),(29,26),(31,26),(33,26),(34,26),(35,26),(36,26),(38,26),(39,26),(41,26),(44,26),(45,26),(47,26),(50,26),(53,26),(54,26),(55,26),(57,26),(59,26),(63,26),(64,26),(66,26),(67,26),(68,26),(69,26),(70,26),(73,26),(75,26),(76,26),(77,26),(78,26),(79,26),(80,26),(81,26),(82,26),(85,26),(90,26),(91,26),(92,26),(94,26),(96,26),(97,26),(99,26);
/*!40000 ALTER TABLE `sigue_album` ENABLE KEYS */;
UNLOCK TABLES;

--
-- Table structure for table `sigue_artista`
--

DROP TABLE IF EXISTS `sigue_artista`;
/*!40101 SET @saved_cs_client     = @@character_set_client */;
/*!50503 SET character_set_client = utf8mb4 */;
CREATE TABLE `sigue_artista` (
  `usuario_id` int(10) unsigned NOT NULL,
  `artista_id` int(10) unsigned NOT NULL,
  PRIMARY KEY (`usuario_id`,`artista_id`),
  KEY `IDX_48CAC69FAEB0CF13` (`artista_id`),
  KEY `IDX_48CAC69FDB38439E` (`usuario_id`),
  CONSTRAINT `FK_48CAC69FAEB0CF13` FOREIGN KEY (`artista_id`) REFERENCES `artista` (`id`),
  CONSTRAINT `FK_48CAC69FDB38439E` FOREIGN KEY (`usuario_id`) REFERENCES `usuario` (`id`)
) ENGINE=InnoDB DEFAULT CHARSET=utf8;
/*!40101 SET character_set_client = @saved_cs_client */;

--
-- Dumping data for table `sigue_artista`
--

LOCK TABLES `sigue_artista` WRITE;
/*!40000 ALTER TABLE `sigue_artista` DISABLE KEYS */;
INSERT INTO `sigue_artista` VALUES (3,1),(6,1),(11,1),(17,1),(18,1),(21,1),(28,1),(37,1),(50,1),(51,1),(59,1),(63,1),(74,1),(75,1),(77,1),(81,1),(90,1),(92,1),(100,1),(1,2),(7,2),(14,2),(15,2),(24,2),(25,2),(30,2),(33,2),(35,2),(36,2),(37,2),(38,2),(39,2),(50,2),(52,2),(58,2),(63,2),(66,2),(67,2),(75,2),(77,2),(79,2),(83,2),(95,2),(5,3),(8,3),(9,3),(14,3),(23,3),(40,3),(41,3),(56,3),(57,3),(64,3),(66,3),(68,3),(77,3),(80,3),(97,3),(4,4),(8,4),(32,4),(36,4),(41,4),(46,4),(47,4),(50,4),(54,4),(58,4),(62,4),(65,4),(70,4),(75,4),(94,4),(96,4),(3,5),(18,5),(36,5),(38,5),(42,5),(48,5),(49,5),(60,5),(64,5),(67,5),(72,5),(73,5),(74,5),(75,5),(81,5),(9,6),(10,6),(19,6),(20,6),(25,6),(27,6),(29,6),(36,6),(43,6),(48,6),(54,6),(57,6),(58,6),(60,6),(61,6),(73,6),(77,6),(79,6),(85,6),(87,6),(91,6),(98,6),(6,7),(19,7),(29,7),(44,7),(56,7),(70,7),(95,7),(2,8),(16,8),(17,8),(18,8),(19,8),(20,8),(25,8),(27,8),(38,8),(43,8),(46,8),(50,8),(52,8),(58,8),(68,8),(70,8),(79,8),(82,8),(83,8),(86,8),(88,8),(90,8),(1,9),(4,9),(6,9),(18,9),(19,9),(24,9),(31,9),(35,9),(42,9),(47,9),(48,9),(51,9),(53,9),(56,9),(65,9),(67,9),(68,9),(70,9),(83,9),(85,9),(87,9),(90,9),(94,9),(95,9),(2,10),(6,10),(7,10),(10,10),(14,10),(18,10),(34,10),(38,10),(45,10),(69,10),(70,10),(74,10),(77,10),(79,10),(84,10),(85,10),(91,10),(92,10),(99,10),(3,11),(4,11),(6,11),(10,11),(22,11),(25,11),(38,11),(41,11),(44,11),(45,11),(46,11),(49,11),(54,11),(61,11),(63,11),(67,11),(69,11),(75,11),(76,11),(81,11),(82,11),(100,11),(2,12),(3,12),(5,12),(6,12),(8,12),(12,12),(13,12),(18,12),(21,12),(22,12),(23,12),(24,12),(28,12),(30,12),(31,12),(34,12),(35,12),(66,12),(67,12),(73,12),(76,12),(83,12),(87,12),(88,12),(95,12),(97,12),(10,13),(15,13),(23,13),(28,13),(44,13),(45,13),(46,13),(47,13),(55,13),(62,13),(79,13),(86,13),(95,13),(5,14),(15,14),(21,14),(23,14),(36,14),(37,14),(40,14),(50,14),(58,14),(61,14),(63,14),(73,14),(85,14),(88,14),(97,14),(5,15),(14,15),(22,15),(23,15),(28,15),(31,15),(34,15),(36,15),(40,15),(47,15),(48,15),(50,15),(59,15),(65,15),(66,15),(72,15),(73,15),(74,15),(81,15),(91,15),(98,15),(100,15),(1,16),(2,16),(4,16),(12,16),(19,16),(24,16),(34,16),(35,16),(37,16),(38,16),(58,16),(86,16),(94,16),(95,16),(96,16),(100,16),(9,17),(14,17),(25,17),(26,17),(30,17),(35,17),(38,17),(48,17),(52,17),(60,17),(67,17),(70,17),(76,17),(81,17),(89,17),(97,17),(2,18),(11,18),(13,18),(27,18),(28,18),(31,18),(32,18),(35,18),(40,18),(41,18),(50,18),(51,18),(55,18),(75,18),(79,18),(81,18),(85,18),(90,18),(93,18),(95,18),(97,18),(3,19),(12,19),(27,19),(30,19),(32,19),(33,19),(41,19),(44,19),(45,19),(46,19),(54,19),(60,19),(64,19),(67,19),(68,19),(77,19),(78,19),(80,19),(83,19),(86,19),(95,19),(4,20),(8,20),(9,20),(12,20),(25,20),(27,20),(30,20),(40,20),(43,20),(45,20),(50,20),(51,20),(53,20),(78,20),(83,20),(85,20),(87,20),(100,20),(5,21),(6,21),(10,21),(18,21),(19,21),(21,21),(32,21),(53,21),(54,21),(58,21),(60,21),(62,21),(66,21),(72,21),(81,21),(82,21),(87,21),(88,21),(99,21),(1,22),(2,22),(11,22),(12,22),(20,22),(31,22),(48,22),(63,22),(81,22),(82,22),(90,22),(93,22),(98,22),(5,23),(13,23),(28,23),(29,23),(47,23),(52,23),(55,23),(57,23),(58,23),(59,23),(67,23),(71,23),(76,23),(82,23),(83,23),(85,23),(89,23),(94,23),(97,23),(10,24),(11,24),(13,24),(16,24),(18,24),(31,24),(35,24),(43,24),(47,24),(50,24),(59,24),(65,24),(66,24),(76,24),(80,24),(83,24),(88,24),(94,24),(95,24),(98,24),(11,25),(12,25),(25,25),(27,25),(29,25),(43,25),(55,25),(60,25),(68,25),(69,25),(76,25),(77,25),(81,25),(83,25),(93,25),(94,25),(3,26),(9,26),(10,26),(13,26),(14,26),(20,26),(28,26),(30,26),(34,26),(39,26),(44,26),(48,26),(60,26),(66,26),(70,26),(74,26),(80,26),(83,26),(87,26),(96,26),(97,26),(98,26),(1,27),(14,27),(18,27),(26,27),(31,27),(36,27),(39,27),(44,27),(45,27),(48,27),(61,27),(64,27),(82,27),(5,28),(9,28),(16,28),(17,28),(24,28),(37,28),(47,28),(55,28),(56,28),(59,28),(61,28),(75,28),(82,28),(83,28),(89,28),(91,28),(92,28),(99,28),(6,29),(10,29),(11,29),(19,29),(40,29),(43,29),(52,29),(58,29),(69,29),(72,29),(83,29),(84,29),(86,29),(89,29),(8,30),(10,30),(11,30),(12,30),(13,30),(21,30),(26,30),(33,30),(39,30),(42,30),(54,30),(57,30),(71,30),(73,30),(77,30),(80,30),(84,30),(86,30),(90,30),(93,30),(98,30),(2,31),(7,31),(23,31),(43,31),(45,31),(48,31),(49,31),(53,31),(56,31),(59,31),(73,31),(81,31),(82,31),(98,31),(1,32),(3,32),(26,32),(28,32),(30,32),(33,32),(42,32),(49,32),(62,32),(63,32),(68,32),(70,32),(72,32),(73,32),(84,32),(88,32),(91,32),(94,32),(3,33),(6,33),(10,33),(13,33),(15,33),(20,33),(29,33),(32,33),(38,33),(40,33),(44,33),(50,33),(67,33),(71,33),(75,33),(76,33),(82,33),(84,33),(95,33),(100,33),(1,34),(23,34),(36,34),(40,34),(42,34),(45,34),(48,34),(50,34),(54,34),(55,34),(56,34),(60,34),(64,34),(66,34),(68,34),(74,34),(85,34),(99,34),(100,34),(7,35),(10,35),(11,35),(12,35),(19,35),(22,35),(30,35),(35,35),(40,35),(46,35),(62,35),(73,35),(88,35),(91,35),(100,35),(3,36),(5,36),(8,36),(15,36),(16,36),(17,36),(19,36),(27,36),(31,36),(33,36),(45,36),(56,36),(58,36),(64,36),(77,36),(78,36),(81,36),(82,36),(91,36),(100,36),(3,37),(4,37),(17,37),(23,37),(26,37),(38,37),(40,37),(42,37),(45,37),(50,37),(74,37),(75,37),(78,37),(81,37),(83,37),(84,37),(92,37),(97,37),(99,37),(2,38),(5,38),(8,38),(9,38),(16,38),(20,38),(35,38),(41,38),(44,38),(48,38),(56,38),(60,38),(67,38),(69,38),(71,38),(72,38),(73,38),(77,38),(87,38),(89,38),(93,38),(99,38),(1,39),(6,39),(7,39),(8,39),(9,39),(21,39),(23,39),(24,39),(29,39),(37,39),(40,39),(43,39),(52,39),(53,39),(59,39),(65,39),(67,39),(68,39),(70,39),(71,39),(82,39),(100,39),(17,40),(18,40),(24,40),(27,40),(45,40),(48,40),(52,40),(53,40),(54,40),(55,40),(56,40),(60,40),(62,40),(64,40),(85,40),(98,40),(1,41),(7,41),(11,41),(16,41),(42,41),(51,41),(52,41),(58,41),(68,41),(79,41),(82,41),(84,41),(86,41),(88,41),(92,41),(95,41),(97,41),(99,41),(6,42),(12,42),(14,42),(16,42),(32,42),(34,42),(36,42),(46,42),(47,42),(57,42),(62,42),(74,42),(78,42),(79,42),(80,42),(86,42),(94,42),(97,42),(4,43),(8,43),(12,43),(23,43),(39,43),(55,43),(58,43),(62,43),(63,43),(68,43),(76,43),(80,43),(97,43),(2,44),(6,44),(14,44),(20,44),(21,44),(22,44),(27,44),(30,44),(34,44),(37,44),(43,44),(46,44),(47,44),(51,44),(52,44),(53,44),(57,44),(68,44),(74,44),(79,44),(80,44),(83,44),(84,44),(86,44),(4,45),(7,45),(11,45),(21,45),(25,45),(35,45),(39,45),(42,45),(49,45),(55,45),(58,45),(60,45),(62,45),(70,45),(72,45),(80,45),(89,45),(96,45),(1,46),(6,46),(12,46),(20,46),(31,46),(35,46),(38,46),(41,46),(53,46),(54,46),(60,46),(69,46),(72,46),(76,46),(78,46),(85,46),(87,46),(89,46),(93,46),(99,46),(100,46),(7,47),(13,47),(14,47),(26,47),(41,47),(45,47),(56,47),(65,47),(68,47),(69,47),(83,47),(86,47),(94,47),(95,47),(100,47),(10,48),(18,48),(21,48),(32,48),(34,48),(35,48),(45,48),(60,48),(61,48),(64,48),(68,48),(71,48),(72,48),(84,48),(85,48),(90,48),(91,48),(96,48),(5,49),(6,49),(13,49),(16,49),(17,49),(19,49),(31,49),(35,49),(37,49),(45,49),(52,49),(53,49),(54,49),(55,49),(75,49),(85,49),(87,49),(89,49),(93,49),(95,49),(6,50),(9,50),(33,50),(34,50),(35,50),(43,50),(51,50),(52,50),(60,50),(66,50),(69,50),(73,50),(78,50),(84,50),(87,50),(95,50),(98,50),(21,51),(23,51),(34,51),(37,51),(38,51),(40,51),(44,51),(62,51),(66,51),(70,51),(98,51),(99,51),(6,52),(7,52),(9,52),(19,52),(21,52),(22,52),(24,52),(32,52),(33,52),(36,52),(39,52),(47,52),(49,52),(54,52),(72,52),(3,53),(27,53),(45,53),(46,53),(52,53),(53,53),(55,53),(58,53),(61,53),(72,53),(73,53),(75,53),(76,53),(80,53),(81,53),(83,53),(96,53),(98,53),(100,53),(9,54),(13,54),(14,54),(15,54),(19,54),(23,54),(27,54),(29,54),(37,54),(46,54),(52,54),(53,54),(56,54),(59,54),(63,54),(76,54),(87,54),(92,54),(94,54),(98,54),(100,54),(15,55),(21,55),(28,55),(32,55),(42,55),(46,55),(47,55),(48,55),(71,55),(76,55),(88,55),(91,55),(94,55),(95,55),(4,56),(10,56),(17,56),(21,56),(31,56),(33,56),(37,56),(38,56),(45,56),(49,56),(54,56),(60,56),(67,56),(77,56),(81,56),(82,56),(84,56),(91,56),(98,56),(1,57),(13,57),(20,57),(24,57),(31,57),(32,57),(37,57),(39,57),(40,57),(41,57),(47,57),(49,57),(51,57),(54,57),(58,57),(62,57),(66,57),(67,57),(70,57),(74,57),(89,57),(97,57),(99,57),(9,58),(11,58),(23,58),(24,58),(25,58),(32,58),(44,58),(49,58),(52,58),(58,58),(59,58),(64,58),(67,58),(71,58),(72,58),(73,58),(82,58),(91,58),(100,58),(2,59),(8,59),(33,59),(36,59),(48,59),(52,59),(61,59),(69,59),(71,59),(73,59),(78,59),(80,59),(81,59),(96,59),(6,60),(8,60),(11,60),(15,60),(17,60),(18,60),(33,60),(36,60),(48,60),(51,60),(72,60),(81,60),(88,60),(94,60),(1,61),(10,61),(12,61),(13,61),(14,61),(32,61),(33,61),(35,61),(45,61),(46,61),(48,61),(50,61),(54,61),(56,61),(70,61),(74,61),(80,61),(83,61),(90,61),(97,61),(2,62),(8,62),(9,62),(10,62),(11,62),(15,62),(19,62),(20,62),(21,62),(22,62),(32,62),(39,62),(44,62),(45,62),(58,62),(59,62),(75,62),(85,62),(94,62),(96,62),(99,62),(1,63),(5,63),(16,63),(17,63),(25,63),(26,63),(32,63),(60,63),(74,63),(76,63),(77,63),(88,63),(98,63),(100,63),(15,64),(20,64),(21,64),(27,64),(30,64),(36,64),(38,64),(45,64),(46,64),(54,64),(55,64),(61,64),(68,64),(79,64),(85,64),(1,65),(7,65),(9,65),(25,65),(29,65),(32,65),(41,65),(47,65),(63,65),(71,65),(75,65),(78,65),(7,66),(13,66),(17,66),(19,66),(30,66),(34,66),(38,66),(41,66),(47,66),(49,66),(52,66),(61,66),(65,66),(66,66),(69,66),(84,66),(86,66),(91,66),(93,66),(96,66),(98,66),(2,67),(4,67),(6,67),(10,67),(12,67),(16,67),(18,67),(29,67),(44,67),(47,67),(50,67),(51,67),(52,67),(72,67),(82,67),(87,67),(91,67),(93,67),(98,67),(1,68),(5,68),(11,68),(24,68),(26,68),(32,68),(38,68),(40,68),(43,68),(47,68),(51,68),(53,68),(62,68),(63,68),(67,68),(73,68),(74,68),(77,68),(80,68),(85,68),(91,68),(95,68),(96,68),(2,69),(8,69),(19,69),(21,69),(31,69),(34,69),(37,69),(43,69),(44,69),(47,69),(53,69),(54,69),(62,69),(66,69),(71,69),(72,69),(73,69),(80,69),(95,69),(96,69),(97,69),(98,69),(8,70),(14,70),(15,70),(16,70),(21,70),(23,70),(30,70),(31,70),(36,70),(41,70),(45,70),(51,70),(59,70),(66,70),(67,70),(74,70),(12,71),(15,71),(16,71),(21,71),(26,71),(31,71),(38,71),(39,71),(45,71),(50,71),(51,71),(52,71),(69,71),(70,71),(71,71),(74,71),(89,71),(93,71),(94,71),(96,71),(98,71),(1,72),(6,72),(28,72),(30,72),(34,72),(46,72),(50,72),(55,72),(66,72),(70,72),(73,72),(75,72),(88,72),(91,72),(93,72),(95,72),(97,72),(4,73),(7,73),(26,73),(28,73),(32,73),(33,73),(38,73),(40,73),(42,73),(47,73),(48,73),(54,73),(62,73),(70,73),(85,73),(92,73),(93,73),(98,73),(99,73),(1,74),(8,74),(23,74),(28,74),(39,74),(40,74),(42,74),(49,74),(54,74),(65,74),(69,74),(73,74),(74,74),(80,74),(82,74),(89,74),(93,74),(95,74),(96,74),(97,74),(3,75),(5,75),(14,75),(20,75),(23,75),(35,75),(43,75),(51,75),(62,75),(67,75),(75,75),(77,75),(85,75),(94,75),(7,76),(10,76),(12,76),(15,76),(16,76),(17,76),(21,76),(26,76),(36,76),(37,76),(53,76),(54,76),(58,76),(75,76),(76,76),(84,76),(86,76),(96,76),(100,76),(6,77),(7,77),(26,77),(29,77),(37,77),(38,77),(40,77),(43,77),(44,77),(48,77),(54,77),(59,77),(67,77),(69,77),(80,77),(88,77),(94,77),(100,77),(1,78),(3,78),(5,78),(6,78),(10,78),(12,78),(16,78),(21,78),(26,78),(32,78),(33,78),(42,78),(51,78),(52,78),(59,78),(60,78),(68,78),(72,78),(90,78),(91,78),(92,78),(96,78),(97,78),(5,79),(7,79),(10,79),(21,79),(29,79),(30,79),(48,79),(66,79),(67,79),(76,79),(2,80),(4,80),(16,80),(24,80),(28,80),(33,80),(40,80),(50,80),(61,80),(63,80),(64,80),(65,80),(68,80),(71,80),(73,80),(75,80),(83,80),(85,80),(87,80),(88,80),(92,80),(1,81),(8,81),(20,81),(31,81),(33,81),(38,81),(66,81),(67,81),(73,81),(89,81),(94,81),(1,82),(6,82),(13,82),(19,82),(20,82),(27,82),(29,82),(36,82),(40,82),(42,82),(57,82),(58,82),(62,82),(68,82),(84,82),(87,82),(94,82),(97,82),(3,83),(10,83),(15,83),(16,83),(17,83),(18,83),(19,83),(23,83),(27,83),(28,83),(37,83),(42,83),(44,83),(46,83),(47,83),(51,83),(59,83),(64,83),(72,83),(73,83),(75,83),(77,83),(78,83),(79,83),(84,83),(88,83),(94,83),(2,84),(4,84),(6,84),(27,84),(30,84),(43,84),(47,84),(52,84),(54,84),(70,84),(71,84),(73,84),(85,84),(91,84),(94,84),(99,84),(19,85),(20,85),(21,85),(22,85),(28,85),(29,85),(30,85),(36,85),(41,85),(49,85),(64,85),(84,85),(87,85),(91,85),(92,85),(1,86),(8,86),(10,86),(14,86),(47,86),(73,86),(77,86),(80,86),(83,86),(85,86),(89,86),(98,86),(6,87),(8,87),(10,87),(21,87),(22,87),(28,87),(34,87),(35,87),(45,87),(46,87),(49,87),(51,87),(58,87),(61,87),(73,87),(89,87),(91,87),(1,88),(6,88),(11,88),(16,88),(24,88),(25,88),(26,88),(27,88),(30,88),(38,88),(39,88),(43,88),(47,88),(51,88),(57,88),(60,88),(64,88),(76,88),(83,88),(84,88),(87,88),(89,88),(99,88),(100,88),(3,89),(18,89),(19,89),(27,89),(28,89),(45,89),(46,89),(59,89),(62,89),(65,89),(66,89),(67,89),(77,89),(81,89),(87,89),(1,90),(7,90),(11,90),(16,90),(17,90),(26,90),(28,90),(30,90),(32,90),(36,90),(44,90),(45,90),(47,90),(52,90),(62,90),(69,90),(76,90),(79,90),(80,90),(87,90),(97,90),(2,91),(5,91),(9,91),(15,91),(21,91),(35,91),(42,91),(44,91),(50,91),(54,91),(57,91),(62,91),(68,91),(77,91),(79,91),(90,91),(93,91),(96,91),(100,91),(1,92),(2,92),(3,92),(16,92),(18,92),(23,92),(25,92),(35,92),(40,92),(42,92),(52,92),(59,92),(60,92),(63,92),(68,92),(76,92),(80,92),(81,92),(86,92),(90,92),(93,92),(95,92),(97,92),(99,92),(4,93),(38,93),(44,93),(50,93),(62,93),(68,93),(72,93),(75,93),(78,93),(79,93),(83,93),(85,93),(86,93),(88,93),(3,94),(5,94),(8,94),(24,94),(25,94),(26,94),(28,94),(42,94),(43,94),(52,94),(53,94),(55,94),(57,94),(62,94),(80,94),(86,94),(90,94),(99,94),(1,95),(5,95),(23,95),(28,95),(32,95),(45,95),(51,95),(58,95),(60,95),(61,95),(62,95),(78,95),(91,95),(94,95),(95,95),(97,95),(99,95),(100,95),(3,96),(18,96),(20,96),(25,96),(42,96),(51,96),(53,96),(58,96),(67,96),(68,96),(72,96),(77,96),(80,96),(81,96),(82,96),(86,96),(92,96),(15,97),(17,97),(29,97),(31,97),(40,97),(48,97),(54,97),(56,97),(58,97),(61,97),(64,97),(66,97),(68,97),(71,97),(75,97),(76,97),(87,97),(93,97),(95,97),(96,97),(2,98),(9,98),(17,98),(19,98),(24,98),(25,98),(28,98),(30,98),(34,98),(37,98),(40,98),(41,98),(42,98),(44,98),(53,98),(55,98),(62,98),(63,98),(65,98),(66,98),(70,98),(73,98),(92,98),(1,99),(5,99),(11,99),(21,99),(22,99),(25,99),(33,99),(34,99),(36,99),(59,99),(61,99),(65,99),(99,99),(7,100),(14,100),(52,100),(68,100),(94,100),(2,101),(4,101),(6,101),(18,101),(22,101),(25,101),(26,101),(32,101),(33,101),(36,101),(39,101),(42,101),(43,101),(44,101),(45,101),(52,101),(57,101),(59,101),(60,101),(62,101),(73,101),(75,101),(79,101),(94,101),(96,101),(97,101),(98,101),(99,101),(100,101),(20,102),(24,102),(26,102),(29,102),(35,102),(46,102),(51,102),(60,102),(64,102),(68,102),(77,102),(80,102),(81,102),(84,102),(90,102),(93,102),(95,102),(96,102),(1,103),(3,103),(5,103),(9,103),(14,103),(15,103),(20,103),(30,103),(31,103),(33,103),(47,103),(49,103),(61,103),(67,103),(68,103),(76,103),(79,103),(84,103),(85,103),(87,103),(89,103),(96,103),(5,104),(9,104),(16,104),(22,104),(42,104),(43,104),(66,104),(68,104),(73,104),(77,104),(79,104),(80,104),(93,104),(97,104),(2,105),(7,105),(10,105),(12,105),(13,105),(22,105),(23,105),(31,105),(42,105),(44,105),(59,105),(62,105),(63,105),(71,105),(72,105),(73,105),(78,105),(89,105),(96,105),(3,106),(4,106),(17,106),(23,106),(39,106),(47,106),(59,106),(61,106),(66,106),(71,106),(73,106),(74,106),(79,106),(81,106),(85,106),(86,106),(90,106),(96,106),(98,106),(99,106),(4,107),(20,107),(24,107),(31,107),(40,107),(42,107),(48,107),(50,107),(51,107),(52,107),(53,107),(56,107),(59,107),(60,107),(89,107),(99,107),(2,108),(6,108),(8,108),(11,108),(12,108),(21,108),(22,108),(26,108),(27,108),(28,108),(29,108),(33,108),(46,108),(48,108),(55,108),(58,108),(66,108),(71,108),(72,108),(75,108),(77,108),(88,108),(1,109),(3,109),(15,109),(22,109),(28,109),(34,109),(48,109),(52,109),(53,109),(59,109),(64,109),(65,109),(72,109),(76,109),(78,109),(81,109),(91,109),(92,109),(94,109),(96,109),(97,109),(7,110),(9,110),(11,110),(20,110),(23,110),(28,110),(29,110),(41,110),(43,110),(62,110),(68,110),(70,110),(72,110),(76,110),(79,110),(99,110),(7,111),(8,111),(15,111),(17,111),(22,111),(28,111),(29,111),(30,111),(35,111),(37,111),(43,111),(46,111),(48,111),(50,111),(55,111),(60,111),(62,111),(63,111),(64,111),(65,111),(67,111),(73,111),(76,111),(85,111),(86,111),(95,111),(97,111),(4,112),(8,112),(9,112),(14,112),(28,112),(47,112),(50,112),(54,112),(60,112),(62,112),(63,112),(78,112),(80,112),(83,112),(88,112),(95,112),(97,112),(10,113),(20,113),(22,113),(25,113),(28,113),(39,113),(40,113),(57,113),(69,113),(71,113),(72,113),(73,113),(84,113),(87,113),(92,113),(93,113),(98,113),(3,114),(17,114),(20,114),(30,114),(31,114),(38,114),(47,114),(50,114),(56,114),(59,114),(62,114),(65,114),(71,114),(72,114),(4,115),(5,115),(17,115),(21,115),(30,115),(33,115),(34,115),(37,115),(41,115),(48,115),(61,115),(80,115),(86,115),(94,115),(98,115),(2,116),(3,116),(5,116),(6,116),(15,116),(20,116),(37,116),(44,116),(53,116),(55,116),(62,116),(63,116),(70,116),(71,116),(73,116),(74,116),(76,116),(85,116),(86,116),(87,116),(88,116),(92,116),(100,116),(6,117),(38,117),(45,117),(49,117),(59,117),(63,117),(65,117),(72,117),(73,117),(76,117),(80,117),(1,118),(7,118),(17,118),(27,118),(46,118),(50,118),(73,118),(78,118),(80,118),(83,118),(87,118),(97,118),(1,119),(2,119),(5,119),(16,119),(24,119),(30,119),(40,119),(41,119),(43,119),(48,119),(50,119),(55,119),(61,119),(72,119),(81,119),(84,119),(88,119),(93,119),(4,120),(6,120),(8,120),(22,120),(24,120),(26,120),(28,120),(31,120),(38,120),(40,120),(56,120),(72,120),(77,120),(88,120),(90,120),(93,120),(9,121),(10,121),(14,121),(16,121),(18,121),(19,121),(34,121),(37,121),(43,121),(46,121),(49,121),(52,121),(60,121),(66,121),(75,121),(77,121),(78,121),(82,121),(86,121),(90,121),(95,121),(3,122),(9,122),(15,122),(18,122),(19,122),(32,122),(34,122),(39,122),(56,122),(57,122),(61,122),(65,122),(73,122),(79,122),(81,122),(82,122),(83,122),(98,122),(99,122),(8,123),(9,123),(17,123),(20,123),(25,123),(37,123),(38,123),(39,123),(40,123),(46,123),(48,123),(49,123),(61,123),(62,123),(65,123),(66,123),(81,123),(83,123),(86,123),(95,123),(6,124),(7,124),(9,124),(17,124),(18,124),(20,124),(26,124),(28,124),(32,124),(34,124),(35,124),(38,124),(46,124),(57,124),(72,124),(75,124),(77,124),(78,124),(86,124),(87,124),(89,124),(94,124),(100,124),(1,125),(6,125),(8,125),(10,125),(12,125),(20,125),(23,125),(24,125),(34,125),(36,125),(42,125),(50,125),(52,125),(54,125),(56,125),(64,125),(67,125),(71,125),(75,125),(78,125),(82,125),(86,125),(87,125),(89,125),(94,125),(95,125),(5,126),(7,126),(8,126),(13,126),(16,126),(22,126),(23,126),(25,126),(27,126),(34,126),(37,126),(45,126),(46,126),(49,126),(56,126),(71,126),(75,126),(76,126),(77,126),(79,126),(80,126),(91,126),(93,126),(1,127),(5,127),(6,127),(9,127),(29,127),(32,127),(36,127),(56,127),(68,127),(82,127),(84,127),(97,127),(99,127),(2,128),(6,128),(14,128),(24,128),(25,128),(32,128),(41,128),(51,128),(55,128),(56,128),(60,128),(65,128),(68,128),(76,128),(79,128),(82,128),(84,128),(87,128),(94,128),(99,128),(1,129),(6,129),(13,129),(14,129),(22,129),(24,129),(31,129),(41,129),(56,129),(70,129),(78,129),(80,129),(81,129),(92,129),(93,129),(94,129),(98,129),(99,129),(100,129),(5,130),(7,130),(15,130),(19,130),(28,130),(29,130),(38,130),(44,130),(47,130),(50,130),(57,130),(62,130),(69,130),(73,130),(85,130),(86,130),(92,130),(96,130),(1,131),(2,131),(9,131),(23,131),(24,131),(43,131),(49,131),(50,131),(57,131),(58,131),(62,131),(65,131),(69,131),(82,131),(84,131),(94,131),(100,131),(6,132),(11,132),(14,132),(17,132),(22,132),(24,132),(25,132),(40,132),(44,132),(46,132),(50,132),(51,132),(59,132),(67,132),(72,132),(74,132),(77,132),(81,132),(86,132),(89,132),(99,132),(100,132),(11,133),(12,133),(16,133),(20,133),(23,133),(30,133),(32,133),(40,133),(46,133),(77,133),(78,133),(79,133),(92,133),(7,134),(14,134),(18,134),(20,134),(25,134),(28,134),(41,134),(46,134),(47,134),(48,134),(52,134),(55,134),(57,134),(58,134),(63,134),(64,134),(66,134),(74,134),(79,134),(85,134),(87,134),(1,135),(14,135),(17,135),(19,135),(31,135),(38,135),(42,135),(44,135),(53,135),(60,135),(63,135),(73,135),(75,135),(86,135),(89,135),(98,135),(5,136),(12,136),(14,136),(21,136),(26,136),(30,136),(35,136),(44,136),(53,136),(58,136),(64,136),(69,136),(84,136),(92,136),(94,136),(95,136),(98,136),(2,137),(10,137),(11,137),(23,137),(27,137),(33,137),(45,137),(48,137),(49,137),(51,137),(56,137),(63,137),(68,137),(70,137),(78,137),(90,137),(91,137),(97,137),(4,138),(10,138),(12,138),(18,138),(31,138),(35,138),(40,138),(44,138),(45,138),(46,138),(48,138),(54,138),(55,138),(57,138),(60,138),(63,138),(67,138),(69,138),(71,138),(82,138),(89,138),(91,138),(95,138),(1,139),(3,139),(13,139),(25,139),(28,139),(41,139),(62,139),(66,139),(67,139),(71,139),(72,139),(74,139),(78,139),(81,139),(84,139),(85,139),(2,140),(3,140),(11,140),(14,140),(22,140),(24,140),(40,140),(44,140),(45,140),(48,140),(51,140),(56,140),(81,140),(94,140),(100,140),(3,141),(17,141),(22,141),(28,141),(32,141),(33,141),(46,141),(58,141),(62,141),(68,141),(74,141),(77,141),(80,141),(81,141),(84,141),(91,141),(92,141),(9,142),(14,142),(38,142),(42,142),(48,142),(51,142),(52,142),(57,142),(71,142),(2,143),(6,143),(7,143),(11,143),(12,143),(14,143),(22,143),(48,143),(52,143),(60,143),(73,143),(74,143),(78,143),(83,143),(84,143),(85,143),(89,143),(93,143),(96,143),(98,143),(9,144),(12,144),(13,144),(14,144),(20,144),(32,144),(33,144),(43,144),(48,144),(55,144),(71,144),(84,144),(85,144),(87,144),(92,144),(97,144),(8,145),(9,145),(19,145),(22,145),(26,145),(29,145),(31,145),(36,145),(41,145),(54,145),(55,145),(60,145),(63,145),(68,145),(69,145),(77,145),(81,145),(90,145),(91,145),(3,146),(6,146),(9,146),(20,146),(31,146),(41,146),(76,146),(79,146),(84,146),(92,146),(93,146),(97,146),(5,147),(22,147),(26,147),(28,147),(31,147),(32,147),(43,147),(45,147),(50,147),(71,147),(72,147),(78,147),(81,147),(7,148),(8,148),(14,148),(21,148),(27,148),(34,148),(35,148),(38,148),(40,148),(46,148),(50,148),(55,148),(57,148),(58,148),(67,148),(69,148),(76,148),(77,148),(80,148),(81,148),(83,148),(84,148),(15,149),(22,149),(29,149),(38,149),(42,149),(48,149),(55,149),(60,149),(66,149),(67,149),(69,149),(72,149),(77,149),(86,149),(87,149),(90,149),(93,149),(96,149),(97,149),(98,149),(2,150),(5,150),(10,150),(12,150),(22,150),(24,150),(28,150),(31,150),(40,150),(50,150),(51,150),(53,150),(54,150),(61,150),(67,150),(68,150),(69,150),(70,150),(75,150),(76,150),(80,150),(81,150),(82,150),(87,150);
/*!40000 ALTER TABLE `sigue_artista` ENABLE KEYS */;
UNLOCK TABLES;

--
-- Table structure for table `sigue_playlist`
--

DROP TABLE IF EXISTS `sigue_playlist`;
/*!40101 SET @saved_cs_client     = @@character_set_client */;
/*!50503 SET character_set_client = utf8mb4 */;
CREATE TABLE `sigue_playlist` (
  `usuario_seguidor_id` int(10) unsigned NOT NULL,
  `playlist_id` int(10) unsigned NOT NULL,
  PRIMARY KEY (`usuario_seguidor_id`,`playlist_id`),
  KEY `IDX_35E9CB0E6BBD148` (`playlist_id`),
  KEY `IDX_35E9CB0E110F1BEE` (`usuario_seguidor_id`),
  CONSTRAINT `FK_35E9CB0E110F1BEE` FOREIGN KEY (`usuario_seguidor_id`) REFERENCES `usuario` (`id`),
  CONSTRAINT `FK_35E9CB0E6BBD148` FOREIGN KEY (`playlist_id`) REFERENCES `playlist` (`id`)
) ENGINE=InnoDB DEFAULT CHARSET=utf8;
/*!40101 SET character_set_client = @saved_cs_client */;

--
-- Dumping data for table `sigue_playlist`
--

LOCK TABLES `sigue_playlist` WRITE;
/*!40000 ALTER TABLE `sigue_playlist` DISABLE KEYS */;
INSERT INTO `sigue_playlist` VALUES (1,1),(2,2),(3,3),(4,4),(5,5),(6,6),(7,7),(8,8),(9,9),(10,10),(11,11),(12,12),(13,13),(14,14),(15,15),(16,16),(17,17),(18,18),(19,19),(20,20),(21,21),(22,22),(23,23),(24,24),(25,25),(26,26),(27,27),(28,28),(29,29),(30,30),(31,31),(32,32),(33,33),(34,34),(35,35),(36,36),(37,37),(38,38),(39,39),(40,40),(41,41),(42,42),(43,43),(44,44),(45,45),(46,46),(47,47),(48,48),(49,49),(50,50),(51,51),(52,52),(53,53),(54,54),(55,55),(56,56),(57,57),(58,58),(59,59),(60,60),(61,61),(62,62),(63,63),(64,64),(65,65),(66,66),(67,67),(68,68),(69,69),(70,70),(71,71),(72,72),(73,73),(74,74),(75,75),(76,76),(77,77),(78,78),(79,79),(80,80),(81,81),(82,82),(83,83),(84,84),(85,85),(86,86),(87,87),(88,88),(89,89),(90,90),(91,91),(92,92),(93,93),(94,94),(95,95),(96,96),(97,97),(98,98),(99,99),(100,100),(50,101),(59,101),(79,101),(21,102),(29,102),(9,104),(57,104),(81,104),(96,104),(97,104),(99,104),(51,105),(35,106),(92,106),(14,107),(37,107),(64,107),(89,107),(3,108),(31,108),(39,108),(62,108),(78,108),(90,108),(96,108),(14,109),(62,109),(6,111),(19,111),(32,111),(87,111),(88,111),(3,112),(6,112),(7,112),(35,112),(64,112),(8,113),(15,113),(57,113),(72,113),(86,113),(91,113),(93,113),(99,113),(19,114),(60,114),(83,114),(1,115),(15,115),(32,115),(38,115),(40,115),(52,115),(54,116),(55,116),(73,116),(81,116),(64,117),(72,117),(83,117),(60,118),(81,118),(91,118),(45,119),(55,119),(64,119),(82,119),(96,119),(4,120),(18,120),(30,120),(47,120),(63,120),(95,120),(12,121),(17,121),(19,121),(32,121),(41,121),(85,121),(87,121),(94,122),(34,123),(83,123),(10,124),(32,124),(68,124),(91,124),(10,125),(22,126),(44,126),(87,126),(93,126),(2,127),(31,127),(58,127),(63,127),(71,127),(25,128),(62,128),(27,129),(40,129),(95,129),(59,130),(97,130),(5,131),(17,131),(43,131),(67,131),(16,132),(18,132),(36,132),(37,132),(45,132),(82,132),(83,132),(7,133),(11,133),(83,133),(23,134),(43,134),(47,134),(54,134),(90,134),(17,135),(33,135),(55,135),(3,136),(62,136),(67,136),(7,137),(62,137),(68,137),(78,137),(51,138),(59,138),(72,138),(100,138),(23,139),(27,139),(39,139),(69,139),(83,139),(1,140),(31,140),(3,141),(41,141),(46,141),(1,142),(27,142),(39,142),(49,142),(80,142),(95,142),(96,142),(4,143),(5,143),(17,144),(18,144),(67,144),(74,144),(96,144),(10,145),(21,145),(32,145),(42,145),(57,145),(74,145),(80,145),(26,146),(83,146),(8,147),(31,147),(44,147),(47,147),(51,147),(93,147),(3,148),(19,148),(33,148),(34,148),(53,148),(61,148),(68,148),(75,148),(78,148),(89,148),(96,148),(8,149),(13,149),(86,149),(96,149),(5,151),(8,151),(13,151),(54,151),(68,151),(21,152),(41,152),(52,152),(55,152),(62,152),(66,152),(95,152),(39,153),(48,153),(11,154),(15,154),(19,154),(57,154),(77,155),(92,155),(20,156),(24,156),(31,156),(76,156),(19,157),(39,157),(44,158),(75,158),(85,158),(96,158),(44,159),(46,159),(3,160),(30,160),(52,160),(64,160),(83,160),(9,161),(14,161),(26,161),(35,161),(57,161),(60,161),(8,162),(43,162),(98,162),(40,163),(52,163),(67,163),(78,163),(81,163),(24,164),(63,165),(65,165),(17,166),(30,166),(74,166),(12,167),(16,167),(37,167),(64,167),(72,167),(77,167),(86,167),(7,168),(10,168),(12,168),(41,168),(43,168),(62,168),(29,169),(37,169),(46,169),(54,169),(58,169),(60,169),(70,170),(75,170),(78,170),(90,170),(100,170),(19,171),(25,171),(31,171),(12,172),(15,172),(28,172),(53,172),(54,172),(56,172),(73,172),(78,173),(81,173),(41,174),(60,174),(82,174),(25,175),(29,175),(65,175),(75,175),(82,175),(86,175),(10,176),(34,176),(56,176),(77,176),(85,176),(95,176),(15,177),(23,177),(24,177),(53,177),(13,178),(55,178),(75,178),(7,179),(15,179),(18,179),(25,179),(35,179),(78,179),(47,180),(53,180),(56,180),(83,180),(22,181),(49,181),(78,181),(23,182),(37,182),(57,182),(61,182),(11,183),(14,183),(21,184),(48,184),(88,184),(1,185),(8,185),(42,185),(56,185),(62,185),(69,185),(4,186),(15,186),(25,186),(46,186),(50,186),(85,186),(86,186),(7,187),(34,187),(41,187),(47,187),(81,187),(57,188),(89,188),(22,189),(52,189),(86,190),(77,191),(80,191),(81,191),(86,191),(33,192),(30,193),(46,193),(56,193),(60,193),(13,194),(45,194),(88,194),(15,195),(18,195),(50,195),(63,195),(83,195),(47,196),(81,196),(30,197),(57,197),(60,197),(61,197),(63,197),(74,197),(86,197),(5,198),(15,198),(55,198),(73,198),(83,198),(14,199),(47,199),(48,199),(57,199),(59,199),(97,199),(36,200),(43,200),(28,201),(60,201),(99,201),(3,202),(20,202),(30,202),(52,202),(28,203),(48,203),(93,203),(82,204),(85,204),(5,205),(6,205),(61,205),(71,205),(57,206),(81,206),(15,207),(47,207),(69,207),(80,207),(9,208),(66,208),(70,208),(90,208),(39,209),(50,209),(23,210),(27,210),(29,210),(60,210),(62,210),(93,210),(1,211),(5,211),(7,211),(10,211),(68,211),(17,212),(44,212),(70,212),(87,212),(89,212),(27,213),(28,213),(35,213),(78,213),(85,213),(18,214),(28,214),(77,214),(97,214),(17,215),(38,215),(45,215),(27,216),(88,216),(37,217),(49,217),(54,217),(55,217),(79,217),(14,218),(20,218),(39,218),(9,219),(34,219),(62,219),(76,219),(85,220),(93,220),(43,221),(46,221),(66,221),(87,221),(99,221),(13,222),(26,222),(30,222),(60,222),(71,222),(37,223),(42,223),(47,223),(95,223),(19,224),(35,224),(88,224),(55,225),(80,225),(7,226),(40,226),(3,227),(44,227),(52,227),(82,227),(6,228),(56,228),(59,228),(82,228),(53,229),(66,229),(76,229),(77,229),(2,230),(7,230),(58,230),(82,230),(15,231),(51,231),(54,231),(55,231),(49,232),(56,232),(79,232),(99,232),(1,233),(50,233),(56,233),(99,233),(4,234),(19,234),(38,234),(47,234),(72,234),(78,234),(83,234),(3,235),(5,235),(32,236),(83,236),(84,236),(32,237),(90,237),(7,238),(35,238),(10,239),(24,239),(73,239),(77,239),(79,239),(90,239),(4,240),(40,240),(61,240),(65,240),(83,240),(24,241),(46,241),(71,241),(12,242),(21,242),(37,242),(25,243),(42,243),(32,244),(72,244),(86,244),(97,244),(98,244),(92,245),(1,246),(76,246),(7,247),(74,247),(90,247),(98,247),(20,248),(25,248),(5,249),(35,249),(62,249),(88,249),(15,250),(45,250),(77,250),(5,251),(31,251),(100,251),(55,252),(64,252),(65,253),(72,253),(1,254),(29,254),(38,254),(72,254),(85,254),(24,255),(45,255),(96,255),(3,256),(17,256),(1,257),(14,257),(62,257),(91,257),(93,257),(98,257),(2,258),(12,258),(66,258),(89,258),(34,259),(56,260),(29,261),(61,261),(86,261),(87,261),(94,261),(12,262),(47,262),(49,262),(50,262),(56,262),(3,263),(53,263),(76,263),(79,263),(95,263),(21,264),(37,264),(83,264),(39,265),(56,265),(71,265),(8,266),(13,266),(25,266),(41,266),(64,266),(30,267),(31,267),(33,267),(60,267),(24,268),(25,268),(36,268),(54,268),(74,268),(76,268),(96,268),(97,268),(39,269),(50,269),(89,269),(7,270),(64,270),(9,271),(19,271),(25,271),(52,272),(56,272),(70,272),(43,273),(81,273),(82,273),(10,274),(23,274),(46,274),(66,274),(69,274),(17,275),(38,275),(52,275),(58,275),(60,275),(61,275),(4,276),(11,276),(12,276),(44,276),(46,276),(55,276),(70,276),(81,277),(28,278),(73,279),(16,280),(46,280),(25,281),(68,281),(11,282),(54,282),(69,282),(80,282),(95,282),(1,283),(12,283),(43,283),(80,283),(20,284),(45,284),(84,284),(8,285),(16,285),(55,285),(70,285),(99,285),(63,286),(64,286),(18,287),(21,287),(62,287),(43,288),(52,288),(57,289),(75,289),(78,289),(80,289),(84,289),(92,289),(99,289),(1,290),(14,290),(30,290),(59,290),(62,290),(88,290),(7,291),(34,291),(51,291),(78,291),(95,291),(19,292),(37,292),(42,292),(47,292),(11,294),(15,294),(40,294),(53,294),(83,294),(33,295),(49,295),(51,295),(73,295),(76,295),(8,296),(49,296),(60,296),(33,297),(96,297),(2,298),(23,298),(36,298),(47,298),(84,298),(9,299),(52,299),(54,299),(57,299),(63,299),(86,299),(88,299),(64,300),(78,300),(87,300),(99,300),(57,301),(67,301),(82,301),(15,302),(19,302),(30,302),(77,302),(87,302),(5,303),(8,303),(55,303),(62,303),(91,303),(98,303),(5,304),(26,304),(48,304),(64,304),(71,304),(92,304),(13,305),(17,305),(60,305),(99,305),(79,306),(83,306),(9,307),(66,307),(87,307),(90,307),(77,308),(100,308),(29,309),(36,309),(70,309),(12,311),(12,312),(19,312),(23,312),(36,312),(40,312),(59,312),(61,312),(65,312),(45,313),(50,313),(75,313),(17,314),(24,314),(47,314),(71,314),(23,315),(28,315),(48,315),(74,315),(97,315),(67,316),(71,316),(78,316),(4,317),(11,317),(20,318),(34,318),(59,318),(77,318),(99,318),(26,319),(59,319),(32,320),(60,320),(80,320),(89,320),(8,321),(21,321),(22,321),(53,321),(86,321),(43,322),(48,322),(60,322),(62,322),(68,322),(73,322),(75,322),(87,322),(95,322),(14,323),(41,323),(52,323),(57,323),(97,323),(19,324),(26,324),(30,324),(36,324),(46,324),(60,324),(65,324),(71,324),(84,324),(8,325),(29,325),(41,325),(8,326),(30,326),(59,326),(80,326),(86,327),(69,328),(74,328),(83,328),(97,328),(37,329),(42,329),(56,329),(86,329),(22,330),(57,330),(59,330),(66,330),(72,330),(79,330),(28,331),(61,331),(2,332),(45,332),(26,333),(39,333),(74,333),(76,333),(99,333),(19,334),(23,334),(80,334),(89,334),(18,335),(72,335),(91,335),(19,336),(66,336),(79,336),(12,337),(13,337),(31,337),(43,337),(97,337),(2,338),(5,338),(25,338),(49,338),(79,338),(11,339),(28,339),(35,339),(58,339),(60,339),(88,339),(91,339),(92,339),(8,340),(41,340),(68,340),(70,340),(75,340),(4,341),(12,341),(40,341),(70,341),(87,341),(14,342),(15,342),(43,342),(58,342),(77,343),(79,343),(81,343),(90,343),(10,344),(26,344),(75,344),(9,345),(21,345),(68,346),(74,346),(98,346),(99,346),(4,347),(83,347),(8,348),(27,348),(45,348),(53,348),(59,348),(60,348),(13,349),(21,349),(31,349),(12,350),(28,350),(30,350),(42,350),(47,350),(68,350),(80,350),(89,350),(100,350),(16,351),(19,351),(42,351),(69,351),(90,352),(91,352),(13,353),(47,353),(77,353),(83,353),(89,353),(4,354),(27,354),(40,354),(48,354),(66,354),(88,354),(52,355),(53,355),(95,355),(2,356),(4,356),(46,357),(58,357),(68,358),(100,358),(10,359),(17,359),(35,359),(50,359),(83,359),(95,359),(97,359),(98,359),(6,360),(24,360),(37,360),(49,360),(75,360),(90,360),(91,360),(12,361),(20,361),(27,361),(37,361),(42,361),(46,361),(63,361),(76,361),(83,361),(23,362),(33,362),(37,362),(70,362),(75,362),(76,362),(20,363),(21,363),(58,363),(80,363),(100,363),(9,364),(10,364),(20,364),(35,364),(52,364),(53,364),(8,365),(55,365),(77,365),(80,365),(87,365),(28,366),(74,366),(7,367),(36,367),(40,367),(57,367),(59,367),(85,367),(96,367),(27,368),(41,368),(56,368),(71,369),(72,369),(74,369),(88,370),(51,371),(76,371),(83,371),(86,371),(13,372),(71,372),(29,373),(35,373),(83,373),(84,373),(85,373),(4,374),(54,374),(72,374),(99,374),(53,375),(91,375),(52,376),(68,376),(88,376),(19,377),(32,377),(31,378),(50,378),(75,378),(34,379),(3,380),(9,380),(22,380),(46,380),(98,380),(21,381),(44,381),(70,381),(84,381),(87,381),(11,382),(43,382),(58,382),(63,382),(87,382),(13,383),(22,383),(23,383),(28,383),(33,383),(34,383),(69,383),(72,383),(85,383),(16,384),(24,384),(76,384),(10,385),(50,385),(61,385),(80,385),(61,386),(90,386),(11,387),(32,387),(88,387),(93,387),(4,388),(14,388),(18,388),(31,389),(39,389),(57,389),(29,390),(45,390),(48,390),(93,390),(30,391),(38,391),(55,391),(64,391),(81,391),(5,392),(19,392),(26,392),(55,393),(62,393),(70,393),(3,394),(72,394),(82,394),(96,394),(20,395),(22,395),(61,395),(66,395),(83,395),(89,395),(96,395),(98,395),(52,396),(84,396),(19,397),(37,397),(60,397),(61,397),(63,397),(88,397),(92,397),(15,398),(18,398),(77,398),(81,398),(29,399),(39,399),(60,399),(66,399),(19,400),(63,400),(70,400),(80,400),(85,400),(90,400),(39,401),(60,401),(74,401),(6,402),(9,402),(10,402),(34,402),(65,402),(44,403),(77,403),(16,404),(17,404),(21,404),(40,404),(45,405),(47,405),(63,405),(65,405),(92,405),(65,406),(93,406),(21,407),(35,407),(41,407),(56,407),(62,407),(74,407),(75,407),(100,407),(9,408),(62,408),(37,409),(12,410),(25,410),(60,410),(77,410),(21,411),(25,411),(74,411),(97,411),(1,412),(2,412),(65,412),(68,412),(2,414),(9,414),(59,414),(62,414),(64,414),(19,415),(25,415),(50,415),(75,415),(86,415),(68,416),(6,417),(63,417),(81,417),(93,417),(94,417),(24,418),(4,419),(38,419),(98,419),(13,420),(19,420),(37,420),(64,420),(82,420),(8,421),(17,421),(30,421),(48,421),(73,421),(5,422),(9,422),(16,422),(61,422),(63,422),(83,422),(36,423),(54,423),(64,423),(99,423),(4,424),(8,424),(32,424),(50,424),(88,424),(89,424),(5,425),(31,425),(32,425),(84,425),(85,425),(5,426),(19,426),(23,426),(39,426),(6,427),(35,427),(99,427),(4,428),(35,428),(38,428),(90,428),(91,428),(98,428),(38,429),(77,429),(11,430),(21,430),(84,430),(40,431),(46,431),(59,431),(84,431),(90,431),(25,433),(29,433),(32,433),(70,433),(84,433),(95,433),(99,433),(20,434),(21,434),(23,434),(57,434),(95,434),(27,435),(56,435),(96,435),(40,436),(59,436),(99,436),(56,437),(63,437),(94,437),(41,438),(74,438),(11,439),(12,439),(16,439),(19,439),(39,439),(71,439),(10,440),(15,440),(26,440),(4,441),(21,441),(28,442),(32,442),(39,442),(60,442),(91,442),(18,443),(37,443),(5,444),(36,444),(66,444),(71,444),(16,445),(24,445),(51,445),(17,446),(27,446),(53,446),(78,446),(90,446),(100,446),(12,447),(20,447),(23,447),(45,447),(51,447),(93,447),(5,448),(23,448),(38,448),(43,448),(53,448),(64,448),(94,448),(24,449),(30,449),(37,449),(39,449),(79,449),(22,450),(51,450),(99,450),(100,450),(19,451),(23,451),(48,451),(86,451),(42,452),(45,452),(67,452),(69,452),(95,452),(5,453),(35,453),(4,454),(17,454),(59,454),(14,455),(26,455),(61,455),(90,455),(32,456),(39,456),(57,456),(11,457),(23,457),(34,457),(67,457),(77,457),(92,457),(14,458),(62,458),(2,459),(4,459),(22,459),(50,459),(75,459),(96,459),(5,460),(59,460),(72,460),(75,460),(8,461),(21,461),(73,461),(77,461),(5,462),(10,462),(31,462),(51,462),(65,462),(84,462),(94,462),(3,463),(69,463),(90,463),(96,463),(97,463),(7,464),(73,464),(100,464),(4,465),(21,465),(84,465),(29,466),(41,466),(59,466),(46,467),(94,467),(53,468),(60,468),(99,468),(31,469),(44,469),(94,469),(4,470),(10,470),(19,470),(50,470),(51,470),(96,470),(3,471),(4,471),(30,471),(86,471),(31,472),(36,472),(39,472),(48,472),(77,472),(4,473),(30,473),(31,473),(100,473),(10,474),(25,474),(73,475),(75,475),(98,475),(8,476),(24,476),(40,476),(71,476),(73,476),(77,476),(92,476),(46,477),(98,478),(47,479),(84,479),(11,480),(8,481),(24,481),(68,481),(95,481),(96,481),(33,482),(34,482),(41,482),(43,482),(45,482),(63,482),(66,482),(89,482),(100,482),(7,483),(12,483),(17,483),(19,483),(22,483),(59,483),(40,484),(72,484),(81,484),(88,484),(1,485),(11,485),(45,485),(57,485),(64,485),(23,486),(33,486),(73,486),(80,486),(90,486),(26,487),(100,487),(4,488),(5,488),(18,488),(19,488),(30,488),(55,488),(77,488),(85,488),(93,488),(10,489),(20,489),(27,489),(57,489),(99,489),(1,490),(20,490),(24,490),(39,490),(77,490),(3,491),(11,491),(46,491),(58,491),(70,491),(89,491),(44,492),(56,492),(7,493),(29,493),(53,493),(92,493),(52,494),(62,494),(69,494),(79,494),(95,494),(98,494),(6,495),(22,495),(96,495),(10,496),(16,496),(6,497),(19,497),(21,497),(63,497),(70,497),(55,498),(3,499),(8,499),(13,499),(58,499),(89,499),(39,500),(46,500),(47,500),(12,501),(85,501),(55,502),(66,502),(87,502),(92,502),(25,503),(63,503),(68,503),(82,503),(86,503),(87,503),(7,504),(14,504),(21,504),(32,504),(54,504),(71,504),(75,504),(100,504),(13,505),(26,505),(43,505),(79,505),(38,506),(83,506),(32,507),(36,507),(50,507),(57,507),(72,507),(85,507),(13,508),(29,508),(36,508),(99,508),(6,509),(11,509),(59,509),(82,509),(10,510),(28,510),(32,510),(48,510),(59,510),(77,510),(87,510),(3,511),(27,511),(30,511),(67,511),(74,511),(77,511),(1,512),(12,512),(25,512),(29,512),(37,512),(45,512),(49,512),(59,512),(96,512),(21,513),(25,513),(34,513),(49,513),(61,513),(80,513),(91,513),(6,514),(24,514),(27,514),(31,514),(46,514),(53,514),(60,514),(27,515),(36,515),(39,515),(66,515),(73,515),(77,515),(18,516),(32,516),(28,517),(39,517),(71,517),(83,517),(94,517),(73,518),(4,519),(16,519),(17,519),(24,519),(39,519),(41,519),(61,519),(16,520),(96,520),(13,521),(44,521),(56,521),(81,521),(53,522),(50,523),(58,523),(63,523),(40,524),(55,524),(78,524),(97,524),(54,525),(74,525),(94,525),(96,525),(51,526),(58,526),(67,526),(81,526),(9,527),(69,527),(74,527),(80,527),(98,527),(99,527),(22,528),(32,528),(48,528),(52,528),(65,528),(72,528),(24,529),(33,529),(62,529),(74,529),(82,529),(4,530),(40,530),(56,530),(74,530),(82,530),(1,531),(50,531),(54,531),(85,531),(98,531),(99,531),(44,532),(63,532),(19,533),(70,533),(74,533),(89,533),(99,533),(25,534),(38,534),(45,534),(72,534),(16,535),(62,535),(82,535),(48,536),(51,536),(65,536),(4,537),(68,537),(5,538),(13,538),(28,538),(41,538),(45,538),(74,538),(84,538),(98,538),(8,539),(11,539),(29,539),(35,539),(75,539),(80,539),(84,539),(7,540),(16,540),(31,540),(33,540),(35,540),(81,540),(88,540),(39,541),(73,541),(68,542),(77,542),(8,543),(40,543),(72,543),(21,544),(61,544),(98,544),(89,545),(30,546),(38,546),(43,546),(52,546),(86,546),(14,547),(49,547),(81,547),(19,548),(37,548),(42,548),(46,548),(56,548),(62,548),(77,548),(9,549),(36,549),(88,549),(99,549),(28,550),(30,550),(35,550),(63,550),(17,551),(39,551),(79,551),(82,551),(5,552),(32,552),(45,552),(46,552),(47,552),(51,552),(84,552),(15,553),(29,553),(85,553),(44,554),(55,554),(68,554),(2,555),(39,555),(48,555),(79,555),(88,555),(78,556),(49,557),(58,557),(65,557),(66,557),(92,557),(3,558),(17,558),(27,558),(45,558),(60,558),(8,559),(44,559),(93,559),(2,560),(16,560),(95,560),(5,561),(27,561),(41,561),(57,561),(69,561),(14,562),(66,562),(68,562),(38,563),(43,563),(90,563),(95,563),(4,564),(78,564),(82,564),(96,564),(2,565),(16,565),(8,566),(57,566),(64,566),(97,566),(99,566),(28,567),(25,568),(34,568),(44,568),(47,568),(49,568),(61,568),(81,568),(84,568),(14,569),(42,569),(43,569),(25,570),(11,571),(49,571),(62,571),(5,572),(31,572),(36,572),(40,572),(46,572),(56,572),(93,572),(18,573),(20,573),(46,573),(10,574),(40,574),(44,574),(56,574),(42,575),(53,575),(56,575),(86,575),(92,575),(16,576),(78,576),(86,576),(17,577),(42,577),(54,577),(3,578),(8,578),(35,578),(2,579),(49,579),(63,579),(72,579),(11,580),(46,580),(54,580),(3,581),(11,581),(24,581),(72,581),(30,582),(56,582),(89,582),(16,583),(25,583),(27,583),(47,583),(17,584),(45,584),(76,584),(82,584),(99,584),(38,585),(50,585),(84,585),(48,586),(49,586),(68,586),(84,586),(46,587),(96,587),(42,588),(44,588),(75,588),(81,588),(95,588),(43,589),(96,589),(48,590),(55,590),(78,590),(79,590),(71,593),(46,594),(59,594),(74,594),(80,594),(87,594),(96,594),(2,595),(25,595),(35,595),(48,595),(56,596),(80,596),(82,596),(61,597),(68,597),(97,597),(35,598),(11,599),(15,599),(33,599),(48,599),(80,599),(85,599),(28,600),(29,600);
/*!40000 ALTER TABLE `sigue_playlist` ENABLE KEYS */;
UNLOCK TABLES;

--
-- Table structure for table `suscripcion`
--

DROP TABLE IF EXISTS `suscripcion`;
/*!40101 SET @saved_cs_client     = @@character_set_client */;
/*!50503 SET character_set_client = utf8mb4 */;
CREATE TABLE `suscripcion` (
  `id` int(10) unsigned NOT NULL AUTO_INCREMENT,
  `fecha_inicio` date NOT NULL,
  `fecha_fin` date NOT NULL,
  `premium_usuario_id` int(10) unsigned DEFAULT NULL,
  PRIMARY KEY (`id`),
  KEY `fk_suscripcion_premium1_idx` (`premium_usuario_id`),
  KEY `fecha_inicio_idx` (`fecha_inicio`),
  KEY `fecha_fin_idx` (`fecha_fin`),
  CONSTRAINT `FK_497FA038AB2DD` FOREIGN KEY (`premium_usuario_id`) REFERENCES `premium` (`usuario_id`)
) ENGINE=InnoDB AUTO_INCREMENT=121 DEFAULT CHARSET=utf8;
/*!40101 SET character_set_client = @saved_cs_client */;

--
-- Dumping data for table `suscripcion`
--

LOCK TABLES `suscripcion` WRITE;
/*!40000 ALTER TABLE `suscripcion` DISABLE KEYS */;
INSERT INTO `suscripcion` VALUES (1,'2021-05-12','2021-09-29',61),(2,'2021-10-26','2021-04-13',62),(3,'2021-11-11','2021-08-08',63),(4,'2021-11-01','2021-09-20',64),(5,'2021-05-17','2021-07-30',65),(6,'2022-01-26','2021-12-18',66),(7,'2021-10-12','2021-07-05',67),(8,'2021-10-07','2021-05-13',68),(9,'2021-08-01','2021-06-26',69),(10,'2021-02-14','2021-11-20',70),(11,'2021-05-14','2021-05-02',71),(12,'2021-06-21','2021-05-26',72),(13,'2021-03-23','2021-06-08',73),(14,'2021-07-23','2022-01-03',74),(15,'2021-02-12','2022-01-02',75),(16,'2021-03-28','2021-04-09',76),(17,'2021-07-20','2021-03-12',77),(18,'2022-01-04','2021-04-21',78),(19,'2021-06-02','2021-07-08',79),(20,'2021-10-18','2021-09-24',80),(21,'2021-06-26','2021-04-25',81),(22,'2021-10-28','2021-11-19',82),(23,'2021-10-04','2021-03-16',83),(24,'2021-06-15','2021-10-26',84),(25,'2021-08-09','2021-11-29',85),(26,'2021-04-01','2021-10-12',86),(27,'2021-03-09','2021-03-10',87),(28,'2021-09-07','2021-09-25',88),(29,'2021-09-10','2021-04-07',89),(30,'2021-07-26','2021-06-23',90),(31,'2021-09-19','2021-03-30',91),(32,'2021-03-21','2021-08-19',92),(33,'2022-01-10','2021-12-16',93),(34,'2021-07-02','2021-08-04',94),(35,'2021-02-10','2022-01-02',95),(36,'2021-11-25','2021-07-28',96),(37,'2021-10-26','2021-10-16',97),(38,'2021-09-01','2021-03-22',98),(39,'2022-01-19','2021-12-20',99),(40,'2021-03-14','2021-12-31',100),(41,'2021-03-02','2022-02-07',61),(42,'2022-03-17','2022-03-17',62),(43,'2021-12-14','2022-01-07',63),(44,'2021-11-18','2021-09-03',64),(45,'2021-10-14','2022-01-28',65),(46,'2022-02-13','2021-07-02',66),(47,'2021-05-01','2021-11-15',67),(48,'2021-12-05','2021-07-15',68),(49,'2021-06-12','2022-02-05',69),(50,'2022-01-17','2021-10-25',70),(51,'2021-03-16','2021-08-15',71),(52,'2021-09-29','2021-12-26',72),(53,'2021-07-14','2022-02-21',73),(54,'2021-10-19','2022-02-19',74),(55,'2021-05-11','2021-06-08',75),(56,'2022-02-11','2022-01-25',76),(57,'2021-11-23','2021-07-18',77),(58,'2021-03-07','2021-11-02',78),(59,'2021-06-02','2021-07-16',79),(60,'2022-01-22','2021-11-05',80),(61,'2022-02-14','2022-03-06',81),(62,'2021-03-23','2021-12-29',82),(63,'2022-01-03','2021-09-15',83),(64,'2021-09-20','2022-01-09',84),(65,'2021-11-27','2022-02-22',85),(66,'2021-10-05','2021-06-16',86),(67,'2021-03-27','2021-07-30',87),(68,'2021-11-15','2021-04-06',88),(69,'2021-12-22','2021-12-14',89),(70,'2021-09-14','2021-12-02',90),(71,'2021-10-16','2021-07-30',91),(72,'2022-01-29','2021-12-20',92),(73,'2022-03-21','2021-04-07',93),(74,'2021-12-02','2021-03-24',94),(75,'2022-03-21','2021-10-29',95),(76,'2021-12-10','2021-04-27',96),(77,'2021-10-18','2021-07-17',97),(78,'2021-11-04','2021-10-16',98),(79,'2021-04-13','2021-12-02',99),(80,'2022-03-19','2021-09-02',100),(81,'2021-08-01','2021-09-20',61),(82,'2022-04-08','2021-10-28',62),(83,'2021-06-27','2022-01-03',63),(84,'2021-12-01','2021-12-31',64),(85,'2022-02-03','2022-02-19',65),(86,'2022-01-03','2022-03-19',66),(87,'2022-03-30','2022-03-31',67),(88,'2021-06-03','2021-11-19',68),(89,'2022-04-09','2022-03-21',69),(90,'2021-12-12','2021-05-23',70),(91,'2021-06-16','2021-08-05',71),(92,'2021-08-07','2021-10-23',72),(93,'2022-04-05','2021-04-07',73),(94,'2021-09-25','2022-03-31',74),(95,'2022-04-11','2021-11-18',75),(96,'2021-10-22','2022-01-12',76),(97,'2021-10-03','2021-04-14',77),(98,'2021-09-24','2021-05-24',78),(99,'2022-03-08','2021-06-28',79),(100,'2021-10-27','2021-12-01',80),(101,'2021-12-23','2022-04-17',81),(102,'2021-06-03','2022-03-24',82),(103,'2022-03-05','2022-01-29',83),(104,'2021-12-09','2021-04-20',84),(105,'2021-11-01','2021-06-22',85),(106,'2022-03-02','2021-07-21',86),(107,'2021-04-26','2021-09-10',87),(108,'2022-03-03','2021-12-25',88),(109,'2022-03-30','2021-11-24',89),(110,'2021-05-21','2021-11-26',90),(111,'2021-04-14','2021-10-27',91),(112,'2021-11-25','2021-10-30',92),(113,'2021-07-25','2021-07-24',93),(114,'2022-03-05','2022-02-25',94),(115,'2022-02-26','2021-06-07',95),(116,'2022-02-22','2021-08-03',96),(117,'2021-08-06','2022-04-20',97),(118,'2021-04-16','2021-09-15',98),(119,'2022-02-01','2021-08-02',99),(120,'2021-10-13','2021-04-23',100);
/*!40000 ALTER TABLE `suscripcion` ENABLE KEYS */;
UNLOCK TABLES;

--
-- Table structure for table `tarjeta_credito`
--

DROP TABLE IF EXISTS `tarjeta_credito`;
/*!40101 SET @saved_cs_client     = @@character_set_client */;
/*!50503 SET character_set_client = utf8mb4 */;
CREATE TABLE `tarjeta_credito` (
  `numero_tarjeta` varchar(20) NOT NULL,
  `mes_caducidad` tinyint(2) unsigned NOT NULL,
  `anyo_caducidad` year(4) NOT NULL,
  `codigo_seguridad` smallint(3) unsigned NOT NULL,
  `forma_pago_id` int(10) unsigned NOT NULL,
  PRIMARY KEY (`forma_pago_id`),
  UNIQUE KEY `numero_tarjeta_UNIQUE` (`numero_tarjeta`),
  KEY `fk_tarjeta_credito_forma_pago1_idx` (`forma_pago_id`),
  CONSTRAINT `FK_83A9A68B407AFCF9` FOREIGN KEY (`forma_pago_id`) REFERENCES `forma_pago` (`id`)
) ENGINE=InnoDB DEFAULT CHARSET=utf8;
/*!40101 SET character_set_client = @saved_cs_client */;

--
-- Dumping data for table `tarjeta_credito`
--

LOCK TABLES `tarjeta_credito` WRITE;
/*!40000 ALTER TABLE `tarjeta_credito` DISABLE KEYS */;
INSERT INTO `tarjeta_credito` VALUES ('4017954623691202',4,2023,287,1),('4041379450031480',11,2024,227,2),('5002356185597005',2,2023,211,3),('5010126728358870',8,2024,782,4),('5342306859933431',4,2023,560,5),('5287533816394889',4,2025,487,6),('4481456736457874',3,2024,658,7),('4017954850030249',2,2024,861,8),('5007669386797264',1,2024,241,9),('4041371457094',9,2024,187,10),('4945621549809',9,2025,923,11),('5108755740188890',9,2025,297,12),('5108752712647680',3,2024,780,13),('4017951538545549',4,2025,444,14),('4017958093911107',6,2025,161,15),('4041378154546',8,2024,530,16),('5010123084227815',9,2023,259,17),('5249037338357900',8,2024,563,18),('5449531604160517',8,2023,523,19),('5417053926102364',4,2024,977,20),('5100174811977421',11,2025,760,21),('5108754404133102',4,2023,237,22),('5100173172271200',9,2024,463,23),('5545329486108644',3,2023,908,24),('5100142578785378',11,2025,108,25),('4041591651604135',9,2024,577,26),('5048379174932542',2,2025,687,27),('4706549361631455',8,2023,111,28),('5571220134317561',5,2024,346,29),('4041598706620',1,2023,724,30);
/*!40000 ALTER TABLE `tarjeta_credito` ENABLE KEYS */;
UNLOCK TABLES;

--
-- Table structure for table `tipo_descarga`
--

DROP TABLE IF EXISTS `tipo_descarga`;
/*!40101 SET @saved_cs_client     = @@character_set_client */;
/*!50503 SET character_set_client = utf8mb4 */;
CREATE TABLE `tipo_descarga` (
  `id` int(10) unsigned NOT NULL AUTO_INCREMENT,
  `nombre` varchar(15) NOT NULL,
  PRIMARY KEY (`id`),
  KEY `nombre_idx` (`nombre`)
) ENGINE=InnoDB AUTO_INCREMENT=6 DEFAULT CHARSET=utf8;
/*!40101 SET character_set_client = @saved_cs_client */;

--
-- Dumping data for table `tipo_descarga`
--

LOCK TABLES `tipo_descarga` WRITE;
/*!40000 ALTER TABLE `tipo_descarga` DISABLE KEYS */;
INSERT INTO `tipo_descarga` VALUES (4,'Alta'),(1,'Automático'),(2,'Baja'),(5,'Muy Alta'),(3,'Normal');
/*!40000 ALTER TABLE `tipo_descarga` ENABLE KEYS */;
UNLOCK TABLES;

--
-- Table structure for table `usuario`
--

DROP TABLE IF EXISTS `usuario`;
/*!40101 SET @saved_cs_client     = @@character_set_client */;
/*!50503 SET character_set_client = utf8mb4 */;
CREATE TABLE `usuario` (
  `id` int(10) unsigned NOT NULL AUTO_INCREMENT,
  `username` varchar(45) NOT NULL,
  `password` varchar(150) NOT NULL,
  `email` varchar(150) NOT NULL,
  `genero` varchar(1) DEFAULT NULL,
  `fecha_nacimiento` date NOT NULL,
  `pais` varchar(45) DEFAULT NULL,
  `codigo_postal` varchar(20) DEFAULT NULL,
  PRIMARY KEY (`id`),
  UNIQUE KEY `username_UNIQUE` (`username`),
  UNIQUE KEY `email_UNIQUE` (`email`)
) ENGINE=InnoDB AUTO_INCREMENT=104 DEFAULT CHARSET=utf8;
/*!40101 SET character_set_client = @saved_cs_client */;

--
-- Dumping data for table `usuario`
--

LOCK TABLES `usuario` WRITE;
/*!40000 ALTER TABLE `usuario` DISABLE KEYS */;
INSERT INTO `usuario` VALUES (1,'antonio','test','antonio.calabuig@ieslasenia.org','H','1986-03-05','España','46960'),(2,'ttownby1','hB8OHYVs','rwindeatt1@flavors.me','M','1984-04-27','Netherlands','8024'),(3,'nbezant2','hqHnsBHZuJ','rmalmar2@infoseek.co.jp','M','2002-02-03','Portugal','2620-188'),(4,'psherrard3','ImEbXPe','mledger3@amazon.co.jp','M','1965-03-26','Sweden','801 33'),(5,'emacias4','uv4esQI','jluparto4@google.de','H','1961-06-16','Portugal','9900-016'),(6,'wbrosius5','kMdCsyWiRcu','lpieters5@parallels.com','H','1980-07-25','Albania',NULL),(7,'mscrange6','EMM5AZeiG','ppraten6@illinois.edu','M','1986-01-26','Ukraine',NULL),(8,'atopley7','PHcmDkNGTTL','hdonisi7@geocities.com','M','1991-05-31','Ukraine',NULL),(9,'amathon8','n6g8vwd4b6cL','bwychard8@army.mil','M','1971-07-19','Portugal','3405-305'),(10,'amcgeorge9','qrV9MEMw','alauthian9@ucoz.ru','H','1982-08-11','Czech Republic','340 04'),(11,'hstratleya','oVzNxXV9','uwasona@dailymotion.com','M','2000-12-20','Portugal','7450-265'),(12,'gcrinsonb','PpVRJX9oMd','bditzelb@google.ca','H','1969-12-11','France','95109 CEDEX'),(13,'ptompkinsc','tby0Q2N8lsGv','lmiltonwhitec@nhs.uk','M','1987-11-22','France','75171 CEDEX 19'),(14,'wadicotd','ARCahwc','jcomard@apple.com','H','1985-01-07','Finland','64901'),(15,'lwidmoree','YZHayFfx','gdesouzae@taobao.com','M','1975-05-26','Spain','18010'),(16,'csextyf','kTgqctsS9FB','rpulestonf@sina.com.cn','H','1974-01-14','Czech Republic','539 55'),(17,'dmckagueg','UeZmKXy','epetrushkevichg@discuz.net','M','2005-01-05','United Kingdom','B40'),(18,'hyandellh','ybykB5mj3','jtrinderh@omniture.com','H','1984-07-08','Croatia','32221'),(19,'bsouteni','XDLkWR','ywhewelli@adobe.com','M','1996-09-14','Poland','93-524'),(20,'tletertrej','HUvbvgcp','cobleinj@fema.gov','H','1981-08-20','Ukraine',NULL),(21,'dpercevalk','W4x6OCxYtAX','cmack@php.net','H','1965-05-14','France','14654 CEDEX'),(22,'sseelyl','kLXrEuI','sbottelll@intel.com','M','1967-04-02','Poland','42-425'),(23,'estensonm','KJwHjNWfC','vtyrwhittm@reverbnation.com','H','1992-02-21','Poland','37-303'),(24,'bfaveyn','BDk1aBPZ','ewartonbyn@zimbio.com','M','1986-06-18','Portugal','3090-748'),(25,'pkemsono','xWRPK9W','mbrobecko@sourceforge.net','M','1964-12-15','Croatia','53231'),(26,'aonolandp','g449rqI','gdochep@techcrunch.com','H','1965-02-10','Poland','83-210'),(27,'telgeeq','UpOnz4zEEexZ','iyettonq@umn.edu','H','1992-06-29','Portugal','2490-105'),(28,'gkynochr','4NhD09rDJ','thabgoodr@miibeian.gov.cn','M','1991-10-23','Finland','66999'),(29,'wbelfits','uPDcCx','nlowens@sohu.com','M','1982-11-28','Sweden','722 33'),(30,'mpuckert','AO1GkB','astephent@admin.ch','M','1979-02-07','Portugal','2430-328'),(31,'mshawleyu','ckcLjrJmbO','lcatonnetu@histats.com','H','1989-02-12','Czech Republic','504 01'),(32,'mkennyv','yB9rGgDdg','lmilberryv@fc2.com','H','1971-09-22','Ukraine',NULL),(33,'wdellcasaw','3TRA9vfF7n9W','eheiningw@unc.edu','H','1981-09-25','Germany','12307'),(34,'kbesantiex','UFCzhn','clabramx@netlog.com','H','1982-12-09','Poland','64-050'),(35,'aswalesy','audPStPoLCx','ddartey@who.int','H','1999-04-04','Lithuania','17017'),(36,'apigfordz','QLCGLVHJnn','idechellez@cmu.edu','M','1984-02-09','Portugal','3405-605'),(37,'ssiddele10','bygivR','kridgers10@sourceforge.net','M','1990-03-02','Denmark','1972'),(38,'rblinco11','Yh1DGtprK','bwitt11@163.com','M','1978-10-24','Portugal','3060-681'),(39,'hvalentinuzzi12','yYk1EzLp2','gblaik12@cbslocal.com','M','1982-09-25','Portugal','2840-284'),(40,'dmeegan13','rdcCT6R','lhegel13@indiatimes.com','H','1980-05-14','Ukraine',NULL),(41,'tdominichetti14','2RdGg2KQ5a','ezecchi14@newyorker.com','H','2000-03-09','Germany','90451'),(42,'mjime15','WVoteDKdxh77','rdolley15@behance.net','M','2000-07-28','Sweden','433 31'),(43,'rstable16','I8V3giHMgJ','sbragger16@godaddy.com','M','1960-04-11','Czech Republic','788 03'),(44,'dhughf17','gMDhHop','czeal17@instagram.com','H','2001-03-20','Portugal','7540-104'),(45,'fblanchflower18','qoEybAx','drothchild18@mtv.com','H','1997-05-09','Finland','38951'),(46,'maire19','bbLQht2','uwoodroff19@mail.ru','H','2001-04-29','Montenegro',NULL),(47,'rjatczak1a','CfIpL6wy','rdaffern1a@tiny.cc','M','1995-05-23','Portugal','2755-025'),(48,'tguille1b','f4Eud1UPy58Y','bmccathie1b@google.com.br','H','1992-08-21','France','85928 CEDEX 9'),(49,'gwoolpert1c','bnwLRUKdT','aquarry1c@live.com','H','1991-11-09','Poland','39-333'),(50,'jflye1d','mvAur5N','gnewbury1d@theatlantic.com','M','1973-01-07','Czech Republic','569 91'),(51,'adecopeman1e','NQEHyV99tp','dormistone1e@soundcloud.com','M','2004-07-27','Sweden','556 31'),(52,'malcido1f','jpTn3I','hroomes1f@domainmarket.com','M','2003-02-15','Sweden','295 37'),(53,'gsidary1g','yXBR7UYtvMo','mverni1g@ovh.net','H','1974-04-20','Portugal','3405-400'),(54,'abernardotti1h','GF2K322Weg','dwittleton1h@bigcartel.com','H','2001-07-13','Sweden','421 10'),(55,'pdysart1i','fRPLl3K5','dmilkeham1i@zimbio.com','M','1977-11-09','Sweden','981 80'),(56,'hbafford1j','ug7yacrR','jbarrowclough1j@live.com','H','1998-02-23','France','59463 CEDEX'),(57,'aaxel1k','5nwyF9JwpyRp','santonikov1k@theatlantic.com','M','1982-03-05','France','87041 CEDEX 1'),(58,'rbroadis1l','oyLVdOKcPGW','tdymott1l@mapy.cz','H','1972-08-18','Poland','37-121'),(59,'nlube1m','LLOsEzPD5o','kocarmody1m@meetup.com','H','1985-03-24','United Kingdom','SG4'),(60,'wantyshev1n','S5kXE3q','rbent1n@arstechnica.com','H','1968-06-30','Sweden','600 06'),(61,'khuison1o','LpTum7mM','rmccorley1o@gravatar.com','M','1989-12-04','Poland','72-330'),(62,'mgiraudel1p','w3EPBQmIWp','ialpe1p@sfgate.com','M','1990-03-10','Czech Republic','542 33'),(63,'ibrislawn1q','Q9qnHXP','vsmalridge1q@trellian.com','H','1988-05-24','Poland','88-160'),(64,'kfildes1r','eNk9R2dRWOS','cbartod1r@mozilla.org','M','1979-06-17','Czech Republic','539 43'),(65,'gcordoba1s','PcJ9ncUm','nduckham1s@webeden.co.uk','H','1992-08-23','Portugal','1495-048'),(66,'hhuckleby1t','90pk3EwrF','rteodorski1t@ftc.gov','M','1994-07-05','Sweden','696 91'),(67,'nvaszoly1u','K6D6kIooc5r','wsarsfield1u@mashable.com','M','1986-03-30','Poland','57-256'),(68,'ldemarco1v','Ja6Q0S','lmuslim1v@is.gd','H','1998-03-18','Croatia','52220'),(69,'fpenni1w','Blz8xjY','jchennells1w@facebook.com','H','1990-10-03','Sweden','164 21'),(70,'plapidus1x','neJhKgaGog5','ciianon1x@icq.com','H','2002-11-07','Portugal','2420-257'),(71,'ecrunkhurn1y','luC2CeUBdNkj','tmcneish1y@dion.ne.jp','H','1972-07-16','Hungary','8909'),(72,'ovarga1z','89B1PWEL4X','rhopfer1z@howstuffworks.com','H','1995-07-29','Ukraine',NULL),(73,'rstobbes20','63gHRfk9','lmcneigh20@auda.org.au','M','1971-09-16','France','57155'),(74,'lforseith21','zv97TtHyhGW','mpriditt21@nsw.gov.au','H','1998-06-30','France','33394 CEDEX'),(75,'cmalacrida22','PAa5hi0p','gspong22@liveinternet.ru','M','1990-01-19','Czech Republic','571 01'),(76,'epurselowe23','QWlFv7','ctrevithick23@spotify.com','H','1963-03-11','Portugal','4830-184'),(77,'cangerstein24','yt74dLEl0J','mbathersby24@about.com','H','1979-06-04','Norway','5041'),(78,'bcrippes25','kO6GfBQte','rpittwood25@techcrunch.com','M','1988-12-29','Sweden','459 30'),(79,'otunnah26','XScIYo','gminogue26@upenn.edu','M','1991-08-07','Poland','62-410'),(80,'gdetheridge27','ZQg8fUv','jtwyning27@pagesperso-orange.fr','M','1987-11-01','France','69362 CEDEX 07'),(81,'tsoden28','vib563X9E','rstquintin28@sfgate.com','M','1998-06-25','Czech Republic','464 01'),(82,'rmottershaw29','726qIXPWu','gmadre29@npr.org','M','1972-09-11','France','13637 CEDEX'),(83,'sbeidebeke2a','KzzOTS8eOVE','dbrader2a@ihg.com','H','1989-11-27','France','69413 CEDEX 06'),(84,'agarrow2b','xXGpiAuBaV','ncarlick2b@dailymotion.com','M','1998-08-25','France','75353 SP 07'),(85,'vhoneywood2c','SsZQHjXEtVO0','pblaine2c@ucsd.edu','H','1999-07-10','France','78897 CEDEX'),(86,'gmacalpyne2d','VvdRBKY','hshearstone2d@homestead.com','H','1985-03-26','Ukraine',NULL),(87,'aosgordby2e','wsuGcQ2ZJN','omartinetto2e@tinyurl.com','M','1982-02-11','Poland','77-420'),(88,'vvanin2f','wpRoKSpRrOea','nszantho2f@sourceforge.net','H','2002-01-03','Portugal','9630-311'),(89,'mhellens2g','s4KfGYrxngLZ','bcoult2g@yellowpages.com','M','2004-09-06','Czech Republic','564 01'),(90,'gkilmaster2h','XO2kwy5dLV9','jtruder2h@goo.gl','M','1984-05-01','Norway','4089'),(91,'ebuntin2i','vjjCMXTgV','tyerbury2i@vk.com','H','1995-12-26','Poland','68-343'),(92,'sreveley2j','ddUT3wJY','nedgett2j@hc360.com','M','1972-07-10','Poland','22-604'),(93,'ftripe2k','wpmivsrPiu','jmowle2k@bloglovin.com','H','2000-07-11','Poland','72-400'),(94,'hdewane2l','v27RZ2S0kO','cglencros2l@go.com','M','1988-03-21','France','95943 CEDEX 2'),(95,'sblackstone2m','qbHCXy7LN4Tk','ksmooth2m@sphinn.com','H','1991-07-14','Spain','36005'),(96,'lcosslett2n','uJZiEk7YdpV','klinscott2n@wired.com','H','1966-09-27','Estonia',NULL),(97,'bgrainge2o','6nZT1V','iluttgert2o@fastcompany.com','M','1995-06-10','Croatia','53231'),(98,'wleakner2p','amDEsH2Iaf','hulyat2p@lulu.com','M','1985-12-28','Sweden','467 96'),(99,'pagron2q','HI9UzMXYDn3H','bcicchetto2q@clickbank.net','M','1978-04-25','Latvia',NULL),(100,'fselvey2r','ofhWoMD','hrollin2r@bbc.co.uk','M','1982-06-20','Lithuania','32001'),(102,'prueba','passwordfacil','prueba@prueba.com','H','2022-11-30','Qatar','46680'),(103,'prueba2','password','prueba2@prueba.com','H','2022-12-01','Senegal','46680');
/*!40000 ALTER TABLE `usuario` ENABLE KEYS */;
UNLOCK TABLES;

--
-- Table structure for table `usuario_descarga_cancion`
--

DROP TABLE IF EXISTS `usuario_descarga_cancion`;
/*!40101 SET @saved_cs_client     = @@character_set_client */;
/*!50503 SET character_set_client = utf8mb4 */;
CREATE TABLE `usuario_descarga_cancion` (
  `cancion_id` int(10) unsigned NOT NULL,
  `premium_usuario_id` int(10) unsigned NOT NULL,
  PRIMARY KEY (`cancion_id`,`premium_usuario_id`),
  KEY `IDX_CCE9E4199B1D840F` (`cancion_id`),
  KEY `IDX_CCE9E41938AB2DD` (`premium_usuario_id`),
  CONSTRAINT `FK_CCE9E4199B1D840F` FOREIGN KEY (`cancion_id`) REFERENCES `cancion` (`id`),
  CONSTRAINT `fk_usuario_descarga_cancion_premium1` FOREIGN KEY (`premium_usuario_id`) REFERENCES `premium` (`usuario_id`) ON DELETE NO ACTION ON UPDATE NO ACTION
) ENGINE=InnoDB DEFAULT CHARSET=utf8;
/*!40101 SET character_set_client = @saved_cs_client */;

--
-- Dumping data for table `usuario_descarga_cancion`
--

LOCK TABLES `usuario_descarga_cancion` WRITE;
/*!40000 ALTER TABLE `usuario_descarga_cancion` DISABLE KEYS */;
INSERT INTO `usuario_descarga_cancion` VALUES (1,64),(1,65),(1,67),(1,69),(1,70),(1,71),(1,72),(1,74),(1,75),(1,76),(1,80),(1,84),(1,85),(1,88),(1,92),(1,94),(1,95),(1,97),(1,98),(1,100),(2,63),(2,64),(2,65),(2,69),(2,70),(2,71),(2,72),(2,75),(2,79),(2,81),(2,86),(2,90),(2,91),(2,92),(2,93),(2,94),(2,100),(3,61),(3,62),(3,63),(3,64),(3,66),(3,68),(3,71),(3,74),(3,77),(3,80),(3,81),(3,82),(3,84),(3,85),(3,88),(3,89),(3,90),(3,92),(3,93),(3,98),(4,62),(4,63),(4,65),(4,69),(4,70),(4,71),(4,72),(4,73),(4,75),(4,76),(4,81),(4,82),(4,84),(4,87),(4,89),(4,90),(4,92),(4,95),(4,97),(5,64),(5,65),(5,66),(5,67),(5,71),(5,73),(5,75),(5,76),(5,77),(5,80),(5,81),(5,85),(5,86),(5,91),(5,92),(5,93),(5,94),(5,95),(5,96),(5,98),(5,99),(6,62),(6,63),(6,64),(6,65),(6,68),(6,70),(6,71),(6,73),(6,75),(6,76),(6,79),(6,80),(6,81),(6,82),(6,90),(6,92),(6,94),(6,95),(6,97),(6,98),(6,99),(7,61),(7,62),(7,65),(7,66),(7,68),(7,69),(7,75),(7,76),(7,80),(7,81),(7,83),(7,84),(7,86),(7,87),(7,89),(7,94),(7,95),(7,96),(7,97),(7,100),(8,61),(8,63),(8,64),(8,66),(8,71),(8,74),(8,75),(8,77),(8,79),(8,86),(8,89),(8,90),(8,92),(8,93),(8,94),(8,98),(8,99),(8,100),(9,63),(9,68),(9,69),(9,72),(9,73),(9,76),(9,77),(9,78),(9,82),(9,83),(9,85),(9,86),(9,88),(9,89),(9,91),(9,93),(9,94),(9,97),(9,99),(10,61),(10,64),(10,66),(10,67),(10,69),(10,70),(10,71),(10,73),(10,74),(10,76),(10,77),(10,79),(10,83),(10,84),(10,86),(10,88),(10,89),(10,90),(10,95),(10,96),(10,97),(10,98),(10,99),(10,100),(11,61),(11,64),(11,65),(11,66),(11,67),(11,71),(11,72),(11,73),(11,74),(11,75),(11,76),(11,77),(11,78),(11,84),(11,86),(11,88),(11,89),(11,92),(11,93),(11,94),(11,97),(11,99),(11,100),(12,62),(12,63),(12,64),(12,65),(12,67),(12,68),(12,70),(12,72),(12,73),(12,76),(12,77),(12,78),(12,84),(12,85),(12,86),(12,90),(12,94),(12,98),(12,99),(12,100),(13,62),(13,63),(13,64),(13,66),(13,70),(13,71),(13,72),(13,73),(13,75),(13,77),(13,80),(13,82),(13,84),(13,85),(13,86),(13,87),(13,89),(13,90),(13,92),(13,94),(13,97),(13,99),(13,100),(14,62),(14,67),(14,69),(14,70),(14,72),(14,76),(14,77),(14,78),(14,80),(14,82),(14,85),(14,86),(14,88),(14,92),(14,95),(14,96),(14,97),(14,99),(15,65),(15,66),(15,70),(15,71),(15,73),(15,74),(15,76),(15,77),(15,79),(15,80),(15,81),(15,82),(15,84),(15,86),(15,90),(15,91),(15,92),(15,93),(15,97),(15,100),(16,62),(16,64),(16,67),(16,68),(16,69),(16,70),(16,74),(16,76),(16,77),(16,78),(16,79),(16,83),(16,84),(16,86),(16,89),(16,90),(16,93),(16,94),(16,95),(16,96),(16,98),(16,99),(16,100),(17,61),(17,62),(17,64),(17,68),(17,69),(17,70),(17,72),(17,73),(17,76),(17,80),(17,82),(17,84),(17,88),(17,90),(17,91),(17,92),(17,96),(17,98),(18,62),(18,64),(18,66),(18,68),(18,70),(18,73),(18,75),(18,77),(18,81),(18,82),(18,84),(18,86),(18,89),(18,90),(18,94),(18,96),(18,100),(19,65),(19,68),(19,71),(19,72),(19,77),(19,81),(19,83),(19,86),(19,88),(19,90),(19,91),(19,92),(19,93),(19,94),(19,95),(19,96),(19,99),(19,100),(20,61),(20,62),(20,63),(20,64),(20,65),(20,66),(20,68),(20,69),(20,71),(20,72),(20,73),(20,74),(20,75),(20,78),(20,79),(20,82),(20,84),(20,85),(20,86),(20,88),(20,89),(20,90),(20,92),(20,94),(20,96),(20,98),(21,61),(21,62),(21,63),(21,70),(21,74),(21,75),(21,76),(21,77),(21,83),(21,85),(21,87),(21,88),(21,93),(21,94),(21,97),(21,98),(21,100),(22,62),(22,64),(22,67),(22,68),(22,71),(22,72),(22,73),(22,75),(22,78),(22,80),(22,84),(22,90),(22,92),(22,94),(22,95),(22,97),(22,98),(22,99),(23,62),(23,64),(23,66),(23,68),(23,70),(23,71),(23,73),(23,77),(23,79),(23,84),(23,87),(23,88),(23,91),(23,93),(23,94),(23,97),(23,99),(24,62),(24,64),(24,65),(24,67),(24,68),(24,70),(24,71),(24,73),(24,74),(24,75),(24,77),(24,79),(24,84),(24,87),(24,88),(24,89),(24,91),(24,92),(24,93),(24,94),(24,96),(24,97),(24,98),(24,100),(25,62),(25,63),(25,64),(25,67),(25,71),(25,72),(25,74),(25,77),(25,80),(25,81),(25,85),(25,86),(25,87),(25,88),(25,89),(25,91),(25,95),(25,96),(26,61),(26,62),(26,64),(26,65),(26,67),(26,68),(26,73),(26,75),(26,76),(26,79),(26,81),(26,84),(26,85),(26,86),(26,89),(26,92),(26,94),(26,95),(26,98),(27,61),(27,62),(27,64),(27,67),(27,69),(27,70),(27,71),(27,74),(27,75),(27,78),(27,79),(27,82),(27,89),(27,90),(27,91),(27,98),(28,61),(28,63),(28,66),(28,71),(28,73),(28,77),(28,79),(28,83),(28,84),(28,85),(28,89),(28,91),(28,94),(28,97),(28,100),(29,65),(29,67),(29,70),(29,72),(29,73),(29,74),(29,76),(29,78),(29,79),(29,80),(29,83),(29,87),(29,88),(29,89),(29,90),(29,94),(29,96),(29,99),(30,61),(30,62),(30,63),(30,64),(30,66),(30,67),(30,68),(30,69),(30,73),(30,81),(30,82),(30,87),(30,88),(30,89),(30,90),(30,91),(30,92),(30,95),(30,96),(30,97),(30,100),(31,63),(31,65),(31,67),(31,69),(31,72),(31,73),(31,74),(31,76),(31,77),(31,82),(31,83),(31,84),(31,85),(31,86),(31,87),(31,89),(31,94),(31,98),(32,62),(32,64),(32,65),(32,66),(32,67),(32,68),(32,70),(32,73),(32,78),(32,79),(32,80),(32,84),(32,85),(32,87),(32,89),(32,93),(32,94),(32,96),(32,98),(32,99),(33,61),(33,62),(33,64),(33,65),(33,67),(33,68),(33,71),(33,72),(33,73),(33,74),(33,75),(33,78),(33,80),(33,81),(33,82),(33,84),(33,86),(33,87),(33,89),(33,90),(33,99),(33,100),(34,62),(34,63),(34,64),(34,65),(34,68),(34,69),(34,72),(34,75),(34,77),(34,78),(34,79),(34,82),(34,86),(34,91),(34,92),(34,93),(34,94),(34,96),(34,97),(34,98),(34,99),(35,62),(35,64),(35,65),(35,66),(35,70),(35,71),(35,75),(35,79),(35,80),(35,82),(35,83),(35,84),(35,85),(35,87),(35,88),(35,92),(35,98),(35,100),(36,63),(36,65),(36,66),(36,72),(36,76),(36,77),(36,78),(36,80),(36,81),(36,82),(36,84),(36,85),(36,86),(36,88),(36,89),(36,95),(36,98),(36,99),(36,100),(37,61),(37,63),(37,65),(37,66),(37,67),(37,68),(37,69),(37,76),(37,77),(37,78),(37,81),(37,83),(37,85),(37,86),(37,90),(37,92),(37,95),(37,96),(37,100),(38,61),(38,63),(38,65),(38,66),(38,67),(38,70),(38,72),(38,74),(38,77),(38,83),(38,84),(38,85),(38,86),(38,87),(38,92),(38,95),(38,97),(38,99),(38,100),(39,62),(39,64),(39,65),(39,66),(39,67),(39,68),(39,69),(39,71),(39,72),(39,73),(39,77),(39,79),(39,82),(39,83),(39,85),(39,88),(39,89),(39,91),(39,95),(39,100),(40,61),(40,62),(40,66),(40,68),(40,69),(40,70),(40,71),(40,72),(40,74),(40,76),(40,82),(40,83),(40,84),(40,87),(40,88),(40,91),(40,92),(40,93),(40,95),(40,96),(40,97),(40,100),(41,62),(41,63),(41,64),(41,65),(41,66),(41,71),(41,73),(41,75),(41,76),(41,77),(41,78),(41,81),(41,83),(41,86),(41,91),(41,93),(41,94),(41,95),(41,96),(41,98),(41,99),(42,63),(42,66),(42,70),(42,71),(42,73),(42,74),(42,75),(42,82),(42,83),(42,85),(42,86),(42,87),(42,88),(42,90),(42,92),(42,95),(42,96),(42,100),(43,62),(43,63),(43,68),(43,69),(43,71),(43,74),(43,77),(43,78),(43,80),(43,87),(43,88),(43,90),(43,91),(43,93),(43,95),(43,96),(43,99),(44,66),(44,67),(44,70),(44,72),(44,74),(44,76),(44,78),(44,79),(44,82),(44,85),(44,86),(44,88),(44,89),(44,90),(44,92),(44,93),(44,95),(44,96),(44,97),(44,98),(44,99),(45,61),(45,62),(45,63),(45,64),(45,66),(45,67),(45,69),(45,70),(45,71),(45,72),(45,73),(45,75),(45,76),(45,79),(45,81),(45,84),(45,89),(45,90),(45,94),(45,95),(45,98),(46,64),(46,66),(46,67),(46,68),(46,69),(46,70),(46,71),(46,73),(46,74),(46,78),(46,79),(46,80),(46,82),(46,83),(46,85),(46,89),(46,90),(46,93),(46,94),(46,96),(46,97),(46,98),(47,62),(47,63),(47,65),(47,66),(47,67),(47,68),(47,69),(47,70),(47,73),(47,74),(47,76),(47,77),(47,79),(47,81),(47,82),(47,85),(47,86),(47,87),(47,88),(47,89),(47,90),(47,91),(47,93),(47,94),(47,95),(47,97),(47,98),(47,99),(47,100),(48,61),(48,62),(48,63),(48,64),(48,65),(48,66),(48,67),(48,68),(48,69),(48,70),(48,71),(48,73),(48,77),(48,79),(48,80),(48,81),(48,83),(48,88),(48,90),(48,91),(48,92),(48,93),(48,95),(48,97),(48,98),(48,99),(48,100),(49,65),(49,66),(49,68),(49,69),(49,70),(49,73),(49,74),(49,76),(49,77),(49,78),(49,79),(49,81),(49,86),(49,89),(49,93),(49,94),(49,95),(49,97),(50,62),(50,63),(50,64),(50,67),(50,68),(50,69),(50,75),(50,78),(50,79),(50,80),(50,82),(50,83),(50,86),(50,89),(50,91),(50,93),(50,94),(50,95),(50,99),(50,100),(51,62),(51,63),(51,66),(51,69),(51,73),(51,75),(51,76),(51,79),(51,80),(51,81),(51,84),(51,85),(51,86),(51,87),(51,90),(51,92),(51,94),(51,95),(51,96),(51,97),(51,99),(51,100),(52,61),(52,62),(52,64),(52,65),(52,66),(52,67),(52,71),(52,72),(52,73),(52,74),(52,75),(52,76),(52,78),(52,84),(52,85),(52,91),(52,95),(52,96),(52,97),(52,98),(53,61),(53,62),(53,63),(53,64),(53,70),(53,73),(53,78),(53,80),(53,84),(53,85),(53,86),(53,90),(53,91),(53,92),(53,94),(53,99),(53,100),(54,62),(54,63),(54,65),(54,66),(54,70),(54,72),(54,73),(54,74),(54,75),(54,78),(54,80),(54,81),(54,84),(54,85),(54,88),(54,89),(54,90),(54,91),(54,92),(54,93),(54,98),(54,100),(55,63),(55,67),(55,68),(55,73),(55,75),(55,76),(55,77),(55,81),(55,82),(55,83),(55,84),(55,86),(55,87),(55,91),(55,95),(56,61),(56,62),(56,64),(56,67),(56,73),(56,74),(56,78),(56,80),(56,81),(56,82),(56,87),(56,88),(56,91),(56,92),(56,93),(56,95),(56,97),(56,100),(57,63),(57,64),(57,65),(57,67),(57,69),(57,70),(57,73),(57,75),(57,76),(57,79),(57,82),(57,83),(57,86),(57,87),(57,88),(57,90),(57,91),(57,92),(57,93),(57,94),(57,100),(58,65),(58,66),(58,68),(58,69),(58,71),(58,74),(58,75),(58,77),(58,78),(58,81),(58,83),(58,84),(58,85),(58,88),(58,89),(58,91),(58,93),(58,94),(58,97),(58,98),(58,99),(59,61),(59,62),(59,65),(59,67),(59,72),(59,74),(59,75),(59,76),(59,77),(59,80),(59,81),(59,85),(59,87),(59,91),(59,94),(59,95),(59,96),(60,63),(60,65),(60,67),(60,69),(60,70),(60,71),(60,73),(60,75),(60,76),(60,77),(60,78),(60,82),(60,84),(60,87),(60,88),(60,90),(60,94),(60,95),(60,97),(60,98),(61,61),(61,66),(61,74),(61,75),(61,77),(61,85),(61,87),(61,90),(61,93),(61,94),(61,96),(61,97),(61,99),(62,62),(62,63),(62,64),(62,65),(62,67),(62,70),(62,71),(62,74),(62,76),(62,78),(62,79),(62,83),(62,85),(62,88),(62,90),(62,92),(62,94),(62,95),(62,96),(62,99),(62,100),(63,61),(63,62),(63,66),(63,67),(63,68),(63,69),(63,70),(63,72),(63,76),(63,77),(63,78),(63,79),(63,80),(63,82),(63,85),(63,90),(63,91),(63,93),(63,94),(63,96),(63,98),(64,62),(64,63),(64,64),(64,70),(64,72),(64,73),(64,74),(64,81),(64,82),(64,84),(64,87),(64,88),(64,89),(64,93),(64,96),(64,97),(64,99),(64,100),(65,61),(65,63),(65,65),(65,66),(65,67),(65,68),(65,73),(65,76),(65,79),(65,85),(65,88),(65,90),(65,91),(65,92),(65,95),(65,96),(65,97),(65,99),(65,100),(66,61),(66,63),(66,69),(66,73),(66,74),(66,76),(66,79),(66,81),(66,83),(66,84),(66,87),(66,89),(66,90),(66,93),(66,98),(66,99),(66,100),(67,61),(67,66),(67,67),(67,68),(67,70),(67,71),(67,74),(67,75),(67,77),(67,78),(67,79),(67,81),(67,82),(67,85),(67,87),(67,89),(67,90),(67,93),(67,97),(67,100),(68,61),(68,62),(68,66),(68,68),(68,69),(68,71),(68,75),(68,78),(68,79),(68,80),(68,82),(68,84),(68,85),(68,86),(68,87),(68,88),(68,90),(68,91),(68,93),(68,94),(68,96),(68,98),(68,99),(68,100),(69,61),(69,63),(69,64),(69,66),(69,67),(69,69),(69,70),(69,71),(69,73),(69,78),(69,79),(69,84),(69,86),(69,87),(69,92),(69,95),(69,99),(69,100),(70,62),(70,64),(70,66),(70,67),(70,70),(70,71),(70,72),(70,73),(70,74),(70,75),(70,76),(70,78),(70,79),(70,81),(70,87),(70,88),(70,89),(70,91),(70,92),(70,93),(70,94),(70,95),(70,96),(70,97),(70,98),(70,100),(71,61),(71,62),(71,63),(71,65),(71,70),(71,72),(71,73),(71,75),(71,76),(71,77),(71,78),(71,81),(71,84),(71,85),(71,87),(71,88),(71,89),(71,90),(71,91),(71,92),(71,94),(71,97),(71,98),(72,61),(72,62),(72,67),(72,68),(72,71),(72,72),(72,73),(72,74),(72,77),(72,80),(72,81),(72,83),(72,84),(72,87),(72,94),(72,96),(72,99),(72,100),(73,61),(73,62),(73,64),(73,69),(73,71),(73,77),(73,81),(73,82),(73,83),(73,86),(73,87),(73,89),(73,90),(73,94),(73,97),(74,61),(74,62),(74,64),(74,65),(74,68),(74,69),(74,72),(74,73),(74,74),(74,76),(74,77),(74,78),(74,79),(74,81),(74,83),(74,84),(74,87),(74,96),(74,98),(74,99),(75,62),(75,63),(75,65),(75,66),(75,67),(75,69),(75,70),(75,71),(75,74),(75,76),(75,77),(75,78),(75,79),(75,80),(75,81),(75,83),(75,84),(75,86),(75,87),(75,88),(75,89),(75,91),(75,92),(75,94),(75,95),(75,96),(75,98),(75,99),(76,63),(76,64),(76,65),(76,66),(76,72),(76,74),(76,75),(76,76),(76,80),(76,81),(76,83),(76,84),(76,85),(76,87),(76,89),(76,91),(76,94),(76,99),(76,100),(77,63),(77,64),(77,67),(77,69),(77,70),(77,72),(77,76),(77,79),(77,82),(77,84),(77,88),(77,91),(77,93),(77,94),(77,95),(77,97),(77,98),(77,99),(77,100),(78,61),(78,62),(78,68),(78,69),(78,70),(78,71),(78,72),(78,75),(78,78),(78,79),(78,80),(78,81),(78,84),(78,85),(78,86),(78,87),(78,89),(78,93),(78,94),(78,95),(78,100),(79,61),(79,62),(79,63),(79,64),(79,71),(79,73),(79,74),(79,77),(79,78),(79,82),(79,83),(79,84),(79,85),(79,86),(79,88),(79,91),(79,92),(79,93),(79,95),(79,96),(79,97),(79,99),(79,100),(80,62),(80,63),(80,64),(80,65),(80,66),(80,67),(80,68),(80,73),(80,77),(80,79),(80,80),(80,81),(80,82),(80,83),(80,85),(80,87),(80,88),(80,90),(80,95),(80,97),(80,98),(80,99),(80,100),(81,63),(81,64),(81,65),(81,67),(81,69),(81,70),(81,73),(81,74),(81,75),(81,76),(81,79),(81,81),(81,82),(81,83),(81,88),(81,90),(81,91),(81,92),(81,93),(81,94),(81,95),(81,96),(81,98),(82,62),(82,63),(82,64),(82,65),(82,67),(82,70),(82,72),(82,74),(82,75),(82,78),(82,79),(82,81),(82,82),(82,83),(82,84),(82,86),(82,87),(82,88),(82,90),(82,91),(82,95),(82,96),(82,98),(82,99),(82,100),(83,62),(83,63),(83,64),(83,69),(83,72),(83,75),(83,76),(83,78),(83,80),(83,81),(83,82),(83,85),(83,86),(83,88),(83,97),(84,62),(84,65),(84,67),(84,70),(84,71),(84,74),(84,78),(84,81),(84,84),(84,86),(84,89),(84,91),(84,95),(84,100),(85,61),(85,62),(85,63),(85,64),(85,66),(85,67),(85,68),(85,69),(85,70),(85,73),(85,74),(85,75),(85,80),(85,81),(85,88),(85,89),(85,92),(85,93),(85,95),(85,97),(86,62),(86,64),(86,65),(86,69),(86,72),(86,75),(86,78),(86,79),(86,80),(86,83),(86,86),(86,90),(86,95),(86,96),(86,97),(86,98),(86,99),(86,100),(87,61),(87,62),(87,64),(87,65),(87,66),(87,68),(87,69),(87,70),(87,71),(87,72),(87,73),(87,74),(87,78),(87,79),(87,80),(87,82),(87,83),(87,86),(87,87),(87,89),(87,90),(87,92),(87,94),(87,95),(87,96),(87,100),(88,61),(88,62),(88,65),(88,68),(88,69),(88,70),(88,71),(88,72),(88,73),(88,74),(88,75),(88,76),(88,79),(88,80),(88,83),(88,89),(88,92),(88,93),(88,95),(88,96),(88,98),(89,61),(89,62),(89,63),(89,64),(89,67),(89,68),(89,71),(89,73),(89,77),(89,80),(89,81),(89,83),(89,84),(89,87),(89,88),(89,92),(89,93),(89,95),(89,96),(89,98),(89,99),(89,100),(90,61),(90,64),(90,65),(90,67),(90,71),(90,72),(90,76),(90,77),(90,78),(90,80),(90,83),(90,85),(90,87),(90,89),(90,90),(90,96),(90,98),(91,62),(91,63),(91,66),(91,68),(91,69),(91,70),(91,72),(91,75),(91,77),(91,79),(91,80),(91,82),(91,87),(91,90),(91,91),(91,93),(91,96),(91,98),(91,99),(92,61),(92,63),(92,70),(92,71),(92,72),(92,76),(92,77),(92,82),(92,83),(92,85),(92,87),(92,88),(92,89),(92,93),(92,94),(92,97),(92,98),(92,100),(93,63),(93,66),(93,67),(93,68),(93,69),(93,74),(93,75),(93,76),(93,77),(93,78),(93,79),(93,81),(93,83),(93,84),(93,86),(93,87),(93,88),(93,93),(93,94),(93,95),(93,97),(93,98),(93,99),(94,61),(94,62),(94,63),(94,64),(94,65),(94,66),(94,67),(94,70),(94,74),(94,76),(94,78),(94,79),(94,80),(94,83),(94,85),(94,87),(94,88),(94,89),(94,90),(94,92),(94,93),(94,94),(94,95),(94,96),(94,99),(95,65),(95,66),(95,67),(95,68),(95,69),(95,72),(95,75),(95,80),(95,85),(95,86),(95,87),(95,93),(95,97),(95,98),(95,99),(95,100),(96,61),(96,62),(96,63),(96,64),(96,65),(96,66),(96,69),(96,70),(96,71),(96,73),(96,75),(96,76),(96,77),(96,78),(96,80),(96,81),(96,82),(96,83),(96,88),(96,93),(96,94),(96,95),(96,96),(97,61),(97,62),(97,64),(97,67),(97,68),(97,71),(97,72),(97,75),(97,77),(97,78),(97,79),(97,80),(97,81),(97,82),(97,84),(97,86),(97,89),(97,90),(97,92),(97,93),(97,95),(97,97),(97,98),(97,99),(97,100),(98,61),(98,63),(98,64),(98,70),(98,75),(98,77),(98,78),(98,79),(98,81),(98,82),(98,85),(98,87),(98,88),(98,91),(98,92),(98,95),(98,100),(99,62),(99,63),(99,64),(99,65),(99,66),(99,67),(99,69),(99,70),(99,77),(99,78),(99,80),(99,83),(99,84),(99,85),(99,89),(99,91),(99,92),(99,94),(99,95),(100,62),(100,64),(100,65),(100,66),(100,67),(100,70),(100,72),(100,73),(100,75),(100,76),(100,77),(100,78),(100,79),(100,80),(100,86),(100,87),(100,92),(100,95),(100,100),(101,63),(101,64),(101,70),(101,72),(101,73),(101,76),(101,81),(101,82),(101,85),(101,87),(101,88),(101,89),(101,91),(101,92),(101,93),(101,95),(101,100),(102,64),(102,68),(102,70),(102,73),(102,76),(102,81),(102,83),(102,84),(102,88),(102,89),(102,91),(102,93),(102,100),(103,61),(103,62),(103,65),(103,68),(103,69),(103,70),(103,72),(103,73),(103,75),(103,77),(103,79),(103,81),(103,84),(103,85),(103,91),(103,93),(103,94),(103,95),(103,97),(103,98),(103,99),(104,61),(104,62),(104,63),(104,64),(104,66),(104,69),(104,70),(104,71),(104,72),(104,74),(104,77),(104,81),(104,82),(104,85),(104,86),(104,87),(104,88),(104,91),(104,92),(104,93),(104,95),(104,96),(104,97),(104,99),(104,100),(105,61),(105,63),(105,64),(105,66),(105,67),(105,69),(105,70),(105,72),(105,75),(105,76),(105,77),(105,78),(105,79),(105,81),(105,83),(105,84),(105,87),(105,88),(105,91),(105,95),(105,99),(106,61),(106,69),(106,71),(106,72),(106,73),(106,75),(106,80),(106,82),(106,84),(106,85),(106,86),(106,87),(106,88),(106,93),(106,94),(106,95),(106,97),(106,100),(107,63),(107,65),(107,68),(107,70),(107,72),(107,73),(107,74),(107,75),(107,76),(107,78),(107,79),(107,82),(107,84),(107,88),(107,91),(107,95),(107,97),(107,98),(108,61),(108,62),(108,63),(108,64),(108,66),(108,67),(108,69),(108,71),(108,72),(108,74),(108,75),(108,77),(108,79),(108,80),(108,81),(108,82),(108,84),(108,87),(108,90),(108,91),(108,92),(108,94),(108,97),(108,98),(109,62),(109,67),(109,72),(109,74),(109,76),(109,81),(109,82),(109,83),(109,84),(109,85),(109,86),(109,90),(109,91),(109,92),(109,93),(109,94),(109,97),(109,100),(110,63),(110,66),(110,68),(110,69),(110,73),(110,74),(110,75),(110,77),(110,78),(110,79),(110,80),(110,81),(110,82),(110,83),(110,85),(110,86),(110,88),(110,89),(110,94),(110,95),(110,98),(110,99),(111,61),(111,62),(111,63),(111,64),(111,65),(111,69),(111,72),(111,73),(111,75),(111,78),(111,82),(111,84),(111,85),(111,88),(111,89),(111,90),(111,93),(111,94),(111,96),(111,97),(111,98),(111,100),(112,61),(112,62),(112,63),(112,64),(112,67),(112,71),(112,73),(112,75),(112,76),(112,77),(112,78),(112,79),(112,80),(112,81),(112,84),(112,85),(112,88),(112,89),(112,91),(112,93),(112,94),(112,95),(112,97),(112,98),(112,99),(112,100),(113,61),(113,62),(113,65),(113,66),(113,67),(113,68),(113,74),(113,76),(113,78),(113,79),(113,80),(113,82),(113,85),(113,87),(113,88),(113,89),(113,90),(113,92),(113,93),(113,94),(113,95),(113,96),(113,97),(113,98),(114,61),(114,62),(114,63),(114,64),(114,66),(114,68),(114,69),(114,70),(114,72),(114,74),(114,75),(114,77),(114,78),(114,79),(114,80),(114,83),(114,87),(114,88),(114,89),(114,92),(114,93),(114,94),(114,96),(114,98),(114,100),(115,62),(115,65),(115,72),(115,73),(115,74),(115,76),(115,77),(115,79),(115,84),(115,85),(115,87),(115,88),(115,90),(115,91),(115,94),(115,97),(115,99),(116,62),(116,64),(116,67),(116,68),(116,70),(116,71),(116,75),(116,77),(116,78),(116,81),(116,82),(116,83),(116,86),(116,87),(116,89),(116,90),(116,91),(116,92),(116,93),(116,94),(116,95),(116,96),(116,97),(116,98),(116,99),(117,61),(117,66),(117,67),(117,69),(117,70),(117,71),(117,72),(117,74),(117,75),(117,76),(117,78),(117,79),(117,82),(117,84),(117,85),(117,87),(117,88),(117,89),(117,91),(117,93),(117,94),(117,98),(118,61),(118,62),(118,64),(118,66),(118,69),(118,70),(118,73),(118,74),(118,76),(118,78),(118,80),(118,81),(118,82),(118,84),(118,85),(118,88),(118,89),(118,91),(118,92),(118,93),(118,97),(118,98),(118,99),(119,61),(119,62),(119,64),(119,67),(119,68),(119,70),(119,73),(119,74),(119,75),(119,76),(119,79),(119,83),(119,84),(119,86),(119,88),(119,90),(119,94),(119,95),(119,97),(119,98),(120,62),(120,64),(120,65),(120,66),(120,67),(120,70),(120,72),(120,75),(120,77),(120,80),(120,83),(120,84),(120,85),(120,86),(120,87),(120,88),(120,91),(120,94),(120,96),(120,98),(120,99),(121,61),(121,62),(121,64),(121,65),(121,66),(121,67),(121,69),(121,70),(121,74),(121,75),(121,76),(121,78),(121,79),(121,80),(121,81),(121,82),(121,85),(121,90),(121,92),(121,93),(121,94),(121,95),(121,98),(121,99),(122,61),(122,63),(122,64),(122,67),(122,69),(122,70),(122,75),(122,76),(122,77),(122,78),(122,80),(122,81),(122,82),(122,83),(122,87),(122,89),(122,90),(122,94),(122,95),(122,96),(122,97),(122,98),(123,62),(123,64),(123,66),(123,67),(123,69),(123,72),(123,73),(123,74),(123,78),(123,80),(123,81),(123,83),(123,85),(123,87),(123,88),(123,89),(123,90),(123,91),(123,93),(123,96),(123,97),(123,99),(124,67),(124,70),(124,71),(124,77),(124,78),(124,79),(124,80),(124,85),(124,87),(124,92),(124,93),(124,94),(124,95),(124,98),(124,99),(125,61),(125,62),(125,63),(125,64),(125,67),(125,68),(125,71),(125,74),(125,81),(125,83),(125,84),(125,85),(125,86),(125,88),(125,89),(125,90),(125,92),(125,93),(125,97),(125,99),(126,62),(126,63),(126,65),(126,68),(126,73),(126,74),(126,78),(126,79),(126,80),(126,81),(126,84),(126,85),(126,86),(126,88),(126,91),(126,93),(126,94),(126,96),(126,97),(127,63),(127,64),(127,67),(127,69),(127,70),(127,71),(127,72),(127,75),(127,76),(127,77),(127,78),(127,80),(127,81),(127,82),(127,83),(127,84),(127,85),(127,87),(127,90),(127,92),(127,94),(127,95),(127,98),(127,99),(128,61),(128,62),(128,64),(128,65),(128,68),(128,72),(128,73),(128,74),(128,76),(128,77),(128,81),(128,82),(128,83),(128,85),(128,86),(128,95),(128,97),(128,99),(128,100),(129,61),(129,62),(129,63),(129,65),(129,66),(129,67),(129,70),(129,74),(129,77),(129,79),(129,83),(129,84),(129,90),(129,91),(129,92),(129,93),(129,94),(129,95),(129,96),(129,97),(129,99),(130,61),(130,62),(130,64),(130,67),(130,70),(130,71),(130,72),(130,76),(130,77),(130,79),(130,80),(130,82),(130,83),(130,84),(130,87),(130,88),(130,92),(130,96),(130,97),(130,98),(130,99),(131,61),(131,63),(131,64),(131,65),(131,67),(131,69),(131,71),(131,72),(131,74),(131,75),(131,78),(131,83),(131,85),(131,87),(131,92),(131,93),(131,95),(131,96),(131,97),(131,98),(131,99),(132,63),(132,66),(132,67),(132,69),(132,70),(132,71),(132,73),(132,74),(132,77),(132,80),(132,82),(132,84),(132,85),(132,88),(132,89),(132,93),(132,94),(132,95),(132,96),(132,98),(132,99),(132,100),(133,62),(133,63),(133,64),(133,66),(133,67),(133,70),(133,72),(133,73),(133,76),(133,78),(133,80),(133,81),(133,84),(133,87),(133,89),(133,90),(133,92),(133,93),(133,96),(133,97),(133,98),(133,99),(133,100),(134,61),(134,63),(134,64),(134,65),(134,68),(134,69),(134,71),(134,72),(134,77),(134,78),(134,79),(134,81),(134,92),(134,98),(135,63),(135,64),(135,66),(135,67),(135,70),(135,73),(135,76),(135,78),(135,81),(135,84),(135,89),(135,91),(135,92),(135,93),(135,97),(135,98),(135,100),(136,63),(136,64),(136,66),(136,67),(136,68),(136,70),(136,73),(136,74),(136,75),(136,77),(136,79),(136,83),(136,85),(136,88),(136,90),(136,92),(136,94),(136,95),(136,96),(136,97),(136,99),(137,61),(137,63),(137,67),(137,70),(137,72),(137,73),(137,74),(137,75),(137,77),(137,78),(137,88),(137,89),(137,90),(137,91),(137,93),(137,95),(137,96),(137,100),(138,63),(138,64),(138,69),(138,70),(138,72),(138,73),(138,75),(138,78),(138,79),(138,81),(138,82),(138,83),(138,85),(138,86),(138,87),(138,88),(138,89),(138,91),(138,92),(138,93),(138,94),(138,99),(139,64),(139,66),(139,68),(139,71),(139,72),(139,73),(139,77),(139,79),(139,80),(139,81),(139,82),(139,85),(139,86),(139,87),(139,90),(139,95),(139,98),(140,61),(140,62),(140,63),(140,64),(140,65),(140,66),(140,67),(140,68),(140,69),(140,70),(140,71),(140,73),(140,75),(140,77),(140,78),(140,79),(140,81),(140,85),(140,87),(140,90),(140,91),(140,93),(140,95),(140,97),(140,98),(140,99),(140,100),(141,61),(141,68),(141,69),(141,70),(141,71),(141,76),(141,78),(141,79),(141,81),(141,84),(141,87),(141,90),(141,94),(141,96),(141,97),(141,98),(141,100),(142,62),(142,68),(142,69),(142,70),(142,73),(142,74),(142,77),(142,78),(142,79),(142,80),(142,81),(142,83),(142,85),(142,86),(142,88),(142,89),(142,92),(142,93),(142,95),(142,98),(142,100),(143,64),(143,67),(143,68),(143,71),(143,72),(143,75),(143,77),(143,79),(143,81),(143,82),(143,83),(143,88),(143,91),(143,93),(143,94),(143,100),(144,62),(144,65),(144,69),(144,70),(144,71),(144,72),(144,75),(144,77),(144,79),(144,80),(144,82),(144,83),(144,85),(144,86),(144,87),(144,88),(144,90),(144,91),(144,95),(144,97),(144,98),(144,100),(145,63),(145,65),(145,69),(145,72),(145,73),(145,75),(145,77),(145,78),(145,80),(145,81),(145,83),(145,84),(145,86),(145,89),(145,90),(145,91),(145,92),(145,93),(145,94),(145,95),(145,96),(145,97),(145,99),(146,62),(146,63),(146,64),(146,65),(146,66),(146,67),(146,69),(146,70),(146,71),(146,72),(146,74),(146,75),(146,77),(146,78),(146,80),(146,81),(146,88),(146,89),(146,90),(146,93),(146,95),(146,96),(146,100),(147,61),(147,63),(147,65),(147,66),(147,67),(147,68),(147,72),(147,73),(147,74),(147,76),(147,77),(147,78),(147,80),(147,82),(147,83),(147,84),(147,85),(147,88),(147,89),(147,91),(147,94),(147,95),(147,98),(147,99),(147,100),(148,64),(148,65),(148,69),(148,73),(148,75),(148,76),(148,78),(148,80),(148,82),(148,83),(148,84),(148,85),(148,94),(148,95),(148,98),(148,100),(149,62),(149,63),(149,64),(149,65),(149,66),(149,67),(149,68),(149,69),(149,71),(149,72),(149,73),(149,74),(149,75),(149,76),(149,79),(149,83),(149,84),(149,85),(149,89),(149,90),(149,93),(149,95),(149,98),(149,99),(149,100),(150,62),(150,65),(150,67),(150,68),(150,69),(150,74),(150,75),(150,78),(150,80),(150,81),(150,82),(150,86),(150,88),(150,90),(150,92),(150,93),(150,95),(150,100),(151,62),(151,63),(151,65),(151,67),(151,68),(151,71),(151,74),(151,79),(151,80),(151,83),(151,84),(151,87),(151,90),(151,91),(151,94),(151,95),(151,96),(151,97),(151,98),(151,100),(152,61),(152,63),(152,65),(152,66),(152,67),(152,68),(152,73),(152,75),(152,77),(152,78),(152,81),(152,82),(152,83),(152,85),(152,88),(152,90),(152,94),(152,98),(152,99),(153,64),(153,65),(153,67),(153,68),(153,69),(153,70),(153,72),(153,74),(153,75),(153,78),(153,80),(153,81),(153,82),(153,84),(153,87),(153,94),(153,95),(153,97),(153,99),(153,100),(154,61),(154,62),(154,63),(154,65),(154,68),(154,69),(154,70),(154,73),(154,76),(154,78),(154,79),(154,82),(154,83),(154,86),(154,87),(154,90),(154,91),(154,95),(154,97),(154,99),(154,100),(155,63),(155,66),(155,68),(155,71),(155,72),(155,73),(155,76),(155,79),(155,82),(155,83),(155,85),(155,87),(155,94),(155,96),(155,97),(155,98),(155,99),(155,100),(156,62),(156,63),(156,64),(156,66),(156,67),(156,68),(156,69),(156,70),(156,71),(156,73),(156,74),(156,75),(156,76),(156,78),(156,83),(156,84),(156,85),(156,87),(156,88),(156,90),(156,91),(156,92),(156,93),(156,94),(156,95),(156,97),(156,99),(156,100),(157,61),(157,65),(157,68),(157,70),(157,72),(157,80),(157,82),(157,85),(157,87),(157,90),(157,92),(157,95),(157,96),(157,97),(157,100),(158,61),(158,64),(158,66),(158,67),(158,72),(158,73),(158,76),(158,78),(158,81),(158,82),(158,83),(158,84),(158,88),(158,90),(158,92),(158,93),(158,94),(158,97),(158,100),(159,61),(159,66),(159,70),(159,73),(159,74),(159,77),(159,78),(159,80),(159,83),(159,85),(159,88),(159,90),(159,95),(159,97),(159,98),(159,99),(160,63),(160,64),(160,65),(160,66),(160,68),(160,71),(160,72),(160,76),(160,79),(160,80),(160,82),(160,83),(160,84),(160,89),(160,92),(160,93),(160,95),(160,96),(160,97),(160,100),(161,64),(161,65),(161,66),(161,68),(161,74),(161,75),(161,78),(161,80),(161,83),(161,84),(161,85),(161,87),(161,90),(161,91),(161,92),(161,93),(161,95),(161,97),(161,98),(161,99),(162,61),(162,68),(162,69),(162,70),(162,72),(162,74),(162,76),(162,77),(162,80),(162,83),(162,84),(162,88),(162,89),(162,93),(162,95),(162,97),(162,100),(163,61),(163,65),(163,66),(163,68),(163,71),(163,72),(163,73),(163,74),(163,75),(163,76),(163,82),(163,83),(163,84),(163,86),(163,87),(163,88),(163,89),(163,90),(163,93),(163,95),(163,98),(164,63),(164,64),(164,66),(164,68),(164,69),(164,70),(164,73),(164,76),(164,79),(164,80),(164,85),(164,87),(164,91),(164,94),(164,95),(164,98),(164,99),(165,61),(165,62),(165,68),(165,69),(165,70),(165,73),(165,75),(165,76),(165,77),(165,81),(165,82),(165,84),(165,85),(165,86),(165,87),(165,88),(165,92),(165,93),(165,94),(165,98),(165,99),(165,100),(166,64),(166,66),(166,67),(166,70),(166,71),(166,72),(166,73),(166,75),(166,80),(166,82),(166,86),(166,87),(166,89),(166,90),(166,92),(166,93),(166,94),(166,97),(166,99),(166,100),(167,61),(167,63),(167,65),(167,66),(167,67),(167,69),(167,72),(167,73),(167,74),(167,75),(167,77),(167,78),(167,79),(167,81),(167,82),(167,83),(167,86),(167,88),(167,91),(167,97),(167,98),(167,99),(167,100),(168,64),(168,65),(168,66),(168,69),(168,70),(168,71),(168,72),(168,73),(168,74),(168,76),(168,77),(168,78),(168,79),(168,80),(168,83),(168,85),(168,87),(168,88),(168,89),(168,91),(168,92),(168,94),(168,95),(168,96),(168,98),(169,65),(169,67),(169,68),(169,69),(169,70),(169,71),(169,73),(169,74),(169,78),(169,79),(169,82),(169,83),(169,85),(169,86),(169,87),(169,88),(169,89),(169,91),(169,93),(169,94),(169,95),(169,97),(170,61),(170,63),(170,64),(170,67),(170,68),(170,73),(170,74),(170,76),(170,78),(170,79),(170,83),(170,84),(170,85),(170,87),(170,88),(170,89),(170,90),(170,93),(170,94),(170,95),(170,98),(170,99),(171,62),(171,63),(171,64),(171,66),(171,67),(171,68),(171,70),(171,71),(171,78),(171,82),(171,85),(171,86),(171,87),(171,90),(171,91),(171,92),(171,95),(171,96),(171,97),(171,98),(171,99),(172,63),(172,67),(172,71),(172,72),(172,78),(172,83),(172,84),(172,85),(172,87),(172,88),(172,89),(172,90),(172,92),(172,94),(172,99),(172,100),(173,62),(173,63),(173,64),(173,65),(173,66),(173,67),(173,68),(173,70),(173,75),(173,76),(173,78),(173,79),(173,82),(173,85),(173,86),(173,88),(173,90),(173,93),(173,96),(173,98),(173,99),(174,63),(174,65),(174,69),(174,70),(174,73),(174,75),(174,77),(174,78),(174,81),(174,82),(174,83),(174,86),(174,87),(174,88),(174,89),(174,90),(174,92),(174,96),(174,97),(174,98),(174,99),(175,64),(175,68),(175,74),(175,75),(175,78),(175,80),(175,82),(175,84),(175,85),(175,87),(175,89),(175,90),(175,91),(175,94),(175,95),(175,96),(175,97),(175,98),(176,64),(176,65),(176,66),(176,67),(176,72),(176,73),(176,85),(176,87),(176,91),(176,92),(176,93),(176,95),(176,97),(176,98),(176,99),(176,100),(177,61),(177,62),(177,66),(177,67),(177,71),(177,72),(177,73),(177,76),(177,77),(177,80),(177,82),(177,83),(177,86),(177,87),(177,88),(177,89),(177,92),(177,93),(177,95),(177,96),(177,97),(177,98),(178,61),(178,62),(178,65),(178,67),(178,74),(178,75),(178,76),(178,77),(178,79),(178,82),(178,84),(178,85),(178,86),(178,91),(178,93),(178,94),(178,98),(178,99),(178,100),(179,61),(179,63),(179,66),(179,67),(179,71),(179,73),(179,74),(179,76),(179,78),(179,81),(179,82),(179,83),(179,86),(179,90),(179,92),(179,96),(179,97),(179,98),(179,100),(180,61),(180,64),(180,67),(180,69),(180,70),(180,71),(180,72),(180,75),(180,78),(180,79),(180,82),(180,88),(180,89),(180,90),(180,95),(180,96),(180,97),(180,98),(181,61),(181,62),(181,64),(181,65),(181,66),(181,69),(181,70),(181,76),(181,77),(181,79),(181,80),(181,82),(181,84),(181,89),(181,93),(181,98),(182,62),(182,63),(182,64),(182,69),(182,71),(182,74),(182,75),(182,78),(182,79),(182,80),(182,81),(182,84),(182,85),(182,86),(182,89),(182,90),(182,91),(182,92),(182,95),(182,96),(182,97),(182,98),(182,99),(182,100),(183,62),(183,63),(183,65),(183,66),(183,70),(183,71),(183,72),(183,73),(183,74),(183,76),(183,78),(183,79),(183,84),(183,85),(183,87),(183,88),(183,91),(183,92),(183,95),(183,96),(183,99),(184,64),(184,65),(184,66),(184,68),(184,69),(184,75),(184,79),(184,81),(184,83),(184,84),(184,86),(184,88),(184,89),(184,92),(184,95),(184,98),(184,99),(184,100),(185,61),(185,62),(185,64),(185,65),(185,66),(185,67),(185,69),(185,70),(185,72),(185,76),(185,78),(185,80),(185,82),(185,83),(185,84),(185,85),(185,87),(185,90),(185,91),(185,92),(185,93),(185,94),(185,96),(186,61),(186,67),(186,71),(186,76),(186,77),(186,80),(186,82),(186,86),(186,89),(186,90),(186,92),(186,93),(186,94),(186,97),(186,98),(186,99),(186,100),(187,61),(187,63),(187,64),(187,65),(187,66),(187,67),(187,68),(187,70),(187,73),(187,74),(187,76),(187,77),(187,78),(187,79),(187,81),(187,86),(187,88),(187,91),(187,94),(187,95),(187,97),(187,98),(188,65),(188,66),(188,67),(188,69),(188,71),(188,72),(188,73),(188,74),(188,78),(188,79),(188,80),(188,84),(188,85),(188,86),(188,89),(188,91),(188,92),(188,94),(188,96),(188,98),(188,99),(189,61),(189,62),(189,64),(189,65),(189,66),(189,68),(189,70),(189,71),(189,74),(189,75),(189,76),(189,77),(189,78),(189,79),(189,81),(189,86),(189,87),(189,92),(189,93),(189,94),(189,95),(189,97),(190,61),(190,62),(190,64),(190,65),(190,67),(190,68),(190,69),(190,72),(190,73),(190,75),(190,77),(190,78),(190,80),(190,81),(190,83),(190,86),(190,87),(190,88),(190,89),(190,93),(190,94),(190,98),(190,99),(190,100),(191,62),(191,64),(191,67),(191,68),(191,69),(191,70),(191,72),(191,73),(191,74),(191,75),(191,76),(191,77),(191,81),(191,86),(191,87),(191,90),(191,91),(191,98),(191,99),(192,61),(192,63),(192,64),(192,67),(192,68),(192,71),(192,72),(192,73),(192,76),(192,77),(192,84),(192,85),(192,86),(192,89),(192,93),(192,98),(192,100),(193,61),(193,62),(193,63),(193,64),(193,65),(193,67),(193,69),(193,71),(193,72),(193,74),(193,75),(193,77),(193,78),(193,79),(193,83),(193,88),(193,89),(193,93),(193,94),(193,95),(193,96),(193,97),(193,98),(193,99),(194,61),(194,66),(194,67),(194,73),(194,74),(194,76),(194,79),(194,82),(194,84),(194,86),(194,87),(194,89),(194,92),(194,93),(194,95),(194,98),(194,99),(195,62),(195,63),(195,64),(195,65),(195,69),(195,70),(195,71),(195,73),(195,74),(195,75),(195,77),(195,78),(195,79),(195,82),(195,84),(195,86),(195,89),(195,91),(195,93),(195,98),(195,100),(196,61),(196,62),(196,63),(196,65),(196,66),(196,68),(196,70),(196,71),(196,79),(196,82),(196,84),(196,85),(196,86),(196,89),(196,90),(196,94),(196,95),(196,96),(196,98),(196,99),(196,100),(197,61),(197,62),(197,66),(197,67),(197,70),(197,72),(197,73),(197,74),(197,75),(197,78),(197,80),(197,81),(197,84),(197,85),(197,87),(197,88),(197,89),(197,90),(197,91),(197,94),(197,95),(197,96),(197,100),(198,62),(198,64),(198,66),(198,67),(198,68),(198,69),(198,70),(198,74),(198,75),(198,77),(198,79),(198,80),(198,81),(198,83),(198,87),(198,90),(198,92),(198,93),(198,96),(198,97),(198,98),(198,99),(199,62),(199,63),(199,64),(199,65),(199,67),(199,68),(199,69),(199,70),(199,72),(199,73),(199,76),(199,77),(199,79),(199,81),(199,83),(199,85),(199,86),(199,88),(199,89),(199,90),(199,92),(199,93),(199,95),(199,97),(199,98),(200,61),(200,62),(200,71),(200,72),(200,74),(200,76),(200,79),(200,80),(200,81),(200,83),(200,85),(200,86),(200,87),(200,92),(200,94),(200,98),(200,100),(201,62),(201,71),(201,74),(201,75),(201,77),(201,78),(201,82),(201,83),(201,86),(201,91),(201,92),(201,93),(201,95),(201,97),(201,99),(202,65),(202,68),(202,70),(202,71),(202,72),(202,73),(202,74),(202,78),(202,79),(202,80),(202,82),(202,84),(202,86),(202,87),(202,88),(202,89),(202,90),(202,94),(202,98),(202,100),(203,62),(203,63),(203,65),(203,66),(203,69),(203,71),(203,73),(203,77),(203,79),(203,82),(203,83),(203,84),(203,86),(203,87),(203,89),(203,92),(203,93),(203,94),(203,97),(203,100),(204,70),(204,71),(204,72),(204,73),(204,78),(204,79),(204,80),(204,83),(204,86),(204,88),(204,92),(204,93),(204,96),(204,97),(204,98),(205,61),(205,67),(205,69),(205,72),(205,73),(205,76),(205,77),(205,83),(205,84),(205,86),(205,88),(205,89),(205,91),(205,92),(205,96),(205,97),(206,62),(206,63),(206,66),(206,67),(206,69),(206,70),(206,71),(206,74),(206,76),(206,77),(206,78),(206,79),(206,80),(206,81),(206,82),(206,84),(206,85),(206,86),(206,89),(206,92),(206,94),(206,96),(206,97),(206,98),(206,99),(207,64),(207,66),(207,71),(207,73),(207,75),(207,78),(207,81),(207,87),(207,89),(207,91),(207,94),(207,97),(207,98),(207,99),(207,100),(208,61),(208,62),(208,63),(208,64),(208,66),(208,67),(208,70),(208,71),(208,75),(208,79),(208,80),(208,81),(208,84),(208,88),(208,89),(208,92),(208,93),(208,94),(208,96),(208,97),(208,98),(208,99),(209,61),(209,63),(209,66),(209,68),(209,71),(209,73),(209,76),(209,77),(209,78),(209,79),(209,83),(209,84),(209,85),(209,86),(209,87),(209,89),(209,93),(209,94),(209,96),(209,98),(209,99),(210,61),(210,66),(210,67),(210,68),(210,75),(210,80),(210,82),(210,83),(210,84),(210,85),(210,87),(210,88),(210,89),(210,90),(210,91),(210,92),(210,93),(210,94),(210,96),(210,97),(210,99),(211,62),(211,68),(211,69),(211,71),(211,72),(211,73),(211,74),(211,77),(211,79),(211,80),(211,81),(211,85),(211,86),(211,88),(211,89),(211,90),(211,91),(211,92),(211,94),(211,95),(211,96),(211,97),(211,98),(211,100),(212,62),(212,64),(212,67),(212,70),(212,71),(212,74),(212,76),(212,77),(212,78),(212,79),(212,81),(212,82),(212,83),(212,84),(212,85),(212,87),(212,89),(212,90),(212,91),(212,92),(212,93),(212,96),(212,98),(212,99),(212,100),(213,61),(213,62),(213,63),(213,66),(213,67),(213,69),(213,71),(213,72),(213,73),(213,74),(213,78),(213,79),(213,82),(213,90),(213,91),(213,92),(213,93),(213,95),(213,98),(213,99),(214,64),(214,65),(214,67),(214,69),(214,70),(214,71),(214,72),(214,73),(214,74),(214,76),(214,79),(214,80),(214,85),(214,88),(214,91),(214,97),(215,61),(215,68),(215,69),(215,70),(215,71),(215,72),(215,74),(215,75),(215,77),(215,79),(215,80),(215,81),(215,84),(215,86),(215,87),(215,88),(215,89),(215,90),(215,91),(215,92),(215,93),(215,94),(215,95),(215,96),(215,97),(215,98),(215,100),(216,62),(216,65),(216,68),(216,69),(216,71),(216,72),(216,80),(216,82),(216,85),(216,86),(216,88),(216,89),(216,90),(216,91),(216,92),(216,98),(217,61),(217,64),(217,66),(217,67),(217,68),(217,69),(217,71),(217,73),(217,74),(217,75),(217,78),(217,79),(217,80),(217,81),(217,82),(217,83),(217,84),(217,85),(217,86),(217,87),(217,88),(217,89),(217,90),(217,92),(217,93),(217,94),(217,95),(217,96),(217,100),(218,62),(218,63),(218,67),(218,68),(218,69),(218,70),(218,72),(218,73),(218,76),(218,78),(218,82),(218,84),(218,85),(218,86),(218,90),(218,92),(218,93),(218,95),(218,98),(218,100),(219,62),(219,63),(219,65),(219,66),(219,69),(219,70),(219,72),(219,74),(219,76),(219,78),(219,80),(219,81),(219,82),(219,85),(219,86),(219,88),(219,90),(219,93),(219,95),(219,96),(219,100),(220,61),(220,62),(220,63),(220,64),(220,68),(220,70),(220,71),(220,76),(220,77),(220,78),(220,79),(220,82),(220,87),(220,88),(220,91),(220,92),(220,93),(220,94),(220,95),(220,99),(220,100),(221,63),(221,65),(221,66),(221,67),(221,68),(221,69),(221,74),(221,75),(221,76),(221,79),(221,80),(221,81),(221,85),(221,86),(221,87),(221,88),(221,90),(221,95),(221,96),(221,97),(222,62),(222,63),(222,65),(222,70),(222,71),(222,74),(222,75),(222,77),(222,78),(222,80),(222,82),(222,85),(222,86),(222,87),(222,91),(222,93),(222,97),(222,100),(223,63),(223,65),(223,66),(223,67),(223,71),(223,72),(223,73),(223,74),(223,77),(223,79),(223,83),(223,85),(223,87),(223,88),(223,90),(223,91),(223,92),(223,97),(223,98),(224,61),(224,62),(224,63),(224,64),(224,65),(224,67),(224,69),(224,72),(224,73),(224,74),(224,75),(224,80),(224,81),(224,83),(224,88),(224,89),(224,90),(224,92),(224,95),(224,98),(225,62),(225,63),(225,64),(225,66),(225,67),(225,70),(225,72),(225,75),(225,76),(225,81),(225,82),(225,83),(225,85),(225,87),(225,88),(225,94),(225,95),(225,98),(226,61),(226,62),(226,63),(226,67),(226,68),(226,70),(226,73),(226,75),(226,76),(226,77),(226,80),(226,82),(226,84),(226,85),(226,86),(226,87),(226,88),(226,91),(226,93),(226,94),(226,95),(226,97),(226,98),(227,61),(227,62),(227,63),(227,64),(227,65),(227,69),(227,71),(227,73),(227,77),(227,78),(227,81),(227,82),(227,84),(227,85),(227,86),(227,89),(227,90),(227,91),(227,92),(227,98),(228,65),(228,69),(228,71),(228,73),(228,75),(228,76),(228,78),(228,79),(228,80),(228,81),(228,82),(228,83),(228,85),(228,88),(228,89),(228,91),(228,93),(228,95),(228,97),(228,98),(228,99),(229,61),(229,63),(229,64),(229,66),(229,67),(229,68),(229,69),(229,70),(229,75),(229,80),(229,81),(229,83),(229,85),(229,86),(229,87),(229,89),(229,92),(229,94),(229,95),(229,96),(229,98),(229,99),(229,100),(230,61),(230,62),(230,64),(230,65),(230,66),(230,67),(230,68),(230,70),(230,72),(230,77),(230,81),(230,83),(230,85),(230,87),(230,90),(230,91),(230,92),(230,93),(230,94),(230,95),(230,96),(230,97),(230,100),(231,61),(231,64),(231,65),(231,67),(231,69),(231,70),(231,75),(231,77),(231,79),(231,80),(231,82),(231,84),(231,86),(231,87),(231,89),(231,90),(231,91),(231,92),(232,62),(232,64),(232,67),(232,69),(232,70),(232,73),(232,77),(232,79),(232,80),(232,84),(232,89),(232,90),(232,93),(232,94),(232,95),(233,61),(233,63),(233,65),(233,67),(233,68),(233,70),(233,72),(233,73),(233,75),(233,77),(233,79),(233,85),(233,86),(233,87),(233,89),(233,91),(233,93),(233,94),(233,96),(233,100),(234,61),(234,62),(234,63),(234,64),(234,65),(234,66),(234,68),(234,69),(234,70),(234,72),(234,73),(234,76),(234,78),(234,79),(234,80),(234,81),(234,82),(234,83),(234,84),(234,85),(234,86),(234,90),(234,93),(234,96),(234,97),(234,98),(234,100),(235,62),(235,65),(235,66),(235,68),(235,70),(235,71),(235,72),(235,73),(235,74),(235,77),(235,79),(235,80),(235,82),(235,83),(235,84),(235,85),(235,86),(235,87),(235,91),(235,93),(235,95),(235,96),(235,98),(235,99),(235,100),(236,61),(236,63),(236,65),(236,74),(236,75),(236,76),(236,77),(236,78),(236,81),(236,82),(236,83),(236,84),(236,86),(236,90),(236,91),(236,93),(236,100),(237,61),(237,62),(237,64),(237,67),(237,69),(237,72),(237,73),(237,75),(237,76),(237,80),(237,82),(237,83),(237,85),(237,86),(237,88),(237,89),(237,92),(237,95),(237,98),(237,99),(238,62),(238,63),(238,67),(238,70),(238,71),(238,75),(238,76),(238,77),(238,79),(238,81),(238,83),(238,84),(238,85),(238,86),(238,90),(238,94),(238,96),(238,97),(238,98),(238,99),(239,62),(239,64),(239,67),(239,69),(239,71),(239,72),(239,73),(239,74),(239,75),(239,76),(239,77),(239,78),(239,79),(239,81),(239,83),(239,86),(239,87),(239,88),(239,89),(239,91),(239,92),(239,94),(239,95),(239,99),(240,61),(240,62),(240,63),(240,64),(240,66),(240,68),(240,70),(240,71),(240,72),(240,76),(240,77),(240,80),(240,81),(240,84),(240,85),(240,87),(240,89),(240,90),(240,95),(240,97),(240,100),(241,63),(241,66),(241,67),(241,68),(241,73),(241,76),(241,77),(241,82),(241,83),(241,84),(241,86),(241,87),(241,88),(241,89),(241,90),(241,92),(241,93),(241,96),(241,98),(241,99),(241,100),(242,61),(242,63),(242,64),(242,66),(242,68),(242,70),(242,72),(242,74),(242,75),(242,76),(242,77),(242,80),(242,82),(242,84),(242,87),(242,88),(242,92),(242,95),(242,96),(242,98),(242,99),(243,61),(243,63),(243,65),(243,66),(243,67),(243,69),(243,72),(243,73),(243,74),(243,75),(243,80),(243,81),(243,82),(243,83),(243,88),(243,89),(243,90),(243,93),(243,94),(243,96),(243,98),(243,100),(244,62),(244,64),(244,65),(244,66),(244,68),(244,73),(244,76),(244,81),(244,84),(244,85),(244,87),(244,88),(244,91),(244,92),(244,93),(244,98),(244,99),(244,100),(245,62),(245,64),(245,65),(245,66),(245,67),(245,69),(245,72),(245,74),(245,75),(245,79),(245,82),(245,83),(245,84),(245,86),(245,87),(245,88),(245,89),(245,90),(245,96),(245,97),(245,100),(246,61),(246,62),(246,66),(246,67),(246,70),(246,72),(246,75),(246,76),(246,79),(246,82),(246,83),(246,84),(246,85),(246,88),(246,91),(246,93),(246,94),(246,96),(246,97),(246,98),(247,61),(247,71),(247,72),(247,73),(247,75),(247,76),(247,78),(247,79),(247,80),(247,81),(247,83),(247,84),(247,85),(247,88),(247,91),(247,94),(247,95),(247,96),(247,97),(247,99),(247,100),(248,61),(248,66),(248,68),(248,69),(248,74),(248,79),(248,81),(248,82),(248,83),(248,87),(248,88),(248,89),(248,91),(248,93),(248,94),(248,95),(248,96),(248,99),(249,62),(249,65),(249,66),(249,67),(249,68),(249,69),(249,71),(249,72),(249,73),(249,74),(249,76),(249,78),(249,79),(249,83),(249,84),(249,87),(249,88),(249,92),(249,93),(249,98),(249,99),(249,100),(250,62),(250,63),(250,64),(250,69),(250,71),(250,72),(250,74),(250,77),(250,78),(250,79),(250,80),(250,81),(250,83),(250,84),(250,85),(250,88),(250,89),(250,92),(250,93),(250,94),(250,95),(250,96),(250,99),(251,62),(251,64),(251,67),(251,68),(251,69),(251,70),(251,71),(251,78),(251,81),(251,83),(251,85),(251,87),(251,89),(251,90),(251,91),(251,95),(251,99),(252,61),(252,62),(252,63),(252,65),(252,66),(252,67),(252,68),(252,69),(252,71),(252,72),(252,73),(252,75),(252,76),(252,78),(252,79),(252,81),(252,84),(252,93),(252,94),(252,96),(252,98),(252,100),(253,64),(253,65),(253,66),(253,67),(253,71),(253,72),(253,75),(253,76),(253,77),(253,79),(253,80),(253,83),(253,85),(253,86),(253,87),(253,88),(253,91),(253,94),(253,95),(253,98),(253,100),(254,61),(254,62),(254,65),(254,68),(254,69),(254,73),(254,74),(254,75),(254,77),(254,79),(254,80),(254,83),(254,90),(254,91),(254,92),(254,94),(254,95),(254,96),(254,97),(254,98),(254,99),(255,61),(255,65),(255,67),(255,72),(255,73),(255,74),(255,75),(255,76),(255,78),(255,79),(255,82),(255,83),(255,86),(255,88),(255,89),(255,91),(255,92),(255,93),(255,95),(255,96),(255,99),(256,63),(256,64),(256,65),(256,66),(256,68),(256,70),(256,71),(256,72),(256,73),(256,77),(256,78),(256,80),(256,83),(256,84),(256,85),(256,86),(256,88),(256,93),(256,94),(256,95),(257,61),(257,63),(257,64),(257,67),(257,70),(257,75),(257,76),(257,78),(257,87),(257,94),(257,97),(257,99),(257,100),(258,63),(258,65),(258,71),(258,72),(258,73),(258,74),(258,75),(258,77),(258,81),(258,82),(258,89),(258,90),(258,91),(258,93),(258,94),(258,95),(258,97),(258,100),(259,64),(259,65),(259,67),(259,68),(259,69),(259,70),(259,72),(259,77),(259,79),(259,80),(259,84),(259,87),(259,89),(259,90),(259,92),(259,94),(259,95),(259,96),(259,98),(259,99),(260,62),(260,65),(260,66),(260,73),(260,74),(260,78),(260,79),(260,80),(260,82),(260,86),(260,88),(260,91),(260,93),(260,94),(260,96),(260,98),(261,61),(261,62),(261,63),(261,66),(261,67),(261,70),(261,73),(261,74),(261,76),(261,78),(261,79),(261,81),(261,84),(261,86),(261,87),(261,90),(261,91),(261,94),(261,95),(261,97),(261,98),(261,99),(262,62),(262,64),(262,65),(262,67),(262,69),(262,73),(262,75),(262,80),(262,82),(262,83),(262,84),(262,86),(262,87),(262,92),(262,95),(262,96),(262,97),(262,98),(263,62),(263,64),(263,67),(263,68),(263,71),(263,72),(263,75),(263,78),(263,85),(263,86),(263,91),(263,92),(263,94),(263,96),(263,97),(263,98),(264,62),(264,63),(264,64),(264,70),(264,71),(264,73),(264,74),(264,75),(264,76),(264,78),(264,80),(264,83),(264,84),(264,85),(264,86),(264,90),(264,91),(264,93),(264,96),(264,97),(264,98),(264,99),(264,100),(265,61),(265,64),(265,65),(265,66),(265,67),(265,68),(265,69),(265,70),(265,71),(265,76),(265,77),(265,78),(265,79),(265,81),(265,83),(265,84),(265,85),(265,86),(265,89),(265,95),(265,96),(265,97),(265,100),(266,61),(266,63),(266,64),(266,65),(266,67),(266,68),(266,69),(266,70),(266,71),(266,76),(266,77),(266,81),(266,83),(266,94),(266,95),(266,96),(267,61),(267,62),(267,63),(267,65),(267,66),(267,67),(267,68),(267,69),(267,70),(267,71),(267,72),(267,73),(267,75),(267,77),(267,79),(267,82),(267,83),(267,84),(267,86),(267,88),(267,89),(267,90),(267,92),(267,93),(267,95),(267,97),(267,100),(268,61),(268,62),(268,64),(268,66),(268,68),(268,73),(268,76),(268,78),(268,79),(268,81),(268,82),(268,86),(268,87),(268,89),(268,92),(268,96),(268,98),(268,100),(269,62),(269,66),(269,68),(269,70),(269,71),(269,73),(269,74),(269,77),(269,79),(269,81),(269,82),(269,83),(269,84),(269,86),(269,87),(269,89),(269,92),(269,93),(269,95),(269,97),(269,98),(269,99),(270,61),(270,62),(270,64),(270,66),(270,68),(270,69),(270,70),(270,71),(270,75),(270,76),(270,78),(270,82),(270,83),(270,85),(270,86),(270,87),(270,88),(270,90),(270,91),(270,92),(270,93),(270,95),(270,96),(270,97),(270,98),(270,100),(271,61),(271,63),(271,64),(271,68),(271,70),(271,76),(271,77),(271,86),(271,87),(271,88),(271,92),(271,93),(271,95),(271,96),(271,97),(271,100),(272,61),(272,63),(272,66),(272,70),(272,72),(272,73),(272,74),(272,75),(272,77),(272,78),(272,79),(272,80),(272,81),(272,83),(272,84),(272,85),(272,86),(272,88),(272,90),(272,91),(272,94),(272,95),(273,61),(273,62),(273,63),(273,65),(273,66),(273,73),(273,74),(273,75),(273,78),(273,80),(273,81),(273,83),(273,85),(273,86),(273,93),(273,98),(273,99),(273,100),(274,62),(274,64),(274,65),(274,68),(274,71),(274,72),(274,73),(274,77),(274,80),(274,81),(274,83),(274,86),(274,88),(274,89),(274,94),(274,96),(274,98),(274,99),(275,63),(275,65),(275,69),(275,71),(275,72),(275,73),(275,76),(275,77),(275,79),(275,82),(275,83),(275,88),(275,89),(275,92),(275,94),(275,95),(275,100),(276,63),(276,64),(276,66),(276,68),(276,69),(276,70),(276,72),(276,73),(276,75),(276,76),(276,77),(276,78),(276,79),(276,80),(276,82),(276,83),(276,84),(276,85),(276,88),(276,89),(276,92),(276,93),(276,96),(276,98),(276,99),(276,100),(277,61),(277,62),(277,63),(277,65),(277,66),(277,68),(277,69),(277,71),(277,72),(277,73),(277,75),(277,76),(277,77),(277,78),(277,81),(277,82),(277,86),(277,88),(277,89),(277,90),(277,91),(277,92),(277,96),(277,99),(278,62),(278,64),(278,65),(278,66),(278,67),(278,68),(278,69),(278,71),(278,72),(278,77),(278,78),(278,80),(278,83),(278,84),(278,86),(278,90),(278,92),(278,96),(278,100),(279,62),(279,64),(279,65),(279,66),(279,67),(279,68),(279,70),(279,72),(279,79),(279,81),(279,84),(279,85),(279,88),(279,90),(279,93),(279,95),(279,97),(279,98),(280,64),(280,65),(280,67),(280,70),(280,71),(280,73),(280,76),(280,80),(280,81),(280,85),(280,89),(280,93),(280,95),(280,96),(280,98),(280,100),(281,62),(281,63),(281,65),(281,66),(281,72),(281,76),(281,78),(281,79),(281,82),(281,85),(281,86),(281,88),(281,92),(281,94),(281,95),(281,96),(281,97),(281,100),(282,62),(282,63),(282,64),(282,65),(282,66),(282,67),(282,69),(282,70),(282,72),(282,74),(282,77),(282,79),(282,80),(282,81),(282,82),(282,83),(282,85),(282,86),(282,89),(282,90),(282,93),(282,94),(282,96),(282,97),(283,61),(283,64),(283,65),(283,68),(283,70),(283,71),(283,77),(283,81),(283,82),(283,83),(283,84),(283,86),(283,87),(283,88),(283,89),(283,98),(283,99),(283,100),(284,63),(284,64),(284,65),(284,67),(284,68),(284,69),(284,70),(284,71),(284,72),(284,74),(284,76),(284,78),(284,80),(284,82),(284,84),(284,88),(284,90),(284,92),(284,95),(284,99),(285,65),(285,66),(285,67),(285,71),(285,75),(285,76),(285,77),(285,78),(285,79),(285,80),(285,81),(285,83),(285,84),(285,85),(285,87),(285,89),(285,91),(285,93),(285,98),(285,99),(285,100),(286,61),(286,62),(286,63),(286,64),(286,66),(286,68),(286,69),(286,75),(286,78),(286,80),(286,81),(286,82),(286,85),(286,86),(286,91),(286,93),(286,98),(286,99),(286,100),(287,62),(287,63),(287,68),(287,70),(287,74),(287,77),(287,78),(287,79),(287,80),(287,81),(287,83),(287,86),(287,87),(287,88),(287,89),(287,90),(287,95),(287,98),(287,99),(287,100),(288,62),(288,63),(288,64),(288,67),(288,72),(288,73),(288,76),(288,79),(288,80),(288,82),(288,84),(288,85),(288,88),(288,89),(288,91),(288,92),(288,93),(288,95),(288,97),(289,61),(289,63),(289,64),(289,65),(289,71),(289,72),(289,75),(289,77),(289,78),(289,80),(289,81),(289,83),(289,85),(289,89),(289,90),(289,91),(289,93),(289,95),(289,97),(289,100),(290,61),(290,62),(290,63),(290,68),(290,71),(290,73),(290,74),(290,76),(290,77),(290,81),(290,82),(290,83),(290,85),(290,86),(290,88),(290,89),(290,91),(290,92),(290,94),(290,97),(290,98),(291,61),(291,63),(291,64),(291,66),(291,67),(291,72),(291,74),(291,75),(291,80),(291,81),(291,84),(291,85),(291,88),(291,91),(291,94),(291,95),(291,96),(292,62),(292,63),(292,64),(292,65),(292,66),(292,67),(292,71),(292,72),(292,73),(292,77),(292,78),(292,79),(292,80),(292,81),(292,85),(292,88),(292,93),(292,94),(292,95),(292,96),(292,97),(292,98),(292,99),(293,62),(293,63),(293,64),(293,70),(293,71),(293,77),(293,78),(293,79),(293,82),(293,83),(293,88),(293,96),(293,97),(293,98),(293,99),(294,61),(294,62),(294,64),(294,65),(294,66),(294,68),(294,70),(294,73),(294,79),(294,80),(294,82),(294,83),(294,86),(294,96),(294,100),(295,61),(295,63),(295,67),(295,69),(295,74),(295,76),(295,78),(295,79),(295,80),(295,85),(295,87),(295,89),(295,91),(295,94),(295,95),(295,96),(295,97),(295,98),(295,99),(296,63),(296,64),(296,66),(296,69),(296,72),(296,75),(296,78),(296,79),(296,80),(296,82),(296,86),(296,88),(296,91),(296,94),(296,97),(296,98),(296,100),(297,61),(297,62),(297,65),(297,66),(297,68),(297,69),(297,70),(297,71),(297,72),(297,74),(297,75),(297,76),(297,81),(297,82),(297,83),(297,84),(297,86),(297,87),(297,91),(297,93),(297,94),(297,98),(297,99),(297,100),(298,61),(298,62),(298,65),(298,69),(298,71),(298,74),(298,75),(298,76),(298,79),(298,81),(298,83),(298,85),(298,87),(298,89),(298,90),(298,91),(298,92),(298,93),(298,95),(298,97),(298,98),(299,62),(299,64),(299,68),(299,70),(299,72),(299,74),(299,75),(299,77),(299,85),(299,86),(299,87),(299,88),(299,89),(299,90),(299,92),(299,95),(299,97),(299,98),(299,100),(300,61),(300,62),(300,63),(300,65),(300,66),(300,67),(300,68),(300,70),(300,76),(300,80),(300,81),(300,83),(300,84),(300,85),(300,86),(300,93),(300,94),(300,99),(300,100),(301,64),(301,65),(301,66),(301,67),(301,68),(301,69),(301,71),(301,72),(301,73),(301,75),(301,77),(301,79),(301,80),(301,81),(301,83),(301,85),(301,91),(301,95),(301,97),(302,61),(302,63),(302,65),(302,66),(302,68),(302,71),(302,72),(302,73),(302,75),(302,77),(302,78),(302,80),(302,81),(302,82),(302,83),(302,85),(302,86),(302,87),(302,88),(302,90),(302,91),(302,95),(302,96),(302,98),(302,99),(303,64),(303,65),(303,66),(303,67),(303,68),(303,71),(303,84),(303,86),(303,87),(303,88),(303,89),(303,92),(303,93),(303,96),(303,98),(303,100),(304,62),(304,64),(304,65),(304,66),(304,67),(304,68),(304,69),(304,71),(304,73),(304,75),(304,78),(304,80),(304,83),(304,84),(304,85),(304,89),(304,90),(304,92),(304,94),(304,99),(305,61),(305,62),(305,65),(305,66),(305,68),(305,71),(305,76),(305,77),(305,78),(305,80),(305,81),(305,82),(305,83),(305,84),(305,86),(305,87),(305,91),(305,92),(305,93),(305,97),(306,62),(306,64),(306,67),(306,68),(306,69),(306,70),(306,71),(306,72),(306,82),(306,86),(306,88),(306,89),(306,90),(306,94),(306,96),(306,97),(306,100),(307,61),(307,62),(307,63),(307,64),(307,65),(307,67),(307,68),(307,69),(307,71),(307,73),(307,75),(307,76),(307,77),(307,79),(307,80),(307,81),(307,82),(307,83),(307,84),(307,85),(307,88),(307,92),(307,93),(307,97),(307,99),(308,65),(308,66),(308,68),(308,69),(308,71),(308,76),(308,77),(308,78),(308,81),(308,83),(308,85),(308,87),(308,89),(308,90),(308,93),(308,94),(308,95),(308,100),(309,61),(309,64),(309,65),(309,66),(309,67),(309,69),(309,70),(309,71),(309,72),(309,75),(309,76),(309,78),(309,79),(309,81),(309,83),(309,85),(309,86),(309,88),(309,89),(309,90),(309,93),(309,96),(309,98),(310,61),(310,62),(310,63),(310,64),(310,72),(310,74),(310,75),(310,76),(310,78),(310,79),(310,81),(310,82),(310,83),(310,84),(310,85),(310,86),(310,90),(310,92),(310,93),(310,95),(310,97),(310,100),(311,63),(311,64),(311,67),(311,71),(311,74),(311,76),(311,79),(311,80),(311,85),(311,86),(311,88),(311,91),(311,92),(311,93),(311,94),(311,95),(311,96),(311,98),(311,100),(312,65),(312,66),(312,67),(312,70),(312,71),(312,72),(312,74),(312,79),(312,81),(312,83),(312,85),(312,86),(312,88),(312,90),(312,93),(312,97),(312,98),(312,99),(313,63),(313,64),(313,66),(313,68),(313,69),(313,70),(313,73),(313,76),(313,77),(313,80),(313,81),(313,82),(313,84),(313,85),(313,86),(313,87),(313,88),(313,89),(313,90),(313,92),(313,93),(313,96),(313,99),(314,61),(314,62),(314,67),(314,68),(314,71),(314,76),(314,77),(314,79),(314,80),(314,81),(314,86),(314,88),(314,89),(314,90),(314,92),(314,93),(314,95),(314,98),(314,99),(315,65),(315,66),(315,68),(315,71),(315,72),(315,74),(315,76),(315,77),(315,81),(315,83),(315,86),(315,89),(315,94),(315,95),(315,96),(315,98),(316,62),(316,63),(316,64),(316,67),(316,68),(316,69),(316,70),(316,73),(316,75),(316,76),(316,77),(316,80),(316,81),(316,82),(316,84),(316,85),(316,88),(316,89),(316,90),(316,91),(316,92),(316,93),(316,94),(316,95),(316,96),(316,97),(316,98),(317,63),(317,64),(317,65),(317,68),(317,72),(317,75),(317,76),(317,77),(317,78),(317,80),(317,82),(317,85),(317,86),(317,90),(317,93),(317,94),(317,95),(317,98),(317,100),(318,64),(318,66),(318,70),(318,72),(318,77),(318,79),(318,80),(318,85),(318,88),(318,90),(318,91),(318,92),(318,95),(318,97),(318,98),(318,99),(318,100),(319,61),(319,63),(319,64),(319,65),(319,71),(319,72),(319,75),(319,77),(319,81),(319,85),(319,91),(319,92),(319,94),(319,95),(319,98),(319,99),(319,100),(320,61),(320,64),(320,67),(320,68),(320,69),(320,71),(320,74),(320,75),(320,76),(320,78),(320,79),(320,82),(320,83),(320,85),(320,88),(320,90),(320,91),(320,92),(320,94),(320,95),(320,96),(320,97),(320,98),(320,100),(321,62),(321,63),(321,64),(321,65),(321,66),(321,67),(321,69),(321,70),(321,73),(321,76),(321,77),(321,78),(321,83),(321,84),(321,86),(321,87),(321,90),(321,91),(321,92),(321,93),(321,94),(321,98),(321,99),(322,63),(322,64),(322,66),(322,69),(322,70),(322,72),(322,73),(322,76),(322,82),(322,83),(322,84),(322,86),(322,89),(322,90),(322,92),(322,93),(322,95),(322,97),(322,98),(322,99),(322,100),(323,61),(323,64),(323,68),(323,69),(323,70),(323,72),(323,74),(323,76),(323,77),(323,79),(323,83),(323,87),(323,88),(323,90),(323,91),(323,93),(323,96),(323,98),(323,99),(323,100),(324,61),(324,62),(324,64),(324,65),(324,68),(324,69),(324,70),(324,71),(324,72),(324,73),(324,75),(324,77),(324,78),(324,79),(324,80),(324,81),(324,90),(324,91),(324,93),(324,95),(324,96),(324,97),(324,99),(324,100),(325,61),(325,63),(325,68),(325,71),(325,74),(325,77),(325,80),(325,81),(325,84),(325,85),(325,87),(325,88),(325,89),(325,91),(325,92),(325,95),(325,97),(325,99),(325,100),(326,64),(326,68),(326,70),(326,71),(326,72),(326,74),(326,75),(326,78),(326,79),(326,80),(326,81),(326,82),(326,85),(326,89),(326,90),(326,92),(326,94),(326,95),(326,98),(326,99),(326,100),(327,61),(327,64),(327,66),(327,67),(327,69),(327,71),(327,73),(327,76),(327,77),(327,78),(327,80),(327,81),(327,82),(327,86),(327,89),(327,90),(327,92),(327,94),(327,97),(327,100),(328,61),(328,63),(328,65),(328,68),(328,69),(328,70),(328,73),(328,74),(328,75),(328,79),(328,81),(328,82),(328,85),(328,86),(328,87),(328,88),(328,90),(328,93),(328,100),(329,61),(329,62),(329,68),(329,70),(329,71),(329,72),(329,83),(329,84),(329,86),(329,88),(329,90),(329,97),(329,98),(329,99),(329,100),(330,62),(330,65),(330,68),(330,69),(330,70),(330,72),(330,73),(330,74),(330,75),(330,78),(330,79),(330,81),(330,82),(330,84),(330,85),(330,86),(330,88),(330,89),(330,90),(330,91),(330,94),(330,97),(330,99),(330,100),(331,64),(331,65),(331,66),(331,68),(331,69),(331,71),(331,73),(331,77),(331,78),(331,79),(331,82),(331,84),(331,85),(331,89),(331,90),(331,93),(331,96),(331,97),(331,98),(331,100),(332,63),(332,65),(332,67),(332,70),(332,74),(332,76),(332,77),(332,78),(332,79),(332,81),(332,85),(332,88),(332,89),(332,90),(332,91),(332,92),(332,96),(332,99),(332,100),(333,61),(333,64),(333,65),(333,66),(333,68),(333,69),(333,70),(333,72),(333,73),(333,74),(333,76),(333,82),(333,85),(333,86),(333,87),(333,88),(333,90),(333,93),(333,94),(333,95),(333,97),(333,98),(333,99),(334,61),(334,63),(334,68),(334,76),(334,77),(334,78),(334,80),(334,81),(334,84),(334,85),(334,86),(334,88),(334,89),(334,90),(334,92),(334,95),(334,98),(334,99),(334,100),(335,62),(335,63),(335,64),(335,65),(335,66),(335,67),(335,69),(335,70),(335,72),(335,73),(335,74),(335,80),(335,89),(335,90),(335,91),(335,92),(335,94),(335,96),(335,98),(336,64),(336,68),(336,70),(336,71),(336,72),(336,73),(336,82),(336,86),(336,87),(336,89),(336,91),(336,92),(336,97),(336,98),(336,99),(337,61),(337,66),(337,67),(337,71),(337,72),(337,73),(337,76),(337,78),(337,80),(337,83),(337,84),(337,86),(337,87),(337,89),(337,90),(337,91),(337,93),(337,94),(337,96),(337,97),(337,100),(338,62),(338,65),(338,68),(338,70),(338,76),(338,77),(338,78),(338,80),(338,81),(338,82),(338,83),(338,84),(338,87),(338,88),(338,91),(338,94),(338,96),(339,62),(339,64),(339,65),(339,66),(339,69),(339,70),(339,72),(339,74),(339,75),(339,76),(339,78),(339,79),(339,80),(339,82),(339,84),(339,87),(339,88),(339,90),(339,92),(339,93),(339,95),(339,98),(340,61),(340,65),(340,66),(340,67),(340,71),(340,72),(340,75),(340,77),(340,78),(340,81),(340,82),(340,84),(340,89),(340,92),(340,94),(340,96),(340,98),(341,61),(341,62),(341,63),(341,66),(341,67),(341,68),(341,70),(341,71),(341,74),(341,75),(341,79),(341,81),(341,83),(341,84),(341,85),(341,86),(341,87),(341,88),(341,91),(341,92),(341,93),(341,95),(341,96),(341,97),(341,98),(341,99),(342,63),(342,65),(342,67),(342,70),(342,72),(342,76),(342,77),(342,78),(342,79),(342,80),(342,81),(342,82),(342,83),(342,84),(342,86),(342,91),(342,94),(342,95),(342,96),(342,97),(343,63),(343,65),(343,66),(343,68),(343,69),(343,73),(343,75),(343,76),(343,78),(343,82),(343,89),(343,91),(343,92),(343,93),(343,94),(343,95),(343,99),(344,61),(344,62),(344,66),(344,67),(344,68),(344,70),(344,71),(344,73),(344,74),(344,75),(344,79),(344,81),(344,82),(344,83),(344,84),(344,89),(344,91),(344,92),(344,97),(345,61),(345,62),(345,65),(345,67),(345,68),(345,72),(345,73),(345,74),(345,75),(345,76),(345,77),(345,78),(345,79),(345,80),(345,81),(345,82),(345,84),(345,86),(345,88),(345,90),(345,95),(345,96),(345,97),(346,62),(346,63),(346,64),(346,65),(346,66),(346,69),(346,70),(346,71),(346,72),(346,76),(346,78),(346,80),(346,83),(346,85),(346,86),(346,87),(346,88),(346,89),(346,95),(346,96),(346,98),(347,64),(347,65),(347,69),(347,71),(347,72),(347,77),(347,79),(347,81),(347,86),(347,88),(347,92),(347,95),(347,98),(348,62),(348,63),(348,65),(348,66),(348,70),(348,71),(348,72),(348,76),(348,78),(348,80),(348,87),(348,89),(348,94),(348,95),(348,97),(348,100),(349,64),(349,68),(349,69),(349,70),(349,72),(349,74),(349,77),(349,78),(349,79),(349,80),(349,83),(349,87),(349,88),(349,89),(349,90),(349,91),(349,92),(349,94),(349,95),(349,98),(349,99),(349,100),(350,61),(350,67),(350,68),(350,70),(350,71),(350,73),(350,74),(350,76),(350,79),(350,81),(350,84),(350,85),(350,88),(350,89),(350,90),(350,94),(350,95),(350,96),(350,97),(351,61),(351,64),(351,65),(351,67),(351,68),(351,69),(351,70),(351,72),(351,75),(351,76),(351,77),(351,82),(351,83),(351,85),(351,87),(351,88),(351,90),(351,94),(351,96),(351,97),(351,98),(351,99),(351,100),(352,61),(352,62),(352,64),(352,65),(352,66),(352,67),(352,71),(352,72),(352,73),(352,75),(352,76),(352,78),(352,82),(352,84),(352,85),(352,87),(352,90),(352,92),(352,93),(352,94),(352,95),(352,96),(352,100),(353,62),(353,65),(353,69),(353,72),(353,73),(353,74),(353,78),(353,83),(353,90),(353,92),(353,93),(353,95),(353,96),(353,100),(354,61),(354,63),(354,68),(354,69),(354,72),(354,74),(354,76),(354,77),(354,79),(354,82),(354,83),(354,88),(354,89),(354,94),(354,95),(354,99),(355,61),(355,62),(355,65),(355,68),(355,71),(355,72),(355,75),(355,76),(355,77),(355,85),(355,86),(355,88),(355,90),(355,94),(355,96),(355,98),(356,61),(356,62),(356,63),(356,64),(356,67),(356,68),(356,74),(356,77),(356,80),(356,82),(356,83),(356,89),(356,92),(356,93),(356,95),(356,96),(356,97),(356,99),(357,62),(357,65),(357,66),(357,68),(357,70),(357,73),(357,78),(357,81),(357,86),(357,87),(357,89),(357,93),(357,94),(357,95),(357,99),(358,61),(358,62),(358,66),(358,67),(358,71),(358,72),(358,73),(358,74),(358,75),(358,78),(358,82),(358,84),(358,86),(358,87),(358,89),(358,90),(358,91),(358,92),(358,94),(359,61),(359,62),(359,64),(359,67),(359,69),(359,70),(359,71),(359,72),(359,73),(359,75),(359,76),(359,77),(359,82),(359,83),(359,85),(359,89),(359,91),(359,97),(359,98),(359,100);
/*!40000 ALTER TABLE `usuario_descarga_cancion` ENABLE KEYS */;
UNLOCK TABLES;
/*!40103 SET TIME_ZONE=@OLD_TIME_ZONE */;

/*!40101 SET SQL_MODE=@OLD_SQL_MODE */;
/*!40014 SET FOREIGN_KEY_CHECKS=@OLD_FOREIGN_KEY_CHECKS */;
/*!40014 SET UNIQUE_CHECKS=@OLD_UNIQUE_CHECKS */;
/*!40101 SET CHARACTER_SET_CLIENT=@OLD_CHARACTER_SET_CLIENT */;
/*!40101 SET CHARACTER_SET_RESULTS=@OLD_CHARACTER_SET_RESULTS */;
/*!40101 SET COLLATION_CONNECTION=@OLD_COLLATION_CONNECTION */;
/*!40111 SET SQL_NOTES=@OLD_SQL_NOTES */;

-- Dump completed on 2023-06-06 16:48:02
